"Collision Report Number","Collision Date","County","City","Jurisdiction","Agency","Primary Trafficway","Secondary Trafficway","Block Number","Mile Post","School Zone","Intersection Related","Weather Condition","Lighting Condition","Injury Severity","Collision Type","Object Struck","Damage Threshold Met","Hit and Run","Motor Vehicles Involved","Passengers Involved","Commercial Carrier Involved","School Bus Involved","Pedestrians Involved","Pedalcyclists Involved"
"EA04873","1/1/2020 12:37:00 PM","Whatcom","Bellingham","State Road","State Patrol","I 5                 ","SR 542              ","","255.400","N","N","Clear","Daylight","No Injury Collision","","","Y","N","2","Y","N","N","0","0"
"EA04873","1/1/2020 12:37:00 PM","Whatcom","Bellingham","State Road","State Patrol","I 5                 ","SR 542              ","","255.400","N","N","Clear","Daylight","No Injury Collision","","","N","N","2","Y","N","N","0","0"
"EA04874","1/2/2020 10:28:00 AM","Whatcom","Ferndale","State Road","State Patrol","I 5                 ","SLATER RD           ","","260.100","N","Y","Overcast","Daylight","No Injury Collision","","DOT metal sign and sign post","Y","N","3","Y","Y","N","0","0"
"EA04879","1/2/2020 4:33:00 PM","Whatcom","Bellingham","State Road","State Patrol","I 5                 ","SR 542              ","","255.100","N","N","Raining","Dark-Street Lights On","No Injury Collision","","","Y","N","2","Y","N","N","0","0"
"EA11870","1/2/2020 4:55:00 PM","Whatcom","Bellingham","State Road","State Patrol","I 5                 ","STATE ROUTE 539     ","","256.200","N","N","Overcast","Dusk","No Injury Collision","","","Y","N","2","N","N","N","0","0"
"E999751","1/2/2020 10:15:00 PM","Whatcom","Bellingham","State Road","State Patrol","I 5                 ","OHIO ST             ","","253.820","N","N","Overcast","Dark-No Street Lights","Minor Injury Collision","","Metal Sign Post","Y","Y","1","N","N","N","0","0"
"EA00887","1/4/2020 12:25:00 PM","Whatcom","Sumas","State Road","State Patrol","SR 542              ","ANDERSON CREEK      ","","46.790","N","N","Snowing","Daylight","No Injury Collision","","none","Y","N","2","Y","N","N","0","0"
"EA04884","1/4/2020 2:50:00 PM","Whatcom","Ferndale","State Road","State Patrol","I 5                 ","MAIN ST             ","","262.600","N","N","Raining","Daylight","No Injury Collision","","Metal Sign Post","Y","N","1","N","N","N","0","0"
"EA04884","1/4/2020 2:50:00 PM","Whatcom","Ferndale","State Road","State Patrol","I 5                 ","MAIN ST             ","","262.600","N","N","Raining","Daylight","No Injury Collision","","Metal Sign Post","N","N","1","N","N","N","0","0"
"EA00173","1/4/2020 6:02:00 PM","Whatcom","Bellingham","State Road","State Patrol","I 5                 ","BAKERVIEW RD        ","","257.660","N","Y","Overcast","Dark-Street Lights On","No Injury Collision","","Guardrail","Y","N","2","Y","N","N","0","0"
"EA00890","1/5/2020 1:46:00 PM","Whatcom","Bellingham","State Road","State Patrol","SR 542              ","RIVERS EDGE LN      ","","32.000","N","N","Raining","Daylight","No Injury Collision","","Earth Bank or Ledge","Y","N","1","Y","N","N","0","0"
"EA00454","1/6/2020 3:35:00 PM","Whatcom","Nooksack","State Road","State Patrol","SR 9                ","POTTER RD           ","","76.900","N","N","Raining","Daylight","No Injury Collision","","Tree or Stump","Y","N","1","N","N","N","0","0"
"EA04888","1/6/2020 4:09:00 PM","Whatcom","Bellingham","State Road","State Patrol","I 5                 ","SR 539              ","","256.000","N","N","Raining","Dark-Street Lights On","No Injury Collision","","","N","N","3","Y","N","N","0","0"
"EA04888","1/6/2020 4:09:00 PM","Whatcom","Bellingham","State Road","State Patrol","I 5                 ","SR 539              ","","256.000","N","N","Raining","Dark-Street Lights On","No Injury Collision","","","Y","N","3","Y","N","N","0","0"
"EA00891","1/6/2020 4:19:00 PM","Whatcom","Bellingham","State Road","State Patrol","I 5                 ","SR 542              ","","254.900","N","N","Raining","Dark-Street Lights On","Minor Injury Collision","","","Y","N","3","Y","N","N","0","0"
"EA00175","1/6/2020 4:45:00 PM","Whatcom","Bellingham","State Road","State Patrol","I 5                 ","LAKEWAY DRIVE       ","","252.400","N","N","Raining","Dark-Street Lights On","No Injury Collision","","","Y","N","3","Y","N","N","0","0"
"EA00889","1/7/2020 1:40:00 PM","Whatcom","Bellingham","State Road","State Patrol","I 5                 ","BAKERVIEW ROAD      ","","257.200","N","N","Raining","Daylight","No Injury Collision","","CABLE BARRIER","Y","N","2","N","N","N","0","0"
"EA02755","1/7/2020 6:05:00 PM","Whatcom","Ferndale","State Road","State Patrol","I 5                 ","PORTAL WAY          ","","263.100","N","N","Raining","Dark-No Street Lights","No Injury Collision","","","Y","N","2","Y","N","N","0","0"
"EA02757","1/7/2020 6:30:00 PM","Whatcom","Ferndale","State Road","State Patrol","I 5                 ","MAIN ST             ","","262.390","N","N","Raining","Dark-No Street Lights","No Injury Collision","","","Y","N","2","Y","N","N","0","0"
"EA00892","1/8/2020 9:28:00 AM","Whatcom","Bellingham","State Road","State Patrol","SR 539              ","LAUREL RD           ","5911  ","","N","Y","Raining","Daylight","No Injury Collision","","","Y","N","2","Y","N","N","0","0"
"EA04887","1/8/2020 4:20:00 PM","Whatcom","Bellingham","State Road","State Patrol","I 5                 ","IOWA STREET         ","","253.500","N","N","Raining","Dusk","No Injury Collision","","","Y","Y","2","N","N","N","0","0"
"EA00893","1/8/2020 4:50:00 PM","Whatcom","Ferndale","State Road","State Patrol","I 5                 ","PORTAL WAY          ","","263.100","N","N","Raining","Dark-Street Lights On","No Injury Collision","","","Y","N","2","N","N","N","0","0"
"EA07466","1/8/2020 5:00:00 PM","Whatcom","Ferndale","State Road","State Patrol","I-5                 ","PORTAL WAY          ","","263.000","N","N","Clear","Dark-No Street Lights","Minor Injury Collision","","","Y","N","2","Y","N","N","0","0"
"EA04885","1/8/2020 5:22:00 PM","Whatcom","Bellingham","State Road","State Patrol","SR 542              ","TRUCK RD            ","","15.900","N","N","Snowing","Dark-No Street Lights","No Injury Collision","","","Y","N","2","N","N","N","0","0"
"EA02759","1/8/2020 5:27:00 PM","Whatcom","Ferndale","State Road","State Patrol","I 5                 ","PORTAL WAY          ","","263.000","N","N","Clear","Dusk","No Injury Collision","","","Y","N","2","Y","N","N","0","0"
"EA04258","1/8/2020 5:27:00 PM","Whatcom","Ferndale","State Road","State Patrol","I 5                 ","PORTAL WAY          ","","263.000","N","N","Clear","Dusk","No Injury Collision","","","Y","N","3","N","N","N","0","0"
"EA04257","1/9/2020 1:31:00 PM","Whatcom","Bellingham","State Road","State Patrol","SR 539              ","SR 544              ","","7.510","N","Y","Overcast","Daylight","No Injury Collision","","","Y","N","2","N","N","N","0","0"
"EA04892","1/9/2020 5:25:00 PM","Whatcom","Bellingham","State Road","State Patrol","SR 539              ","SMITH RD            ","","3.400","N","N","Overcast","Dark-Street Lights On","Minor Injury Collision","","","Y","N","2","Y","N","N","0","0"
"EA02760","1/9/2020 9:02:00 PM","Whatcom","Bellingham","State Road","State Patrol","SR 9                ","MOSQUITO LAKE RD    ","","92.400","N","N","Fog or Smog or Smoke","Dark-Street Lights On","No Injury Collision","","Bridge Rail","N","N","1","Y","N","N","0","0"
"EA02760","1/9/2020 9:02:00 PM","Whatcom","Bellingham","State Road","State Patrol","SR 9                ","MOSQUITO LAKE RD    ","","92.400","N","N","Fog or Smog or Smoke","Dark-Street Lights On","No Injury Collision","","Bridge Rail","Y","N","1","Y","N","N","0","0"
"EA04256","1/10/2020 6:19:00 AM","Whatcom","Bainbridge Island","State Road","State Patrol","I5                  ","NULLE RD            ","","242.900","N","N","Snowing","Dark-Street Lights On","No Injury Collision","","Guardrail","Y","N","1","N","N","N","0","0"
"EA04259","1/10/2020 7:03:00 AM","Whatcom","Ferndale","State Road","State Patrol","I 5                 ","GRANDVIEW RD        ","","265.200","N","N","Clear","Dark-No Street Lights","No Injury Collision","","CABLE BARRIER","Y","N","1","N","N","N","0","0"
"EA04876","1/10/2020 9:28:00 AM","Whatcom","Bellingham","State Road","State Patrol","SR 542              ","TWIN LAKES ROAD     ","","46.000","N","N","Clear","Daylight","No Injury Collision","","Tree","Y","N","1","Y","N","N","0","0"
"EA04886","1/10/2020 1:56:00 PM","Whatcom","Bellingham","State Road","State Patrol","SR 542              ","NF 3070             ","","477.000","N","N","Snowing","Daylight","No Injury Collision","","Tree","Y","N","2","N","N","N","0","0"
"EA04889","1/11/2020 5:37:00 AM","Whatcom","Bellingham","State Road","State Patrol","SR 542              ","SAND ROAD           ","","7.000","N","N","Raining","Dark - Unknown Lighting","Minor Injury Collision","","","N","Y","2","N","N","N","0","0"
"EA04710","1/12/2020 6:40:00 PM","Whatcom","Bellingham","State Road","State Patrol","I 5                 ","N LAKE SAMISH       ","","244.200","N","N","Snowing","Daylight","No Injury Collision","","","Y","Y","3","N","N","N","0","0"
"EA07399","1/12/2020 7:20:00 PM","Whatcom","Bellingham","State Road","State Patrol","I 5                 ","LAKE SAMISH ROAD    ","","245.300","N","N","Clear","Dark-No Street Lights","No Injury Collision","","","Y","N","2","Y","Y","N","0","0"
"EA07399","1/12/2020 7:20:00 PM","Whatcom","Bellingham","State Road","State Patrol","I 5                 ","LAKE SAMISH ROAD    ","","245.300","N","N","Clear","Dark-No Street Lights","No Injury Collision","","","N","N","2","Y","Y","N","0","0"
"EA04709","1/12/2020 10:48:00 PM","Whatcom","Bellingham","State Road","State Patrol","I 5                 ","N LAKE SAMISH       ","","246.020","N","N","Snowing","Dark-Street Lights On","Minor Injury Collision","","trees","Y","N","1","N","N","N","0","0"
"EA04883","1/13/2020 6:00:00 AM","Whatcom","Blaine","State Road","State Patrol","I 5                 ","LOOMIS TRAIL RD     ","","271.500","N","N","Clear","Dark-No Street Lights","No Injury Collision","","Earth Bank or Ledge","Y","N","1","N","N","N","0","0"
"EA04891","1/13/2020 6:06:00 AM","Whatcom","Blaine","State Road","State Patrol","NB I-5              ","LOOMIS TRAIL ROAD   ","","271.800","N","N","Overcast","Dark-No Street Lights","No Injury Collision","","Earth Bank or Ledge","Y","N","1","N","Y","N","0","0"
"EA04893","1/13/2020 11:00:00 AM","Whatcom","Lynden","State Road","State Patrol","SR 546              ","LINE ROAD           ","","2.900","N","N","Overcast","Daylight","No Injury Collision","","Utility Pole","N","N","1","Y","N","N","0","0"
"EA04893","1/13/2020 11:00:00 AM","Whatcom","Lynden","State Road","State Patrol","SR 546              ","LINE ROAD           ","","2.900","N","N","Overcast","Daylight","No Injury Collision","","Utility Pole","Y","N","1","Y","N","N","0","0"
"EA18014","1/13/2020 10:56:00 PM","Whatcom","Bellingham","State Road","State Patrol","SR 542              ","SILVER LAKE ROAD    ","","30.250","N","N","Snowing","Dark-No Street Lights","No Injury Collision","","","Y","N","1","N","N","N","0","0"
"EA04896","1/14/2020 8:17:00 AM","Whatcom","Bellingham","State Road","State Patrol","NB I-5              ","NORTHWEST AVE       ","","256.700","N","N","Snowing","Daylight","No Injury Collision","","Cable barrier post","Y","N","1","N","N","N","0","0"
"EA04896","1/14/2020 8:17:00 AM","Whatcom","Bellingham","State Road","State Patrol","NB I-5              ","NORTHWEST AVE       ","","256.700","N","N","Snowing","Daylight","No Injury Collision","","Cable barrier post","N","N","1","N","N","N","0","0"
"EA04711","1/14/2020 6:40:00 PM","Whatcom","Bellingham","State Road","State Patrol","I 5                 ","SR 542              ","","254.400","N","N","Snowing","Dark-Street Lights On","No Injury Collision","","concrete retaining wall","N","N","1","N","N","N","0","0"
"EA04711","1/14/2020 6:40:00 PM","Whatcom","Bellingham","State Road","State Patrol","I 5                 ","SR 542              ","","254.400","N","N","Snowing","Dark-Street Lights On","No Injury Collision","","concrete retaining wall","Y","N","1","N","N","N","0","0"
"EA06162","1/14/2020 7:20:00 PM","Whatcom","Bellingham","State Road","State Patrol","I 5                 ","SR 11               ","","251.100","N","N","Snowing","Dark-Street Lights On","No Injury Collision","","ditch","Y","N","1","N","N","N","0","0"
"EA06163","1/14/2020 8:49:00 PM","Whatcom","Bellingham","State Road","State Patrol","I 5                 ","SR 11               ","","247.870","N","N","Snowing","Dark-No Street Lights","No Injury Collision","","Concrete/Jersey Barrier","Y","N","1","N","N","N","0","0"
"EA04897","1/15/2020 7:45:00 AM","Whatcom","Bellingham","State Road","State Patrol","I 5                 ","SR 539              ","","256.000","N","Y","Clear","Daylight","No Injury Collision","","","N","N","2","N","N","N","0","0"
"EA04897","1/15/2020 7:45:00 AM","Whatcom","Bellingham","State Road","State Patrol","I 5                 ","SR 539              ","","256.000","N","Y","Clear","Daylight","No Injury Collision","","","Y","N","2","N","N","N","0","0"
"EA04260","1/15/2020 8:45:00 AM","Whatcom","Bellingham","State Road","State Patrol","I5                  ","IOWA                ","","253.300","N","N","Overcast","Daylight","No Injury Collision","","SOUND WALL","Y","N","1","N","N","N","0","0"
"EA04260","1/15/2020 8:45:00 AM","Whatcom","Bellingham","State Road","State Patrol","I5                  ","IOWA                ","","253.300","N","N","Overcast","Daylight","No Injury Collision","","SOUND WALL","N","N","1","N","N","N","0","0"
"EA04895","1/15/2020 9:55:00 AM","Whatcom","Bellingham","State Road","State Patrol","I 5                 ","N. LAKE SAMISH ROAD ","","245.800","N","N","Clear","Daylight","No Injury Collision","","Ditch","Y","N","1","N","Y","N","0","0"
"EA06164","1/15/2020 7:34:00 PM","Whatcom","Bellingham","State Road","State Patrol","I 5                 ","SAMISH WAY          ","","252.200","N","N","Snowing","Dark-Street Lights On","No Injury Collision","","cable barrier","Y","N","1","N","N","N","0","0"
"EA06184","1/15/2020 8:00:00 PM","Whatcom","Blaine","State Road","State Patrol","I 5                 ","REST AREA           ","","267.700","N","N","Clear","Dark-No Street Lights","Minor Injury Collision","","Tree or Stump","Y","N","1","N","N","N","0","0"
"EA04261","1/15/2020 9:14:00 PM","Whatcom","Bellingham","State Road","State Patrol","I 5                 ","SR 11               ","","250.100","N","N","Snowing","Dark-No Street Lights","No Injury Collision","","Guardrail","Y","N","1","Y","N","N","0","0"
"EA04712","1/15/2020 10:00:00 PM","Whatcom","Nooksack","State Road","State Patrol","SR 9                ","DORAN RD            ","","68.900","N","N","Snowing","Dark-No Street Lights","No Injury Collision","","embankment","Y","N","1","N","N","N","0","0"
"EA04894","1/16/2020 5:15:00 PM","Whatcom","Bellingham","State Road","State Patrol","SR 539              ","LARSON RD           ","","3.000","N","N","Clear","Dark-Street Lights On","No Injury Collision","","Mailbox","Y","N","1","N","N","N","0","0"
"EA07469","1/16/2020 5:37:00 PM","Whatcom","Bellingham","State Road","State Patrol","I-5                 ","MERDIAN ST          ","","256.000","N","N","Overcast","Dark-No Street Lights","No Injury Collision","","CABLE BARRIER","Y","N","1","N","N","N","0","0"
"EA06188","1/17/2020 6:49:00 AM","Whatcom","Bellingham","State Road","State Patrol","I5                  ","SAMISH WAY          ","","252.200","N","N","Overcast","Dark-Street Lights On","No Injury Collision","","CABLE BARRIER","Y","N","1","N","N","N","0","0"
"EA04898","1/17/2020 7:00:00 AM","Whatcom","Bellingham","State Road","State Patrol","I 5                 ","SAMISH WAY          ","","252.000","N","Y","Clear","Dark-No Street Lights","No Injury Collision","","Concrete Jersey Barrier","Y","N","1","N","N","N","0","0"
"EA11873","1/18/2020 4:30:00 AM","Whatcom","Bellingham","State Road","State Patrol","SR 542              ","EASTWOOD RD         ","","22.000","N","N","Snowing","Dark-No Street Lights","No Injury Collision","","DOT SIGN","Y","N","1","N","N","N","0","0"
"EA04899","1/18/2020 7:22:00 AM","Whatcom","Ferndale","State Road","State Patrol","I 5                 ","SR 548              ","","266.000","N","N","Clear","Dawn","No Injury Collision","","Earth Bank or Ledge","Y","N","1","N","N","N","0","0"
"EA04900","1/18/2020 8:08:00 AM","Whatcom","Blaine","State Road","State Patrol","I 5                 ","BIRCHBAY LYNDEN ROAD","","270.000","N","N","Clear","Daylight","No Injury Collision","","Bushes","Y","N","1","Y","N","N","0","0"
"EA07468","1/20/2020 6:00:00 PM","Whatcom","Bellingham","State Road","State Patrol","I 5                 ","MCLEOD ROAD         ","","256.400","N","N","Overcast","Dark-Street Lights On","No Injury Collision","","","Y","N","2","N","N","N","0","0"
"EA06183","1/21/2020 9:28:00 AM","Whatcom","Bellingham","State Road","State Patrol","I 5                 ","OHIO ST             ","","253.900","N","N","Overcast","Daylight","No Injury Collision","","","Y","N","2","N","Y","N","0","0"
"EA07467","1/21/2020 5:15:00 PM","Whatcom","Bellingham","State Road","State Patrol","I 5                 ","NULLE ROAD          ","","244.200","N","N","Raining","Dark-No Street Lights","No Injury Collision","","","N","N","2","N","N","N","0","0"
"EA06186","1/22/2020 8:10:00 AM","Whatcom","Bellingham","State Road","State Patrol","I 5                 ","BAKERVIEW ROAD      ","","257.700","N","N","Clear","Daylight","No Injury Collision","","","Y","N","2","Y","N","N","0","0"
"EA06187","1/22/2020 2:35:00 PM","Whatcom","Lynden","State Road","State Patrol","SR 539              ","E. LAUREL ROAD      ","","5.100","N","N","Raining","Daylight","No Injury Collision","","","Y","N","2","N","N","N","0","0"
"EA07470","1/22/2020 3:55:00 PM","Whatcom","Lynden","State Road","State Patrol","SR 544              ","SR 539              ","332   ","","N","N","Raining","Daylight","No Injury Collision","","barbed wire fencing / bushes","Y","N","1","N","N","N","0","0"
"EA07471","1/22/2020 6:09:00 PM","Whatcom","Bellingham","State Road","State Patrol","I 5                 ","LAKEWAY DRIVE       ","","253.100","N","N","Raining","Dark-Street Lights On","No Injury Collision","","","Y","N","2","Y","N","N","0","0"
"EA09560","1/23/2020 3:25:00 PM","Whatcom","Lynden","State Road","State Patrol","SR 539              ","WISER LAKE RD       ","","8.560","N","Y","Raining","Daylight","No Injury Collision","","Metal Sign Post","Y","Y","1","N","N","N","0","0"
"EA13261","1/23/2020 11:21:00 PM","Whatcom","Bellingham","State Road","State Patrol","I-5                 ","S SAMISH WAY        ","","246.380","N","N","Overcast","Dark-No Street Lights","No Injury Collision","","Wrong Way sign","Y","N","1","N","N","N","0","0"
"EA13323","1/24/2020 6:10:00 AM","Whatcom","Bellingham","State Road","State Patrol","I 5                 ","NULLE ROAD          ","","243.900","Y","N","Raining","Dark-No Street Lights","No Injury Collision","","DIRT BANK","Y","N","1","N","N","N","0","0"
"EA07473","1/24/2020 5:48:00 PM","Whatcom","Bellingham","State Road","State Patrol","I 5                 ","NULLE ROAD          ","","244.000","N","N","Clear","Dark-No Street Lights","No Injury Collision","","Deer","Y","N","1","N","N","N","0","0"
"EA13322","1/25/2020 7:21:00 AM","Whatcom","Bellingham","State Road","State Patrol","I 5                 ","SAMISH WAY          ","","252.000","N","N","Raining","Daylight","No Injury Collision","","CHAINLINK FENCE/ TREE","Y","N","1","N","N","N","0","0"
"EA09561","1/26/2020 11:40:00 AM","Whatcom","Ferndale","State Road","State Patrol","I 5                 ","GRANDVIEW RD        ","","265.180","N","N","Raining","Daylight","No Injury Collision","","","Y","N","1","N","N","N","0","0"
"EA13214","1/27/2020 7:02:00 PM","Whatcom","Bellingham","State Road","State Patrol","I 5                 ","NULLE ROAD          ","","244.700","N","N","Raining","Dark-No Street Lights","Minor Injury Collision","","Guardrail","Y","N","1","Y","N","N","0","0"
"EA10838","1/28/2020 8:04:00 AM","Whatcom","Bellingham","State Road","State Patrol","I 5                 ","SLATER RD           ","","260.150","N","N","Raining","Daylight","Minor Injury Collision","","","Y","N","3","N","N","N","0","0"
"EA10838","1/28/2020 8:04:00 AM","Whatcom","Bellingham","State Road","State Patrol","I 5                 ","SLATER RD           ","","260.150","N","N","Raining","Daylight","Minor Injury Collision","","","N","N","3","N","N","N","0","0"
"EA11874","1/28/2020 7:15:00 PM","Whatcom","Lynden","State Road","State Patrol","SR 539              ","RIVER ROAD          ","","9.890","N","N","Raining","Dark-Street Lights On","No Injury Collision","","","Y","N","2","Y","N","N","0","0"
"EA10836","1/29/2020 3:19:00 PM","Whatcom","Bellingham","State Road","State Patrol","I 5                 ","SR 542              ","","254.820","N","N","Clear","Daylight","No Injury Collision","","","Y","N","2","Y","N","N","0","0"
"EA10836","1/29/2020 3:19:00 PM","Whatcom","Bellingham","State Road","State Patrol","I 5                 ","SR 542              ","","254.820","N","N","Clear","Daylight","No Injury Collision","","","N","N","2","Y","N","N","0","0"
"EA10837","1/29/2020 5:27:00 PM","Whatcom","Lynden","State Road","State Patrol","SR 539              ","SR 544              ","","7.510","N","Y","Raining","Dark-Street Lights On","No Injury Collision","","","Y","N","2","N","N","N","0","0"
"EA10835","1/30/2020 9:04:00 AM","Whatcom","Bellingham","State Road","State Patrol","I 5                 ","SR 11               ","","249.900","N","N","Clear","Daylight","No Injury Collision","","","Y","N","1","N","N","N","0","0"
"EA11872","1/30/2020 6:15:00 PM","Whatcom","Bellingham","State Road","State Patrol","I 5                 ","IOWA                ","","253.800","N","N","Raining","Dark-Street Lights On","Minor Injury Collision","","","Y","N","2","N","N","N","0","0"
"EA11875","1/30/2020 7:23:00 PM","Whatcom","Blaine","State Road","State Patrol","I-5                 ","SR 543              ","","276.000","N","N","Raining","Dark-No Street Lights","No Injury Collision","","metal cable barrier","Y","N","1","N","N","N","0","0"
"EA13213","1/30/2020 8:33:00 PM","Whatcom","Ferndale","State Road","State Patrol","I 5                 ","MAIN ST             ","","262.300","N","N","Raining","Dark-No Street Lights","No Injury Collision","","Fence","N","N","1","N","N","N","0","0"
"EA13213","1/30/2020 8:33:00 PM","Whatcom","Ferndale","State Road","State Patrol","I 5                 ","MAIN ST             ","","262.300","N","N","Raining","Dark-No Street Lights","No Injury Collision","","Fence","Y","N","1","N","N","N","0","0"
"EA11876","1/30/2020 8:51:00 PM","Whatcom","Bellingham","State Road","State Patrol","I-5                 ","LAKE SAMISH         ","","246.000","N","N","Raining","Dark - Unknown Lighting","No Injury Collision","","Guardrail","Y","N","1","N","N","N","0","0"
"EA13215","1/31/2020 3:10:00 AM","Whatcom","Everson","State Road","State Patrol","SR 9                ","HOPEWELL RD         ","","87.330","N","N","Raining","Dark - Unknown Lighting","No Injury Collision","","Utility Pole","Y","N","1","N","Y","N","0","0"
"EA10840","1/31/2020 6:00:00 AM","Whatcom","Sumas","State Road","State Patrol","SR 547              ","BISHOP RD           ","","7.900","N","N","Raining","Dark-No Street Lights","No Injury Collision","","Tree or Stump","Y","N","1","N","N","N","0","0"
"EA10839","1/31/2020 8:16:00 AM","Whatcom","Ferndale","State Road","State Patrol","I 5                 ","MAIN ST             ","","262.100","N","N","Raining","Daylight","No Injury Collision","","Fence","Y","N","1","N","N","N","0","0"
"EA10839","1/31/2020 8:16:00 AM","Whatcom","Ferndale","State Road","State Patrol","I 5                 ","MAIN ST             ","","262.100","N","N","Raining","Daylight","No Injury Collision","","Fence","N","N","1","N","N","N","0","0"
"EA11877","1/31/2020 2:59:00 PM","Whatcom","Bellingham","State Road","State Patrol","I 5                 ","SR 539              ","","255.900","N","N","Overcast","Daylight","No Injury Collision","","","Y","N","2","N","N","N","0","0"
"EA13216","1/31/2020 4:25:00 PM","Whatcom","Lynden","State Road","State Patrol","SR 539              ","RIVER ROAD          ","","9.400","N","N","Raining","Dusk","No Injury Collision","","","Y","N","2","N","N","N","0","0"
"EA11879","1/31/2020 4:45:00 PM","Whatcom","Bellingham","State Road","State Patrol","SR 539              ","SMITH ROAD          ","","3.400","N","N","Overcast","Dark-Street Lights On","Minor Injury Collision","","","Y","N","2","Y","N","N","0","0"
"EA11878","1/31/2020 8:53:00 PM","Whatcom","Bellingham","State Road","State Patrol","I 5                 ","N LAKE SAMISH WAY   ","","248.000","N","N","Raining","Dark-No Street Lights","No Injury Collision","","jersey barrier","Y","N","1","N","N","N","0","0"
"EA11880","2/1/2020 12:20:00 AM","Whatcom","Bellingham","State Road","State Patrol","I 5                 ","SR 542              ","","255.000","N","N","Raining","Dark-Street Lights On","No Injury Collision","","Over Embankment","Y","N","1","N","N","N","0","0"
"EA11881","2/1/2020 1:20:00 AM","Whatcom","Bellingham","State Road","State Patrol","I-5                 ","LAKE SAMISH         ","","246.000","N","N","Raining","Dark-No Street Lights","No Injury Collision","","Wood Sign Post","Y","N","1","N","N","N","0","0"
"EA14807","2/1/2020 8:56:00 PM","Whatcom","Bellingham","State Road","State Patrol","I-5                 ","SLATER RD           ","","259.000","N","N","Clear","Dark - Unknown Lighting","No Injury Collision","","","Y","Y","2","N","N","N","0","0"
"EA14808","2/2/2020 12:51:00 AM","Whatcom","Blaine","State Road","State Patrol","I-5                 ","BIRCH BAY/LYNDEN RD ","","270.000","N","N","Clear","Dark-No Street Lights","Serious Injury Collision","","Wood Sign Post","Y","N","1","Y","N","N","0","0"
"EA13217","2/2/2020 5:30:00 AM","Whatcom","Bellingham","State Road","State Patrol","SR 542              ","SALMON RIDGE RD     ","","54.500","N","N","Overcast","Other","No Injury Collision","","","Y","Y","2","N","N","N","0","0"
"EA10842","2/3/2020 7:49:00 AM","Whatcom","Bellingham","State Road","State Patrol","I 5                 ","NULLE RD            ","","242.760","N","N","Overcast","Daylight","Minor Injury Collision","","","Y","N","3","N","N","N","0","0"
"EA12171","2/3/2020 12:20:00 PM","Whatcom","Bellingham","State Road","State Patrol","I 5                 ","NULLE ROAD          ","","242.800","N","N","Clear","Daylight","Minor Injury Collision","","","Y","N","2","N","N","N","0","0"
"EA10841","2/3/2020 1:37:00 PM","Whatcom","Bellingham","State Road","State Patrol","I 5                 ","SUNSET DR           ","","255.350","N","N","Overcast","Daylight","No Injury Collision","","tire","Y","N","1","N","N","N","0","0"
"EA11882","2/3/2020 5:39:00 PM","Whatcom","Sumas","State Road","State Patrol","SR 9                ","STRAND RD           ","","75.000","N","Y","Clear","Dark-Street Lights Off","No Injury Collision","","Fence","Y","N","2","N","N","N","0","0"
"EA11885","2/3/2020 6:05:00 PM","Whatcom","Ferndale","State Road","State Patrol","I 5                 ","MAIN STREET         ","","262.900","N","N","Clear","Dark-Street Lights On","No Injury Collision","","","Y","N","2","Y","N","N","0","0"
"EA12169","2/4/2020 11:30:00 AM","Whatcom","Bellingham","State Road","State Patrol","SR 542              ","ORLEANS             ","","0.470","N","N","Snowing","Daylight","Minor Injury Collision","","","Y","N","1","N","N","N","1","0"
"EA12169","2/4/2020 11:30:00 AM","Whatcom","Bellingham","State Road","State Patrol","SR 542              ","ORLEANS             ","","0.470","N","N","Snowing","Daylight","Minor Injury Collision","","","N","N","1","N","N","N","1","0"
"EA13325","2/4/2020 12:01:00 PM","Whatcom","Bellingham","State Road","State Patrol","SR 542              ","EASTWOOD RD         ","","22.100","N","N","Snowing","Daylight","Minor Injury Collision","","tree","Y","N","1","N","N","N","0","0"
"EA12168","2/4/2020 1:30:00 PM","Whatcom","Ferndale","State Road","State Patrol","I 5                 ","CUSTER SCHOOL RD    ","","267.700","N","N","Snowing","Daylight","No Injury Collision","","","Y","N","2","N","N","N","0","0"
"EA14370","2/4/2020 4:40:00 PM","Whatcom","Bellingham","State Road","State Patrol","I 5                 ","SR 542              ","","254.820","N","N","Raining","Daylight","No Injury Collision","","","N","N","2","N","N","N","0","0"
"EA14370","2/4/2020 4:40:00 PM","Whatcom","Bellingham","State Road","State Patrol","I 5                 ","SR 542              ","","254.820","N","N","Raining","Daylight","No Injury Collision","","","Y","N","2","N","N","N","0","0"
"EA11883","2/4/2020 5:23:00 PM","Whatcom","Ferndale","State Road","State Patrol","I 5                 ","PORTAL WAY          ","","263.360","N","N","Snowing","Dark-Street Lights On","No Injury Collision","","","Y","N","2","N","N","N","0","0"