"Collision Report Number","Collision Date","County","City","Jurisdiction","Agency","Primary Trafficway","Secondary Trafficway","Block Number","Mile Post","School Zone","Intersection Related","Weather Condition","Lighting Condition","Injury Severity","Collision Type","Object Struck","Damage Threshold Met","Hit and Run","Motor Vehicles Involved","Passengers Involved","Commercial Carrier Involved","School Bus Involved","Pedestrians Involved","Pedalcyclists Involved"
"EA29748","4/8/2020 2:35:00 PM","Whatcom","Ferndale","State Road","State Patrol","I 5                 ","GRANDVIEW           ","","266.300","N","N","Clear","Daylight","No Injury Collision","","Roadway Ditch","N","N","1","N","N","N","0","0"
"EA29749","4/8/2020 3:44:00 PM","Whatcom","Ferndale","State Road","State Patrol","I 5                 ","SLATER ROAD         ","","260.200","N","Y","Clear","Daylight","No Injury Collision","","FENCE POST","Y","N","1","N","N","N","0","0"
"EA30646","4/8/2020 6:38:00 PM","Whatcom","Bellingham","State Road","State Patrol","I 5                 ","BAKERVIEW           ","","258.200","N","N","Clear","Daylight","Minor Injury Collision","","","Y","N","2","Y","N","N","0","0"
"EA29001","4/9/2020 12:22:00 PM","Whatcom","Blaine","State Road","State Patrol","I 5                 ","BIRCHBAY LYNDEN ROAD","","270.600","N","N","Clear","Daylight","Minor Injury Collision","","Concrete/Jersey Barrier","Y","N","1","N","N","N","0","0"
"EA29001","4/9/2020 12:22:00 PM","Whatcom","Blaine","State Road","State Patrol","I 5                 ","BIRCHBAY LYNDEN ROAD","","270.600","N","N","Clear","Daylight","Minor Injury Collision","","Concrete/Jersey Barrier","N","N","1","N","N","N","0","0"
"EA29317","4/9/2020 5:48:00 PM","Whatcom","Ferndale","State Road","State Patrol","I 5                 ","MAIN STREET         ","","262.770","N","N","Clear","Daylight","No Injury Collision","","","Y","N","1","N","N","N","0","0"
"EA29480","4/9/2020 6:56:00 PM","Whatcom","Nooksack","State Road","State Patrol","SR 9                ","GARRISON RD         ","","94.720","N","N","Clear","Daylight","Minor Injury Collision","","R/R Control Box","Y","N","1","Y","N","N","0","0"
"EA30160","4/10/2020 5:11:00 PM","Whatcom","Bellingham","State Road","State Patrol","I 5                 ","SUNSET              ","","255.430","N","N","Overcast","Daylight","No Injury Collision","","Guardrail","N","N","1","Y","N","N","0","0"
"EA30160","4/10/2020 5:11:00 PM","Whatcom","Bellingham","State Road","State Patrol","I 5                 ","SUNSET              ","","255.430","N","N","Overcast","Daylight","No Injury Collision","","Guardrail","Y","N","1","Y","N","N","0","0"
"EA30159","4/11/2020 9:41:00 PM","Whatcom","Nooksack","State Road","State Patrol","SR 9                ","STRAND RD           ","","75.070","N","N","Clear","Dark-No Street Lights","Minor Injury Collision","","ditch","Y","N","2","Y","N","N","0","0"
"EA30159","4/11/2020 9:41:00 PM","Whatcom","Nooksack","State Road","State Patrol","SR 9                ","STRAND RD           ","","75.070","N","N","Clear","Dark-No Street Lights","Minor Injury Collision","","ditch","N","N","2","Y","N","N","0","0"
"EA28853","4/13/2020 1:46:00 PM","Whatcom","Bellingham","State Road","State Patrol","SB SR539            ","LAUREL RD           ","6015  ","","N","N","Clear","Daylight","Minor Injury Collision","","","Y","N","2","Y","N","N","0","0"
"EA29319","4/15/2020 5:40:00 PM","Whatcom","Bellingham","State Road","State Patrol","SR 542              ","WELLS CREEK RD      ","","41.600","N","N","Clear","Daylight","Minor Injury Collision","","TREE","Y","N","1","N","N","N","0","0"
"EA29481","4/15/2020 11:38:00 PM","Whatcom","Bellingham","State Road","State Patrol","I 5                 ","LAKE SAMISH WAY     ","","252.400","N","N","Clear","Dark-Street Lights On","No Injury Collision","","Cable Barrier","Y","Y","1","N","N","N","0","0"
"EA29593","4/17/2020 1:53:00 PM","Whatcom","Bellingham","State Road","State Patrol","SR 542              ","NOON ROAD           ","","3.700","N","N","Overcast","Daylight","No Injury Collision","","","Y","N","2","Y","N","N","0","0"
"EA31238","4/17/2020 6:45:00 PM","Whatcom","Everson","State Road","State Patrol","SR 542              ","KENDALL RD          ","","22.480","N","N","Overcast","Daylight","No Injury Collision","","Fence","N","N","1","N","N","N","0","0"
"EA31238","4/17/2020 6:45:00 PM","Whatcom","Everson","State Road","State Patrol","SR 542              ","KENDALL RD          ","","22.480","N","N","Overcast","Daylight","No Injury Collision","","Fence","Y","N","1","N","N","N","0","0"
"EA30161","4/19/2020 1:15:00 AM","Whatcom","Everson","State Road","State Patrol","SR 9                ","MALENG RD           ","","70.430","N","Y","Overcast","Dark-No Street Lights","No Injury Collision","","Fence","Y","N","1","N","N","N","0","0"
"EA30352","4/19/2020 2:15:00 AM","Whatcom","Bellingham","State Road","State Patrol","BAKERVIEW ROAD      ","I 5                 ","","258.000","N","N","Clear","Dark-Street Lights On","Minor Injury Collision","","Guardrail","Y","N","1","N","N","N","0","0"
"EA31237","4/20/2020 5:55:00 PM","Whatcom","Bellingham","State Road","State Patrol","I 5                 ","SR 11               ","","249.800","N","N","Clear","Daylight","Minor Injury Collision","","Guardrail","Y","N","1","Y","N","N","0","0"
"EA33371","4/22/2020 4:02:00 PM","Whatcom","Bellingham","State Road","State Patrol","SR 542              ","MACAULEY RD         ","","12.400","N","N","Raining","Daylight","No Injury Collision","","","Y","N","1","N","N","N","0","0"
"EA33372","4/22/2020 7:16:00 PM","Whatcom","Bellingham","State Road","State Patrol","I 5                 ","OHIO STREET         ","","253.700","N","N","Overcast","Daylight","No Injury Collision","","Street Light Pole","Y","N","1","N","N","N","0","0"
"EA31569","4/23/2020 2:06:00 PM","Whatcom","Bellingham","State Road","State Patrol","I 5                 ","SR 11               ","","249.000","N","N","Raining","Daylight","No Injury Collision","","DITCH","Y","N","1","N","N","N","0","0"
"EA32069","4/24/2020 8:29:00 AM","Whatcom","Bellingham","State Road","State Patrol","SR 539              ","LAUREL ROAD         ","","5.000","N","Y","Clear","Daylight","No Injury Collision","","","Y","N","2","Y","Y","N","0","0"
"EA31570","4/26/2020 11:40:00 AM","Whatcom","Bellingham","State Road","State Patrol","I 5                 ","STATE ROUTE 539     ","","256.000","N","N","Clear","Daylight","Minor Injury Collision","","Guardrail","Y","Y","1","N","N","N","0","0"
"EA31236","4/26/2020 7:46:00 PM","Whatcom","Ferndale","State Road","State Patrol","I 5                 ","SR 548              ","","265.300","N","N","Overcast","Dusk","No Injury Collision","","sign, light pole, cable barrier, tree","Y","Y","1","N","N","N","0","0"
"EA34090","5/1/2020 8:49:00 AM","Whatcom","Bellingham","State Road","State Patrol","I 5                 ","SR 542              ","","255.110","N","N","Clear","Daylight","No Injury Collision","","DEER","Y","N","1","N","N","N","0","0"
"EA34089","5/2/2020 4:30:00 AM","Whatcom","Bellingham","State Road","State Patrol","SR 542              ","TRUCK ROAD          ","","15.400","N","N","Clear","Dawn","No Injury Collision","","Earth Bank or Ledge","Y","N","1","N","N","N","0","0"
"EA34091","5/2/2020 5:15:00 AM","Whatcom","Everson","State Road","State Patrol","SR 544              ","RASPBERRY DRIVE     ","1400  ","","N","N","Clear","Dawn","No Injury Collision","","Earth Bank or Ledge","Y","N","1","N","N","N","0","0"
"EA32420","5/2/2020 7:26:00 AM","Whatcom","Everson","State Road","State Patrol","SR542               ","PEBBLEY             ","4730  ","","N","N","Overcast","Daylight","Minor Injury Collision","","dot sign (Please Dont Drink and Drive)","N","N","1","N","N","N","0","0"
"EA32420","5/2/2020 7:26:00 AM","Whatcom","Everson","State Road","State Patrol","SR542               ","PEBBLEY             ","4730  ","","N","N","Overcast","Daylight","Minor Injury Collision","","dot sign (Please Dont Drink and Drive)","Y","N","1","N","N","N","0","0"
"EA32068","5/2/2020 12:11:00 PM","Whatcom","Bellingham","State Road","State Patrol","SR 539              ","SMITH RD            ",".     ","","N","Y","Raining","Daylight","No Injury Collision","","","Y","N","2","N","N","N","0","0"
"EA32070","5/2/2020 3:00:00 PM","Whatcom","Bellingham","State Road","State Patrol","I 5                 ","SUNSET DR           ","","254.000","N","N","Raining","Daylight","No Injury Collision","","Concrete/Jersey Barrier","Y","N","1","N","N","N","0","0"
"EA32070","5/2/2020 3:00:00 PM","Whatcom","Bellingham","State Road","State Patrol","I 5                 ","SUNSET DR           ","","254.000","N","N","Raining","Daylight","No Injury Collision","","Concrete/Jersey Barrier","N","N","1","N","N","N","0","0"
"EA32725","5/3/2020 7:05:00 PM","Whatcom","Bellingham","State Road","State Patrol","I 5                 ","SR 11               ","","248.400","N","N","Clear","Daylight","No Injury Collision","","Concrete/Jersey Barrier","N","N","1","Y","N","N","0","0"
"EA32725","5/3/2020 7:05:00 PM","Whatcom","Bellingham","State Road","State Patrol","I 5                 ","SR 11               ","","248.400","N","N","Clear","Daylight","No Injury Collision","","Concrete/Jersey Barrier","Y","N","1","Y","N","N","0","0"
"EA32724","5/5/2020 5:34:00 PM","Whatcom","Bellingham","State Road","State Patrol","I 5                 ","SUNSET AVE          ","","255.400","N","N","Clear","Daylight","No Injury Collision","","Cable Barrier","Y","N","2","N","N","N","0","0"
"EA32816","5/5/2020 10:00:00 PM","Whatcom","Everson","State Road","State Patrol","SR 542              ","KACHINA RD          ","","24.480","N","N","Raining","Dark-No Street Lights","No Injury Collision","","Guardrail","Y","N","1","N","N","N","0","0"
"EA33373","5/9/2020 8:03:00 PM","Whatcom","Bellingham","State Road","State Patrol","SR 542              ","SR 547              ","","22.900","N","N","Clear","Daylight","No Injury Collision","","","Y","N","3","N","N","N","0","0"
"EA33777","5/10/2020 2:32:00 PM","Whatcom","Lynden","State Road","State Patrol","SR 546              ","SR 539              ","","0.010","N","N","Clear","Daylight","No Injury Collision","","","N","N","2","Y","N","N","0","0"
"EA33777","5/10/2020 2:32:00 PM","Whatcom","Lynden","State Road","State Patrol","SR 546              ","SR 539              ","","0.010","N","N","Clear","Daylight","No Injury Collision","","","Y","N","2","Y","N","N","0","0"
"EA33778","5/13/2020 3:27:00 PM","Whatcom","Bellingham","State Road","State Patrol","I 5                 ","NORTHWEST AVE       ","","257.230","N","N","Clear","Daylight","No Injury Collision","","Cable Barrier","Y","N","1","N","N","N","0","0"
"EA34304","5/15/2020 3:11:00 PM","Whatcom","Sedro-Woolley","State Road","State Patrol","SR 20               ","EAST CREEK          ","","144.730","N","N","Clear","Daylight","Minor Injury Collision","","DITCH","Y","N","1","N","N","N","0","0"
"EA35811","5/15/2020 3:28:00 PM","Whatcom","Bellingham","State Road","State Patrol","SR 11               ","SOUND VIEW RD       ","","15.750","N","N","Clear","Daylight","No Injury Collision","","dirt bank","Y","N","1","N","N","N","0","0"
"EA35203","5/15/2020 4:18:00 PM","Whatcom","Bellingham","State Road","State Patrol","SR 542              ","HILLARD RD          ","","11.650","N","N","Clear","Daylight","No Injury Collision","","deer","Y","N","2","Y","N","N","0","0"
"EA34861","5/15/2020 11:21:00 PM","Whatcom","Blaine","State Road","State Patrol","SR 548              ","ALDERSON ROAD       ","","7.700","N","N","Clear","Dark-No Street Lights","Serious Injury Collision","","Fence","Y","N","2","N","N","N","0","0"
"EA35326","5/16/2020 2:22:00 PM","Whatcom","Everson","State Road","State Patrol","SR 9                ","STRAND RD           ","","75.150","N","N","Raining","Daylight","No Injury Collision","","driveway dirt","Y","N","1","N","N","N","0","0"
"EA37379","5/18/2020 11:30:00 PM","Whatcom","Bellingham","State Road","State Patrol","I 5                 ","ALABAMA ST          ","","254.200","N","N","Clear","Dark-No Street Lights","No Injury Collision","","","N","N","3","Y","Y","N","0","0"
"EA37379","5/18/2020 11:30:00 PM","Whatcom","Bellingham","State Road","State Patrol","I 5                 ","ALABAMA ST          ","","254.200","N","N","Clear","Dark-No Street Lights","No Injury Collision","","","Y","N","3","Y","Y","N","0","0"
"EA35327","5/19/2020 1:45:00 PM","Whatcom","Lynden","State Road","State Patrol","SR 539              ","E BARTLETT          ","","7.750","N","N","Clear","Daylight","Minor Injury Collision","","","Y","N","2","N","N","N","0","0"
"EA35518","5/20/2020 3:33:00 AM","Whatcom","Lynden","State Road","State Patrol","SR 539              ","RIVER ROAD          ","","10.000","N","N","Clear","Dark-No Street Lights","Minor Injury Collision","","Guardrail","Y","N","1","N","N","N","0","0"
"EA35700","5/20/2020 8:31:00 AM","Whatcom","Blaine","State Road","State Patrol","I5                  ","BIRCH BAY LYNDEN RD ","","270.000","N","Y","Overcast","Daylight","No Injury Collision","","","Y","N","2","N","N","N","0","0"
"EA40739","5/21/2020 12:47:00 PM","Whatcom","Bellingham","State Road","State Patrol","SR 542              ","HATCHERY RD         ","","22.100","N","N","Raining","Daylight","No Injury Collision","","","Y","N","2","N","N","N","0","0"
"EA35812","5/23/2020 9:04:00 AM","Whatcom","Lynden","State Road","State Patrol","SR 539              ","SR 544              ","","7.510","N","Y","Raining","Daylight","No Injury Collision","","","Y","N","2","Y","N","N","0","0"
"EA37991","5/27/2020 3:50:00 PM","Whatcom","Concrete","State Road","State Patrol","SR 20               ","DIABLO DAM RD       ","","127.000","N","N","Clear","Daylight","Serious Injury Collision","","","Y","N","1","N","N","N","0","0"
"EA37383","5/27/2020 7:33:00 PM","Whatcom","Bellingham","State Road","State Patrol","I5                  ","NORTHWEST           ","","257.000","N","N","Clear","Daylight","No Injury Collision","","cable barrier","Y","N","1","Y","N","N","0","0"
"EA37382","5/28/2020 4:15:00 PM","Whatcom","Bellingham","State Road","State Patrol","SR539               ","LAUREL ROAD         ","","5.000","N","Y","Clear","Daylight","No Injury Collision","","","Y","N","2","N","N","N","0","0"
"EA37947","5/29/2020 5:56:00 AM","Whatcom","Bellingham","State Road","State Patrol","I 5                 ","CHUCKANUT DRIVE     ","","248.000","N","N","Overcast","Daylight","No Injury Collision","","UNKNOWN","Y","N","1","N","N","N","0","0"
"EA37561","5/29/2020 10:50:00 AM","Whatcom","Bellingham","State Road","State Patrol","I 5                 ","SR 539              ","","255.850","N","N","Clear","Daylight","No Injury Collision","","","Y","N","2","N","Y","N","0","0"
"EA37561","5/29/2020 10:50:00 AM","Whatcom","Bellingham","State Road","State Patrol","I 5                 ","SR 539              ","","255.850","N","N","Clear","Daylight","No Injury Collision","","","N","N","2","N","Y","N","0","0"
"EA37949","5/30/2020 5:45:00 AM","Whatcom","Bellingham","State Road","State Patrol","I 5                 ","NULLE ROAD          ","","244.140","N","N","Overcast","Daylight","No Injury Collision","","DEER","Y","N","1","N","N","N","0","0"
"EA37948","5/30/2020 10:11:00 AM","Whatcom","Everson","State Road","State Patrol","SR 544              ","MECKLEM ROAD        ","","4.650","N","Y","Raining","Daylight","No Injury Collision","","DIRT BANK","Y","N","1","N","N","N","0","0"
"EA37562","5/30/2020 3:53:00 PM","Whatcom","Ferndale","State Road","State Patrol","I 5                 ","MAIN ST             ","","262.580","N","N","Raining","Daylight","No Injury Collision","","sign post","Y","N","1","N","N","N","0","0"
"EA38510","5/31/2020 4:58:00 AM","Whatcom","Sumas","State Road","State Patrol","SR 547              ","PEACEFUL VALLEY DR  ","","1.870","N","N","Overcast","Dawn","No Injury Collision","","Utility Pole","Y","N","1","N","N","N","0","0"
"EA39300","6/2/2020 5:02:00 PM","Whatcom","Bellingham","State Road","State Patrol","SR 9                ","HOMESTEADER RD      ","","75.000","N","N","Clear","Daylight","No Injury Collision","","Street Light Pole","Y","N","1","N","Y","N","0","0"
"EA37950","6/3/2020 4:52:00 PM","Whatcom","Bellingham","State Road","State Patrol","SR 539              ","HEMMI ROAD          ","","5.500","N","Y","Clear","Daylight","Minor Injury Collision","","","Y","N","2","Y","N","N","0","0"
"EA39301","6/4/2020 4:07:00 AM","Whatcom","Blaine","State Road","State Patrol","SR 548              ","ANDERSON RD         ","","9.500","N","N","Overcast","Dark-No Street Lights","No Injury Collision","","","Y","N","1","N","N","N","0","0"
"EA40737","6/4/2020 3:54:00 PM","Whatcom","Bellingham","State Road","State Patrol","I 5                 ","NORTHWEST AVE       ","","257.000","N","N","Clear","Daylight","No Injury Collision","","","N","Y","2","N","N","N","0","0"
"EA40737","6/4/2020 3:54:00 PM","Whatcom","Bellingham","State Road","State Patrol","I 5                 ","NORTHWEST AVE       ","","257.000","N","N","Clear","Daylight","No Injury Collision","","","Y","Y","2","N","N","N","0","0"
"EA40639","6/5/2020 11:34:00 AM","Whatcom","Bellingham","State Road","State Patrol","I5                  ","LAKEWAY             ","","252.000","N","N","Overcast","Daylight","No Injury Collision","","CABLE BARRIER","Y","N","1","N","N","N","0","0"
"EA39839","6/5/2020 1:41:00 PM","Whatcom","Ferndale","State Road","State Patrol","I 5                 ","SMITH ROAD          ","","261.520","N","N","Clear","Daylight","No Injury Collision","","Guardrail","Y","N","1","N","N","N","0","0"
"EA40342","6/6/2020 12:23:00 PM","Whatcom","Bellingham","State Road","State Patrol","I 5                 ","BAKERVIEW           ","","258.000","N","N","Clear","Daylight","No Injury Collision","","","Y","N","2","Y","N","N","0","0"
"EA38511","6/7/2020 11:30:00 AM","Whatcom","Ferndale","State Road","State Patrol","PORTAL WAY          ","KAAS RD             ","6300  ","","N","Y","Clear","Daylight","No Injury Collision","","","Y","N","2","Y","N","N","0","0"
"EA41299","6/7/2020 6:03:00 PM","Whatcom","Bellingham","State Road","State Patrol","I 5                 ","SAMISH WAY          ","","252.000","N","N","Clear","Daylight","No Injury Collision","","","Y","N","2","N","N","N","0","0"
"EA39762","6/7/2020 10:29:00 PM","Whatcom","Bellingham","State Road","State Patrol","I 5                 ","FROM SR 539         ","","256.000","N","N","Raining","Dark-Street Lights On","No Injury Collision","","","Y","N","3","N","N","N","0","0"
"EA39763","6/8/2020 4:17:00 PM","Whatcom","Ferndale","State Road","State Patrol","I 5                 ","MAIN ST             ","","260.000","N","N","Clear","Daylight","Minor Injury Collision","","Earth Bank or Ledge","Y","N","1","N","N","N","0","0"
"EA39302","6/10/2020 1:10:00 AM","Whatcom","Everson","State Road","State Patrol","SR 544              ","MECKLEM ROAD        ","","4.500","N","N","Overcast","Dark-No Street Lights","Minor Injury Collision","","SIGN","Y","N","1","N","N","N","0","0"
"EA39840","6/10/2020 3:38:00 PM","Whatcom","Lynden","State Road","State Patrol","SR 539              ","RIVER ROAD          ","","9.100","N","N","Overcast","Daylight","No Injury Collision","","Cable Barrier","Y","N","1","N","N","N","0","0"
"EA40346","6/12/2020 9:12:00 AM","Whatcom","Ferndale","State Road","State Patrol","I 5                 ","MAIN ST             ","","262.600","N","N","Raining","Daylight","No Injury Collision","","Traffic Sign","Y","N","1","N","N","N","0","0"
"EA40738","6/12/2020 11:02:00 AM","Whatcom","Lynden","State Road","State Patrol","SR 546              ","NORTHWOOD RD        ","","4.600","N","N","Raining","Daylight","No Injury Collision","","Earth Bank or Ledge","Y","N","1","N","Y","N","0","0"
"EA39841","6/12/2020 12:45:00 PM","Whatcom","Bellingham","State Road","State Patrol","I 5                 ","SUNSET DR           ","","254.900","N","N","Raining","Daylight","No Injury Collision","","","N","N","2","N","Y","N","0","0"
"EA39841","6/12/2020 12:45:00 PM","Whatcom","Bellingham","State Road","State Patrol","I 5                 ","SUNSET DR           ","","254.900","N","N","Raining","Daylight","No Injury Collision","","","Y","N","2","N","Y","N","0","0"
"EA40337","6/12/2020 1:09:00 PM","Whatcom","Bellingham","State Road","State Patrol","I 5                 ","SR 539              ","","256.210","N","N","Raining","Daylight","Minor Injury Collision","","","Y","N","4","Y","Y","N","0","0"
"EA42063","6/13/2020 1:25:00 PM","Whatcom","Bellingham","State Road","State Patrol","I 5                 ","LAKEWAY DRIVE       ","","253.000","N","N","Clear","Daylight","Minor Injury Collision","","CABLE BARRIER","Y","N","2","Y","N","N","0","0"
"EA40336","6/13/2020 2:30:00 PM","Whatcom","Bellingham","State Road","State Patrol","I 5                 ","SUNSET              ","","254.110","N","N","Clear","Daylight","No Injury Collision","","","Y","N","2","Y","N","N","0","0"
"EA42333","6/13/2020 5:40:00 PM","Whatcom","Everson","State Road","State Patrol","SR 544              ","JE NOON RD          ","1300  ","","N","N","Overcast","Daylight","No Injury Collision","","","Y","N","2","N","N","N","0","0"
"EA43640","6/14/2020 3:15:00 PM","Whatcom","Bellingham","State Road","State Patrol","SR 542              ","CANYON CREEK ROAD   ","","50.000","N","N","Overcast","Daylight","No Injury Collision","","Rock Bank or Ledge","Y","N","1","N","N","N","0","0"
"EA42334","6/15/2020 6:22:00 PM","Whatcom","Lynden","State Road","State Patrol","SR 539              ","E WISER LAKE RD     ","","8.500","N","Y","Overcast","Daylight","No Injury Collision","","Round About","Y","N","1","N","N","N","0","0"
"EA44781","6/15/2020 8:43:00 PM","Whatcom","Bellingham","State Road","State Patrol","I5                  ","LAKEWAY DR          ","","253.300","N","N","Raining","Daylight","No Injury Collision","","","Y","Y","2","Y","N","N","0","0"
"EA44782","6/16/2020 3:12:00 AM","Whatcom","Bellingham","State Road","State Patrol","I 5                 ","LAKEWAY DR          ","","253.200","N","N","Clear","Dark-Street Lights On","No Injury Collision","","cable barrier","Y","N","1","N","N","N","0","0"
"EA40740","6/16/2020 11:17:00 AM","Whatcom","Bellingham","State Road","State Patrol","I 5                 ","LAKE SAMISH ROAD    ","","248.200","N","N","Clear","Daylight","No Injury Collision","","Deer","Y","N","1","N","N","N","0","0"
"EA42406","6/16/2020 1:35:00 PM","Whatcom","Ferndale","State Road","State Patrol","SR 548              ","KICKERVILLE ROAD    ","","5.300","N","N","Clear","Daylight","No Injury Collision","","Debris","Y","N","2","Y","N","N","0","0"
"EA42406","6/16/2020 1:35:00 PM","Whatcom","Ferndale","State Road","State Patrol","SR 548              ","KICKERVILLE ROAD    ","","5.300","N","N","Clear","Daylight","No Injury Collision","","Debris","N","N","2","Y","N","N","0","0"
"EA41300","6/16/2020 3:51:00 PM","Whatcom","Lynden","State Road","State Patrol","SR 544              ","SR 539              ","224   ","","N","N","Clear","Daylight","No Injury Collision","","","Y","N","2","Y","N","N","0","0"
"EA41301","6/16/2020 8:23:00 PM","Whatcom","Ferndale","State Road","State Patrol","I 5                 ","CUSTER REST AREA    ","","268.200","N","Y","Clear","Daylight","No Injury Collision","","","Y","Y","2","N","Y","N","0","0"
"EA42415","6/17/2020 9:59:00 AM","Whatcom","Nooksack","State Road","State Patrol","SR 9                ","POTTER RD           ","","77.750","N","N","Clear","Daylight","No Injury Collision","","water","N","Y","2","N","N","N","0","0"
"EA42065","6/18/2020 4:05:00 PM","Whatcom","Everson","State Road","State Patrol","SR 544              ","EVERSON GOSHEN ROAD ","","5.010","N","Y","Clear","Daylight","No Injury Collision","","","Y","N","2","N","N","N","0","0"
"EA41208","6/18/2020 6:12:00 PM","Whatcom","Everson","State Road","State Patrol","SR 544              ","NOON RD             ","1258  ","","N","N","Clear","Daylight","Minor Injury Collision","","utlity pole","Y","N","1","N","N","N","0","0"
"EA52844","6/24/2020 8:55:00 AM","Whatcom","Lynden","State Road","State Patrol","SR 547              ","PEACFUL VALLEY DR   ","","1.600","N","N","Overcast","Daylight","No Injury Collision","","Tree or Stump","Y","N","1","N","N","N","0","0"
"EA44292","6/25/2020 3:52:00 PM","Whatcom","Bellingham","State Road","State Patrol","I 5                 ","N LAKE SAMISH RD    ","","245.580","N","N","Clear","Daylight","No Injury Collision","","Guardrail","Y","N","2","N","N","N","0","0"
"EA44292","6/25/2020 3:52:00 PM","Whatcom","Bellingham","State Road","State Patrol","I 5                 ","N LAKE SAMISH RD    ","","245.580","N","N","Clear","Daylight","No Injury Collision","","Guardrail","N","N","2","N","N","N","0","0"
"EA42812","6/25/2020 8:30:00 PM","Whatcom","Bellingham","State Road","State Patrol","I 5                 ","N LAKE SAMISH DR    ","","246.200","N","Y","Clear","Daylight","No Injury Collision","","Guardrail","Y","Y","2","N","N","N","0","0"
"EA45806","6/26/2020 12:41:00 PM","Whatcom","Sumas","State Road","State Patrol","SR 547              ","TELEGRAPH RD        ","","8.000","N","N","Overcast","Daylight","Minor Injury Collision","","barbwire fence","Y","N","1","Y","N","N","0","0"
"EA45805","6/28/2020 5:00:00 AM","Whatcom","Bellingham","State Road","State Patrol","I 5                 ","SR 11               ","","250.370","N","N","Clear","Daylight","No Injury Collision","","","Y","N","1","N","N","N","0","0"
"EA43641","6/28/2020 9:10:00 AM","Whatcom","Bellingham","State Road","State Patrol","SR 539              ","TEN MILE RD         ","","6.030","N","N","Clear","Daylight","No Injury Collision","","yield sign","N","Y","1","N","N","N","0","0"
"EA45676","6/29/2020 12:31:00 AM","Whatcom","Bellingham","State Road","State Patrol","I 5                 ","MERIDIAN ST         ","","256.000","N","N","Clear","Dark-Street Lights On","Minor Injury Collision","","Fence","N","N","1","N","N","N","0","0"
"EA45676","6/29/2020 12:31:00 AM","Whatcom","Bellingham","State Road","State Patrol","I 5                 ","MERIDIAN ST         ","","256.000","N","N","Clear","Dark-Street Lights On","Minor Injury Collision","","Fence","Y","N","1","N","N","N","0","0"
"EA44294","6/29/2020 1:10:00 PM","Whatcom","Bellingham","State Road","State Patrol","SR 11               ","SPOKANE ST          ","","18.050","N","N","Clear","Daylight","No Injury Collision","","concrete barrier","N","N","2","N","N","N","0","0"
"EA44294","6/29/2020 1:10:00 PM","Whatcom","Bellingham","State Road","State Patrol","SR 11               ","SPOKANE ST          ","","18.050","N","N","Clear","Daylight","No Injury Collision","","concrete barrier","Y","N","2","N","N","N","0","0"
"EA46856","6/29/2020 7:33:00 PM","Whatcom","Sumas","State Road","State Patrol","SR 547              ","LIMESTONE ROAD      ","","3.500","N","N","Clear","Daylight","Minor Injury Collision","","Utility Pole","N","Y","1","N","N","N","0","0"
"EA46856","6/29/2020 7:33:00 PM","Whatcom","Sumas","State Road","State Patrol","SR 547              ","LIMESTONE ROAD      ","","3.500","N","N","Clear","Daylight","Minor Injury Collision","","Utility Pole","Y","Y","1","N","N","N","0","0"
"EA45678","6/30/2020 2:58:00 AM","Whatcom","Ferndale","State Road","State Patrol","N I5                ","BIRCH BAY LYNDEN RD ","","270.000","N","N","Overcast","Dark-No Street Lights","No Injury Collision","","Roadway Ditch","Y","N","1","N","N","N","0","0"
"EA44293","6/30/2020 11:56:00 AM","Whatcom","Ferndale","State Road","State Patrol","I 5                 ","MAIN ST             ","","262.540","N","N","Raining","Daylight","No Injury Collision","","","N","Y","2","N","N","N","0","0"
"EA44295","7/1/2020 4:44:00 AM","Whatcom","Lynden","State Road","State Patrol","SR 539              ","BEARD RD            ","","7.020","N","N","Raining","Dawn","No Injury Collision","","cable barrier","Y","N","1","N","N","N","0","0"
"EA44295","7/1/2020 4:44:00 AM","Whatcom","Lynden","State Road","State Patrol","SR 539              ","BEARD RD            ","","7.020","N","N","Raining","Dawn","No Injury Collision","","cable barrier","N","N","1","N","N","N","0","0"
"EA47279","7/1/2020 7:46:00 AM","Whatcom","Bellingham","State Road","State Patrol","I 5                 ","NULLE RD            ","","244.140","N","N","Raining","Daylight","No Injury Collision","","sign","N","N","1","N","Y","N","0","0"
"EA47279","7/1/2020 7:46:00 AM","Whatcom","Bellingham","State Road","State Patrol","I 5                 ","NULLE RD            ","","244.140","N","N","Raining","Daylight","No Injury Collision","","sign","Y","N","1","N","Y","N","0","0"
"EA45804","7/1/2020 12:32:00 PM","Whatcom","Nooksack","State Road","State Patrol","SR 9                ","GEORGE RD           ","","86.100","N","N","Raining","Daylight","Minor Injury Collision","","","Y","N","2","N","Y","N","0","0"
"EA44181","7/1/2020 1:25:00 PM","Whatcom","Bellingham","State Road","State Patrol","I 5                 ","IOWA STREET         ","","253.800","N","N","Raining","Daylight","No Injury Collision","","","Y","N","1","N","N","N","0","0"
"EA44784","7/1/2020 8:22:00 PM","Whatcom","Ferndale","State Road","State Patrol","I 5                 ","SMITH RD            ","","261.070","N","N","Overcast","Dusk","Fatal Collision","","","Y","N","2","Y","N","N","0","0"