"Collision Report Number","Collision Date","County","City","Jurisdiction","Agency","Primary Trafficway","Secondary Trafficway","Block Number","Mile Post","School Zone","Intersection Related","Weather Condition","Lighting Condition","Injury Severity","Collision Type","Object Struck","Damage Threshold Met","Hit and Run","Motor Vehicles Involved","Passengers Involved","Commercial Carrier Involved","School Bus Involved","Pedestrians Involved","Pedalcyclists Involved"
"EA45807","7/3/2020 12:10:00 PM","Whatcom","Nooksack","State Road","State Patrol","SR9                 ","ALM RD              ","","91.800","N","N","Raining","Daylight","No Injury Collision","","Earth Bank or Ledge","Y","N","1","N","N","N","0","0"
"EA45808","7/3/2020 12:43:00 PM","Whatcom","Lynden","State Road","State Patrol","SR 546              ","VINUP ROAD          ","","2.530","N","Y","Raining","Daylight","Fatal Collision","","","Y","N","2","Y","Y","N","0","0"
"EA45677","7/3/2020 7:06:00 PM","Whatcom","Bellingham","State Road","State Patrol","I 5 ON RAMP         ","MERIDIAN STREET     ","","256.400","N","N","Raining","Daylight","No Injury Collision","","Earth Bank or Ledge","Y","N","1","N","N","N","0","0"
"EA49636","7/5/2020 1:05:00 PM","Whatcom","Bellingham","State Road","State Patrol","SR                  ","SR 20 MP 137        ","","137.600","N","N","Clear","Daylight","Serious Injury Collision","","Guardrail","Y","N","1","N","N","N","0","0"
"EA45679","7/5/2020 2:48:00 PM","Whatcom","Bellingham","State Road","State Patrol","I 5                 ","SR 11               ","","251.000","N","N","Clear","Daylight","No Injury Collision","","Deer","Y","N","1","N","N","N","0","0"
"EA45809","7/5/2020 9:46:00 PM","Whatcom","Ferndale","State Road","State Patrol","SR 548              ","VISTA DR            ","","0.970","N","N","Clear","Dusk","No Injury Collision","","","Y","Y","2","N","Y","N","0","0"
"EA45809","7/5/2020 9:46:00 PM","Whatcom","Ferndale","State Road","State Patrol","SR 548              ","VISTA DR            ","","0.970","N","N","Clear","Dusk","No Injury Collision","","","N","Y","2","N","Y","N","0","0"
"EA47480","7/6/2020 5:57:00 PM","Whatcom","Lynden","State Road","State Patrol","SR 546              ","SR 9                ","","7.800","N","N","Clear","Daylight","No Injury Collision","","","Y","N","2","Y","N","N","0","0"
"EA47480","7/6/2020 5:57:00 PM","Whatcom","Lynden","State Road","State Patrol","SR 546              ","SR 9                ","","7.800","N","N","Clear","Daylight","No Injury Collision","","","N","N","2","Y","N","N","0","0"
"EA48602","7/10/2020 1:58:00 PM","Whatcom","Bellingham","State Road","State Patrol","SR 542              ","COAL CREEK BRIDGE   ","6200  ","","N","N","Clear","Daylight","No Injury Collision","","","Y","N","2","Y","N","N","0","0"
"EA46857","7/11/2020 2:03:00 PM","Whatcom","Bellingham","State Road","State Patrol","I 5                 ","E SUNSET DR         ","","255.000","N","N","Clear","Daylight","No Injury Collision","","","Y","Y","2","Y","N","N","0","0"
"EA46857","7/11/2020 2:03:00 PM","Whatcom","Bellingham","State Road","State Patrol","I 5                 ","E SUNSET DR         ","","255.000","N","N","Clear","Daylight","No Injury Collision","","","N","Y","2","Y","N","N","0","0"
"EA50344","7/12/2020 2:04:00 PM","Whatcom","Bellingham","State Road","State Patrol","SR 11               ","I5                  ","","22.300","N","Y","Clear","Daylight","Serious Injury Collision","","","N","N","1","N","N","N","0","1"
"EA50344","7/12/2020 2:04:00 PM","Whatcom","Bellingham","State Road","State Patrol","SR 11               ","I5                  ","","22.300","N","Y","Clear","Daylight","Serious Injury Collision","","","Y","N","1","N","N","N","0","1"
"EA49264","7/15/2020 12:24:00 AM","Whatcom","Lynden","State Road","State Patrol","SR 539              ","E WISER LAKE RD     ","","8.430","N","N","Clear","Dark-No Street Lights","No Injury Collision","","Concrete/Jersey Barrier","Y","N","1","N","N","N","0","0"
"EA48601","7/15/2020 7:23:00 AM","Whatcom","Bellingham","State Road","State Patrol","SR 542              ","SR 547              ","","22.810","N","N","Clear","Daylight","No Injury Collision","","cable","Y","N","1","N","N","N","0","0"
"EA48603","7/15/2020 12:35:00 PM","Whatcom","Ferndale","State Road","State Patrol","I 5                 ","SMITH ROAD          ","","261.700","N","N","Clear","Daylight","Minor Injury Collision","","Earth Bank or Ledge","Y","N","1","N","N","N","0","0"
"EA49265","7/15/2020 7:37:00 PM","Whatcom","Bellingham","State Road","State Patrol","SR 542              ","MOSQUITO LAKE ROAD  ","","18.400","N","N","Clear","Daylight","No Injury Collision","","BRUSH/ TREES","Y","N","1","N","N","N","0","0"
"EA49269","7/15/2020 10:30:00 PM","Whatcom","Ferndale","State Road","State Patrol","I 5                 ","GRANDVIEW RD        ","","266.300","N","N","Clear","Dark-Street Lights On","No Injury Collision","","Deer","Y","N","1","N","N","N","0","0"
"EA49263","7/16/2020 1:03:00 AM","Whatcom","Blaine","State Road","State Patrol","I 5                 ","MARINE DRIVE        ","","276.500","N","N","Clear","Dark-Street Lights On","No Injury Collision","","STEEL GATE","Y","N","1","N","N","N","0","0"
"EA49267","7/16/2020 6:28:00 PM","Whatcom","Bellingham","State Road","State Patrol","SR 542              ","MARKEL RD           ","","19.250","N","N","Clear","Daylight","No Injury Collision","","ditch","Y","N","1","N","N","N","0","0"
"EA50241","7/18/2020 6:42:00 PM","Whatcom","Bellingham","State Road","State Patrol","I 5                 ","IOWA ST             ","","254.100","N","N","Clear","Daylight","Minor Injury Collision","","Concrete/Jersey Barrier (cosmetic)","Y","N","1","N","N","N","0","0"
"EA50140","7/19/2020 2:09:00 PM","Whatcom","Concrete","State Road","State Patrol","SR20                ","MAIN ST             ","","121.700","N","N","Clear","Daylight","Minor Injury Collision","","ROCKY DITCH","Y","N","1","N","N","N","0","0"
"EA49268","7/19/2020 8:55:00 PM","Whatcom","Lynden","State Road","State Patrol","SR 544              ","SR 539              ","","0.100","N","N","Clear","Dusk","No Injury Collision","","Metal Sign Post","Y","N","1","N","N","N","0","0"
"EA50347","7/20/2020 11:45:00 AM","Whatcom","Bellingham","State Road","State Patrol","I 5                 ","NORTHWEST DRIVE     ","","256.300","N","N","Clear","Daylight","No Injury Collision","","Cable Berrier","Y","N","2","N","Y","N","0","0"
"EA50347","7/20/2020 11:45:00 AM","Whatcom","Bellingham","State Road","State Patrol","I 5                 ","NORTHWEST DRIVE     ","","256.300","N","N","Clear","Daylight","No Injury Collision","","Cable Berrier","N","N","2","N","Y","N","0","0"
"EA50346","7/21/2020 3:10:00 PM","Whatcom","Ferndale","State Road","State Patrol","I 5                 ","SR 548              ","","267.000","N","N","Clear","Daylight","No Injury Collision","","","N","Y","2","N","N","N","0","0"
"EA50348","7/24/2020 3:03:00 PM","Whatcom","Bellingham","State Road","State Patrol","I 5                 ","NORTH LAKE SAMISH RD","","247.000","N","N","Clear","Daylight","No Injury Collision","","","Y","N","1","N","N","N","0","0"
"EA50840","7/24/2020 5:07:00 PM","Whatcom","Nooksack","State Road","State Patrol","SR 9                ","HUDSON RD           ","2035  ","","N","N","Clear","Daylight","Minor Injury Collision","","","Y","N","2","N","N","N","0","0"
"EA53595","7/24/2020 6:20:00 PM","Whatcom","Bellingham","State Road","State Patrol","SR 542              ","EVERSON-GOSHEN RD   ","","4.450","N","N","Clear","Daylight","Unknown Injury Collision","","ditch","Y","N","1","N","N","N","0","0"
"EA58327","7/24/2020 9:39:00 PM","Whatcom","Bellingham","State Road","State Patrol","I 5                 ","CONNELLY AVE        ","","249.940","N","N","Clear","Dark-No Street Lights","No Injury Collision","","Deer","Y","N","1","N","N","N","0","0"
"EA61272","7/26/2020 4:03:00 PM","Whatcom","Bellingham","State Road","State Patrol","SR 542              ","NOON RD             ","","3.800","N","Y","Clear","Daylight","No Injury Collision","","","Y","N","2","Y","N","N","0","0"
"EA52846","7/29/2020 5:48:00 PM","Whatcom","Lynden","State Road","State Patrol","SR 539              ","W POLE ROAD         ","","7.510","N","Y","Clear","Daylight","No Injury Collision","","","Y","N","2","N","N","N","0","0"
"EA52845","7/31/2020 5:04:00 PM","Whatcom","Bellingham","State Road","State Patrol","SR 539              ","SMITH RD            ","","3.500","N","N","Clear","Daylight","No Injury Collision","","","Y","N","2","Y","N","N","0","0"
"EA52843","7/31/2020 9:35:00 PM","Whatcom","Bellingham","State Road","State Patrol","I 5                 ","LAKEWAY DR          ","","253.100","N","N","Clear","Dark-No Street Lights","No Injury Collision","","stacked pallets","Y","N","1","N","N","N","0","0"
"EA53341","8/2/2020 1:55:00 PM","Whatcom","Bellingham","State Road","State Patrol","I 5                 ","SR 542              ","","254.700","N","N","Clear","Daylight","No Injury Collision","","DEER","Y","N","1","N","N","N","0","0"
"EA54135","8/2/2020 6:00:00 PM","Whatcom","Bellingham","State Road","State Patrol","I 5                 ","SAMISH WAY          ","","251.700","N","N","Clear","Daylight","No Injury Collision","","","Y","N","1","N","N","N","0","0"
"EA52847","8/2/2020 9:30:00 PM","Whatcom","Blaine","State Road","State Patrol","SR 548              ","HICKOK RD           ","","8.400","N","N","Clear","Dark-No Street Lights","Minor Injury Collision","","Roadway Ditch","Y","N","1","N","N","N","0","0"
"EA55101","8/3/2020 1:02:00 PM","Whatcom","Bellingham","State Road","State Patrol","SR 539              ","AXTON RD            ","","4.500","N","Y","Clear","Daylight","Minor Injury Collision","","Pedestrian crossing post","Y","N","2","N","N","N","0","0"
"EA52848","8/3/2020 11:40:00 PM","Whatcom","Blaine","State Road","State Patrol","I 5                 ","SR 543              ","","274.930","N","N","Clear","Dark-Street Lights On","No Injury Collision","","Roadway Ditch","Y","N","1","N","Y","N","0","0"
"EA55694","8/6/2020 8:50:00 AM","Whatcom","Nooksack","State Road","State Patrol","SR9                 ","HUGH ROAD           ","","92.000","N","N","Raining","Daylight","No Injury Collision","","rocks in roadway from truck","N","N","3","N","Y","N","0","0"
"EA55694","8/6/2020 8:50:00 AM","Whatcom","Nooksack","State Road","State Patrol","SR9                 ","HUGH ROAD           ","","92.000","N","N","Raining","Daylight","No Injury Collision","","rocks in roadway from truck","Y","N","3","N","Y","N","0","0"
"EA53596","8/7/2020 4:10:00 AM","Whatcom","Bellingham","State Road","State Patrol","I 5                 ","SR 11               ","","251.300","N","N","Clear","Dark-No Street Lights","No Injury Collision","","Cable Barrier","Y","N","1","N","N","N","0","0"
"EA55100","8/8/2020 2:29:00 PM","Whatcom","Bellingham","State Road","State Patrol","STATE ROUTE 542     ","MOSQUITO LAKE ROAD  ","","16.800","N","N","Clear","Daylight","No Injury Collision","","","Y","N","2","Y","N","N","0","0"
"EA54136","8/8/2020 10:50:00 PM","Whatcom","Bellingham","State Road","State Patrol","SR 542              ","KELLY RD            ","","7.480","N","N","Clear","Dark-No Street Lights","No Injury Collision","","Tree or Stump","Y","N","1","N","N","N","0","0"
"EA56164","8/9/2020 12:15:00 PM","Whatcom","Bellingham","State Road","State Patrol","I 5                 ","IOWA ST             ","","253.620","N","N","Clear","Daylight","No Injury Collision","","DOT Guardrail","Y","N","1","N","N","N","0","0"
"EA55102","8/9/2020 1:21:00 PM","Whatcom","Bellingham","State Road","State Patrol","I 5                 ","SR 539              ","","256.080","N","N","Clear","Daylight","No Injury Collision","","debris","Y","N","1","Y","N","N","0","0"
"EA55103","8/10/2020 2:04:00 PM","Whatcom","Bellingham","State Road","State Patrol","I 5                 ","SR 539              ","","256.080","N","N","Clear","Daylight","No Injury Collision","","","Y","N","2","Y","N","N","0","0"
"EA56015","8/10/2020 11:28:00 PM","Whatcom","Ferndale","State Road","State Patrol","I 5                 ","SMITH RD            ","","261.750","N","N","Clear","Dark-No Street Lights","No Injury Collision","","","Y","N","3","N","N","N","0","0"
"EA57020","8/11/2020 4:50:00 AM","Whatcom","Everson","State Road","State Patrol","SR 544              ","HANNEGAN ROAD       ","","2.170","N","N","Clear","Dark-No Street Lights","Unknown Injury Collision","","POWER POLE","Y","Y","1","N","N","N","0","0"
"EA55827","8/12/2020 2:26:00 AM","Whatcom","Lynden","State Road","State Patrol","SR 546              ","DEPOT RD            ","","2.000","N","Y","Overcast","Dark-No Street Lights","No Injury Collision","","SIGN","Y","N","1","N","N","N","0","0"
"EA56163","8/14/2020 1:18:00 PM","Whatcom","Bellingham","State Road","State Patrol","I 5                 ","STATE ROUTE 539     ","","256.000","N","N","Clear","Daylight","Minor Injury Collision","","Guardrail","Y","N","2","Y","N","N","0","0"
"EA56163","8/14/2020 1:18:00 PM","Whatcom","Bellingham","State Road","State Patrol","I 5                 ","STATE ROUTE 539     ","","256.000","N","N","Clear","Daylight","Minor Injury Collision","","Guardrail","N","N","2","Y","N","N","0","0"
"EA56165","8/14/2020 1:18:00 PM","Whatcom","Bellingham","State Road","State Patrol","I 5                 ","SR 539              ","","256.000","N","N","Clear","Daylight","Minor Injury Collision","","","Y","N","2","Y","N","N","0","0"
"EA56016","8/14/2020 4:26:00 PM","Whatcom","Bellingham","State Road","State Patrol","I 5                 ","IOWA ST             ","","254.000","N","N","Clear","Daylight","No Injury Collision","","","Y","N","2","N","Y","N","0","0"
"EA57022","8/15/2020 8:08:00 AM","Whatcom","Ferndale","State Road","State Patrol","I 5                 ","BIRCH BAY-LYNDEN RD ","","270.000","N","N","Clear","Daylight","Minor Injury Collision","","","Y","N","1","N","N","N","0","0"
"EA57791","8/15/2020 8:30:00 PM","Whatcom","Sumas","State Road","State Patrol","SR 9                ","RAILROAD ST         ","","96.000","N","N","Clear","Daylight","No Injury Collision","","","Y","N","2","N","Y","N","0","0"
"EA57021","8/18/2020 6:57:00 AM","Whatcom","Bellingham","State Road","State Patrol","I 5                 ","SR 542              ","","255.000","N","Y","Clear","Daylight","No Injury Collision","","","Y","N","2","N","Y","N","0","0"
"EA57023","8/19/2020 6:22:00 AM","Whatcom","Ferndale","State Road","State Patrol","I 5                 ","PORTAL WAY          ","","263.360","N","N","Clear","Daylight","No Injury Collision","","CABLE BARRIER","Y","N","1","Y","N","N","0","0"
"EA57603","8/19/2020 2:53:00 PM","Whatcom","Lynden","State Road","State Patrol","SR 539              ","H STREET ROAD       ","","14.000","N","N","Overcast","Daylight","Minor Injury Collision","","","Y","N","2","N","N","N","0","0"
"EA58055","8/20/2020 8:14:00 AM","Whatcom","Bellingham","State Road","State Patrol","SR 539              ","10 MILE ROAD        ","","6.000","N","Y","Overcast","Daylight","No Injury Collision","","Metal Sign Post","N","N","1","N","N","N","0","0"
"EA58643","8/20/2020 6:50:00 PM","Whatcom","Sumas","State Road","State Patrol","SR 547              ","MOSEY CT            ","","1.600","N","N","Raining","Dusk","Minor Injury Collision","","Wooden Fence","Y","N","2","N","N","N","0","0"
"EA58644","8/20/2020 10:20:00 PM","Whatcom","Bellingham","State Road","State Patrol","SR 539              ","E STUART ST         ","","1.230","N","Y","Raining","Dark-Street Lights On","Minor Injury Collision","","","Y","N","2","N","N","N","0","0"
"EA58645","8/21/2020 5:57:00 AM","Whatcom","Bellingham","State Road","State Patrol","I 5                 ","IOWA ST             ","","253.700","N","N","Overcast","Dawn","No Injury Collision","","Street Light Pole","Y","Y","1","N","N","N","0","0"
"EA57598","8/21/2020 2:47:00 PM","Whatcom","Lynden","State Road","State Patrol","SR 539              ","RIVER ROAD          ","","9.500","N","N","Overcast","Daylight","Minor Injury Collision","","Guardrail","Y","N","1","Y","N","N","0","0"
"EA58328","8/21/2020 3:15:00 PM","Whatcom","Bellingham","State Road","State Patrol","SR 542              ","FIRST STREET        ","","13.600","N","N","Clear","Daylight","Minor Injury Collision","","","Y","N","2","N","N","N","0","0"
"EA58642","8/21/2020 5:05:00 PM","Whatcom","Bellingham","State Road","State Patrol","SR 539              ","SMITH RD            ","","3.480","N","N","Raining","Daylight","No Injury Collision","","","N","N","2","N","N","N","0","0"
"EA58642","8/21/2020 5:05:00 PM","Whatcom","Bellingham","State Road","State Patrol","SR 539              ","SMITH RD            ","","3.480","N","N","Raining","Daylight","No Injury Collision","","","Y","N","2","N","N","N","0","0"
"EA58056","8/22/2020 3:59:00 PM","Whatcom","Bellingham","State Road","State Patrol","SR 539              ","AXTON RD            ","","4.500","N","N","Clear","Daylight","No Injury Collision","","","N","Y","2","N","N","N","0","0"
"EA58056","8/22/2020 3:59:00 PM","Whatcom","Bellingham","State Road","State Patrol","SR 539              ","AXTON RD            ","","4.500","N","N","Clear","Daylight","No Injury Collision","","","Y","Y","2","N","N","N","0","0"
"EA57794","8/22/2020 5:28:00 PM","Whatcom","Bellingham","State Road","State Patrol","I 5                 ","MERIDIAN            ","","256.000","N","N","Overcast","Daylight","No Injury Collision","","","Y","N","1","N","N","N","0","0"
"EA59760","8/23/2020 11:15:00 AM","Whatcom","Concrete","State Road","State Patrol","SR 20               ","MILE POST 143       ","","143.800","N","N","Clear","Daylight","Fatal Collision","","","Y","N","2","Y","N","N","0","0"
"EA59114","8/23/2020 7:05:00 PM","Whatcom","Sumas","State Road","State Patrol","SR 9                ","STRAND              ","","75.000","N","N","Clear","Daylight","Minor Injury Collision","","","Y","N","1","Y","N","N","0","0"
"EA58646","8/25/2020 12:15:00 PM","Whatcom","Lynden","State Road","State Patrol","SR 546              ","TRAPLINE RD         ","","6.000","N","Y","Clear","Daylight","No Injury Collision","","","Y","N","2","N","N","N","0","0"
"EA61273","8/25/2020 1:15:00 PM","Whatcom","Ferndale","State Road","State Patrol","I5                  ","MAIN STREET         ","","262.000","N","N","Clear","Daylight","No Injury Collision","","","N","N","4","Y","N","N","0","0"
"EA61273","8/25/2020 1:15:00 PM","Whatcom","Ferndale","State Road","State Patrol","I5                  ","MAIN STREET         ","","262.000","N","N","Clear","Daylight","No Injury Collision","","","Y","N","4","Y","N","N","0","0"
"EA58556","8/25/2020 1:16:00 PM","Whatcom","Ferndale","State Road","State Patrol","I 5                 ","SMITH RD            ","","261.560","N","N","Clear","Daylight","Minor Injury Collision","","","Y","N","3","Y","N","N","0","0"
"EA61275","8/28/2020 1:39:00 PM","Whatcom","Bellingham","State Road","State Patrol","I 5                 ","SR 11               ","","249.000","N","N","Clear","Daylight","Minor Injury Collision","","Earth Bank or Ledge","Y","N","1","N","N","N","0","0"
"EA61276","8/28/2020 1:50:00 PM","Whatcom","Bellingham","State Road","State Patrol","I5                  ","SR 11               ","","248.000","N","N","Clear","Daylight","No Injury Collision","","","Y","N","3","Y","N","N","0","0"
"EA60543","8/29/2020 12:51:00 PM","Whatcom","Nooksack","State Road","State Patrol","SR 9                ","MALENG RD           ","","70.600","N","N","Clear","Daylight","Serious Injury Collision","","DEER","Y","N","1","Y","N","N","0","0"
"EA61274","8/29/2020 3:52:00 PM","Whatcom","Bellingham","State Road","State Patrol","I 5                 ","BAKERVIEW ROAD      ","","258.000","N","Y","Clear","Daylight","No Injury Collision","","","Y","N","2","N","N","N","0","0"
"EA62150","8/30/2020 2:50:00 AM","Whatcom","Bellingham","State Road","State Patrol","SR 542              ","BELLS CREEK RD      ","","18.000","N","N","Clear","Dark-No Street Lights","No Injury Collision","","horse","Y","N","1","N","N","N","0","0"
"EA59831","8/30/2020 10:12:00 AM","Whatcom","Bellingham","State Road","State Patrol","I5                  ","SUNSET DRIVE        ","","255.100","N","N","Overcast","Daylight","No Injury Collision","","DEER","Y","N","1","N","N","N","0","0"
"EA61557","8/30/2020 2:59:00 PM","Whatcom","Concrete","State Road","State Patrol","SR20                ","SR530               ","","114.100","N","N","Clear","Daylight","Minor Injury Collision","","Rock Bank or Ledge","Y","N","2","Y","N","N","0","0"
"EA60540","8/30/2020 7:35:00 PM","Whatcom","Lynden","State Road","State Patrol","SR 544              ","NOON RD             ","","4.000","N","Y","Raining","Dusk","No Injury Collision","","Earth Bank or Ledge","Y","N","1","Y","N","N","0","0"
"EA59968","8/30/2020 7:54:00 PM","Whatcom","Lynden","State Road","State Patrol","SR 539              ","WISER LAKE RD       ","","8.500","N","Y","Raining","Dark-Street Lights On","No Injury Collision","","sign","Y","N","1","N","N","N","0","0"
"EA61403","8/31/2020 10:01:00 AM","Whatcom","Ferndale","State Road","State Patrol","I 5 ON RAMP         ","AXTON RD            ","","262.000","N","Y","Clear","Daylight","No Injury Collision","","","Y","N","2","N","Y","N","0","0"
"EA61405","9/1/2020 7:49:00 AM","Whatcom","Nooksack","State Road","State Patrol","SR 542              ","MITCHELL RD         ","","13.400","N","N","Overcast","Daylight","Minor Injury Collision","","Earth Bank or Ledge","Y","N","1","N","N","N","0","0"
"EA60769","9/2/2020 12:35:00 PM","Whatcom","Bellingham","State Road","State Patrol","SR 539              ","I 5                 ","","0.050","N","N","Clear","Daylight","No Injury Collision","","","N","N","2","N","N","N","0","0"
"EA60769","9/2/2020 12:35:00 PM","Whatcom","Bellingham","State Road","State Patrol","SR 539              ","I 5                 ","","0.050","N","N","Clear","Daylight","No Injury Collision","","","Y","N","2","N","N","N","0","0"
"EA61277","9/2/2020 5:13:00 PM","Whatcom","Bellingham","State Road","State Patrol","I 5                 ","MEIDIAN ST          ","","256.000","N","N","Clear","Daylight","No Injury Collision","","","Y","Y","2","N","N","N","0","0"
"EA61994","9/3/2020 3:26:00 PM","Whatcom","Ferndale","State Road","State Patrol","I5                  ","MILEPOST 269        ","","269.000","N","N","Clear","Daylight","No Injury Collision","","","Y","Y","2","N","N","N","0","0"
"EA61007","9/3/2020 5:15:00 PM","Whatcom","Bellingham","State Road","State Patrol","SR 542              ","DEMING ROAD         ","","14.000","N","N","Clear","Daylight","Minor Injury Collision","","","Y","N","2","Y","N","N","0","0"
"EA62460","9/3/2020 8:45:00 PM","Whatcom","Bellingham","State Road","State Patrol","I 5                 ","LAKEWAY DRIVE       ","","253.100","N","N","Overcast","Dark-Street Lights On","No Injury Collision","","Cable Barrier","Y","N","1","N","N","N","0","0"
"EA62489","9/3/2020 8:47:00 PM","Whatcom","Lynden","State Road","State Patrol","SR 544              ","HANNEGAN ROAD       ","","2.000","N","N","Clear","Dark-No Street Lights","Minor Injury Collision","","","Y","N","2","Y","N","N","0","0"
"EA64155","9/3/2020 9:19:00 PM","Whatcom","Bellingham","State Road","State Patrol","SR 539              ","W HEMMI ROAD        ","","5.600","N","N","Clear","Dark-Street Lights On","No Injury Collision","","","Y","Y","2","Y","N","N","0","0"
"EA64154","9/3/2020 10:41:00 PM","Whatcom","Bellingham","State Road","State Patrol","SR 9                ","SR 542              ","","78.700","N","N","Clear","Dark-No Street Lights","No Injury Collision","","animal","Y","N","1","N","N","N","0","0"
"EA63226","9/4/2020 12:27:00 PM","Whatcom","Lynden","State Road","State Patrol","SR 539              ","RIVER RD            ","","9.300","N","N","Clear","Daylight","No Injury Collision","","Guardrail","Y","N","1","N","N","N","0","0"
"EA63226","9/4/2020 12:27:00 PM","Whatcom","Lynden","State Road","State Patrol","SR 539              ","RIVER RD            ","","9.300","N","N","Clear","Daylight","No Injury Collision","","Guardrail","N","N","1","N","N","N","0","0"
"EA62148","9/4/2020 8:15:00 PM","Whatcom","Bellingham","State Road","State Patrol","I 5                 ","IOWA ST             ","","254.000","N","N","Clear","Dark-No Street Lights","No Injury Collision","","","Y","N","2","Y","N","N","0","0"
"EA64156","9/5/2020 12:55:00 AM","Whatcom","Sumas","State Road","State Patrol","SR 542              ","HEATHER MEADOW LODGE","","48.200","N","N","Clear","Dark-No Street Lights","No Injury Collision","","Roadway Ditch","Y","N","1","N","N","N","0","0"
"EA67503","9/5/2020 1:09:00 PM","Whatcom","Bellingham","State Road","State Patrol","SR 542              ","CANYON CREEK RD     ","","35.200","N","N","Overcast","Daylight","Serious Injury Collision","","","Y","N","2","Y","N","N","0","0"
"EA61269","9/5/2020 5:28:00 PM","Whatcom","Lynden","State Road","State Patrol","SR 539              ","SR 544              ","","7.500","N","Y","Clear","Daylight","No Injury Collision","","YIELD SIGN","Y","N","2","N","N","N","0","0"
"EA63228","9/9/2020 12:35:00 PM","Whatcom","Lynden","State Road","State Patrol","SR 539              ","SR 544              ","","7.510","N","N","Clear","Daylight","No Injury Collision","","","Y","N","2","N","N","N","0","0"
"EA63228","9/9/2020 12:35:00 PM","Whatcom","Lynden","State Road","State Patrol","SR 539              ","SR 544              ","","7.510","N","N","Clear","Daylight","No Injury Collision","","","N","N","2","N","N","N","0","0"
"EA63227","9/9/2020 2:16:00 PM","Whatcom","Bellingham","State Road","State Patrol","I 5                 ","SR 542              ","","254.720","N","N","Clear","Daylight","No Injury Collision","","","N","N","2","N","N","N","0","0"
"EA63227","9/9/2020 2:16:00 PM","Whatcom","Bellingham","State Road","State Patrol","I 5                 ","SR 542              ","","254.720","N","N","Clear","Daylight","No Injury Collision","","","Y","N","2","N","N","N","0","0"
"EA63229","9/9/2020 2:42:00 PM","Whatcom","Ferndale","State Road","State Patrol","I 5                 ","MAIN ST             ","","262.850","N","N","Clear","Daylight","Minor Injury Collision","","","Y","N","1","N","N","N","0","0"
"EA63230","9/9/2020 3:05:00 PM","Whatcom","Bellingham","State Road","State Patrol","SR 542              ","GLACIER SPRINGS DR  ","","30.370","N","N","Clear","Daylight","Minor Injury Collision","","","Y","N","2","N","N","N","0","0"
"EA66148","9/10/2020 7:20:00 AM","Whatcom","Bellingham","State Road","State Patrol","SR 542              ","MISSION RD          ","2529  ","","N","N","Clear","Daylight","No Injury Collision","","","N","Y","2","N","N","N","0","0"
"EA66148","9/10/2020 7:20:00 AM","Whatcom","Bellingham","State Road","State Patrol","SR 542              ","MISSION RD          ","2529  ","","N","N","Clear","Daylight","No Injury Collision","","","Y","Y","2","N","N","N","0","0"
"EA64108","9/10/2020 2:43:00 PM","Whatcom","Bellingham","State Road","State Patrol","I 5                 ","NORTHWEST DR        ","","256.000","N","Y","Clear","Daylight","No Injury Collision","","","N","N","2","N","N","N","0","0"
"EA64108","9/10/2020 2:43:00 PM","Whatcom","Bellingham","State Road","State Patrol","I 5                 ","NORTHWEST DR        ","","256.000","N","Y","Clear","Daylight","No Injury Collision","","","Y","N","2","N","N","N","0","0"
"EA64157","9/10/2020 4:00:00 PM","Whatcom","Bellingham","State Road","State Patrol","I 5                 ","IOWA STREET         ","","253.000","N","N","Clear","Daylight","No Injury Collision","","","Y","N","1","N","N","N","0","0"
"EA63794","9/11/2020 1:35:00 PM","Whatcom","Bellingham","State Road","State Patrol","I5                  ","MP246               ","","246.000","N","N","Fog or Smog or Smoke","Daylight","No Injury Collision","","","Y","N","2","Y","N","N","0","0"
"EA64734","9/11/2020 8:13:00 PM","Whatcom","Everson","State Road","State Patrol","SR 542              ","HANNEGAN PASS       ","","55.000","N","N","Fog or Smog or Smoke","Dark-No Street Lights","Minor Injury Collision","","Rock Bank or Ledge","Y","N","1","Y","N","N","0","0"
"EA67504","9/12/2020 3:07:00 PM","Whatcom","Bellingham","State Road","State Patrol","I 5                 ","LAKEWAY DR          ","","252.600","N","N","Clear","Daylight","Minor Injury Collision","","pavement","Y","N","1","N","N","N","0","0"
"EA66146","9/13/2020 12:01:00 PM","Whatcom","Bellingham","State Road","State Patrol","SR 539              ","TELEGRAPH           ","","0.100","N","N","Overcast","Daylight","Minor Injury Collision","","Tree or Stump","N","N","4","Y","N","N","0","0"
"EA66146","9/13/2020 12:01:00 PM","Whatcom","Bellingham","State Road","State Patrol","SR 539              ","TELEGRAPH           ","","0.100","N","N","Overcast","Daylight","Minor Injury Collision","","Tree or Stump","Y","N","4","Y","N","N","0","0"
"EA64224","9/14/2020 9:16:00 PM","Whatcom","Bellingham","State Road","State Patrol","I 5                 ","MERIDIAN            ","","256.000","N","N","Raining","Dark-Street Lights On","No Injury Collision","","Guardrail","Y","N","1","N","N","N","0","0"
"EA64735","9/16/2020 1:30:00 AM","Whatcom","Ferndale","State Road","State Patrol","I5                  ","SLATER RD           ","","261.000","N","N","Fog or Smog or Smoke","Dark - Unknown Lighting","Unknown Injury Collision","","Earth Bank or Ledge","Y","N","1","N","N","N","0","0"