"Collision Report Number","Collision Date","County","City","Jurisdiction","Agency","Primary Trafficway","Secondary Trafficway","Block Number","Mile Post","School Zone","Intersection Related","Weather Condition","Lighting Condition","Injury Severity","Collision Type","Object Struck","Damage Threshold Met","Hit and Run","Motor Vehicles Involved","Passengers Involved","Commercial Carrier Involved","School Bus Involved","Pedestrians Involved","Pedalcyclists Involved"
"EA64736","9/16/2020 3:36:00 AM","Whatcom","Bellingham","State Road","State Patrol","I5                  ","LAKEWAY             ","","253.000","N","N","Fog or Smog or Smoke","Dark-Street Lights On","Unknown Injury Collision","","Concrete/Jersey Barrier","Y","Y","1","N","N","N","0","0"
"EA66147","9/17/2020 8:26:00 AM","Whatcom","Ferndale","State Road","State Patrol","I 5                 ","MAIN ST             ","","262.400","N","N","Fog or Smog or Smoke","Other","No Injury Collision","","cable barrier, bushes","Y","N","1","Y","N","N","0","0"
"EA66149","9/17/2020 8:27:00 AM","Whatcom","Ferndale","State Road","State Patrol","I 5                 ","MAIN ST             ","","262.300","N","N","Clear","Daylight","Minor Injury Collision","","","Y","N","2","N","N","N","0","0"
"EA64752","9/17/2020 4:27:00 PM","Whatcom","Lynden","State Road","State Patrol","SR 544              ","HANNEGAN ROAD       ","","1.970","N","Y","Fog or Smog or Smoke","Daylight","Minor Injury Collision","","","Y","Y","2","N","N","N","0","0"
"EA67506","9/18/2020 3:55:00 PM","Whatcom","Bellingham","State Road","State Patrol","I 5                 ","SR 539              ","","256.100","N","N","Overcast","Daylight","No Injury Collision","","","Y","N","2","N","N","N","0","0"
"EA67506","9/18/2020 3:55:00 PM","Whatcom","Bellingham","State Road","State Patrol","I 5                 ","SR 539              ","","256.100","N","N","Overcast","Daylight","No Injury Collision","","","N","N","2","N","N","N","0","0"
"EA67710","9/18/2020 7:50:00 PM","Whatcom","Ferndale","State Road","State Patrol","I-5                 ","PEACE PORTAL        ","","272.000","N","N","Fog or Smog or Smoke","Dark-No Street Lights","Serious Injury Collision","","Roadway Ditch","Y","N","1","N","N","N","0","0"
"EA66621","9/19/2020 12:03:00 AM","Whatcom","Lynden","State Road","State Patrol","SR 539              ","SR 546              ","","13.200","N","N","Clear","Dark-No Street Lights","Minor Injury Collision","","Culvert","Y","N","1","N","N","N","0","0"
"EA66120","9/19/2020 7:43:00 PM","Whatcom","Everson","State Road","State Patrol","SR 542              ","CEDARVILLE RD       ","","9.100","N","N","Overcast","Dark-No Street Lights","No Injury Collision","","","Y","N","3","N","N","N","0","0"
"EA66150","9/20/2020 11:39:00 AM","Whatcom","Bellingham","State Road","State Patrol","SR 542              ","MOSQUITO LAKE RD    ","","16.050","N","N","Clear","Daylight","No Injury Collision","","","Y","N","2","N","N","N","0","0"
"EA66151","9/20/2020 3:25:00 PM","Whatcom","Bellingham","State Road","State Patrol","I 5                 ","SAMISH WAY          ","","252.100","N","N","Clear","Daylight","No Injury Collision","","","Y","Y","2","N","N","N","0","0"
"EA67507","9/22/2020 4:57:00 AM","Whatcom","Lynden","State Road","State Patrol","SR 539              ","WISER LAKE ROAD     ","","8.570","N","Y","Raining","Dark-Street Lights On","No Injury Collision","","CONCRETE CURB","Y","N","1","N","N","N","0","0"
"EA71497","9/22/2020 6:59:00 AM","Whatcom","Ferndale","State Road","State Patrol","I 5                 ","SLATER ROAD         ","","261.130","N","N","Clear","Daylight","No Injury Collision","","","N","N","2","N","N","N","0","0"
"EA71497","9/22/2020 6:59:00 AM","Whatcom","Ferndale","State Road","State Patrol","I 5                 ","SLATER ROAD         ","","261.130","N","N","Clear","Daylight","No Injury Collision","","","Y","N","2","N","N","N","0","0"
"EA66122","9/22/2020 8:26:00 AM","Whatcom","Concrete","State Road","State Patrol","SR 20               ","","","124.100","N","N","Overcast","Daylight","No Injury Collision","","rocks","Y","N","1","Y","N","N","0","0"
"EA66121","9/22/2020 8:29:00 AM","Whatcom","Bellingham","State Road","State Patrol","SR 9                ","POTTER RD           ","","77.400","N","Y","Overcast","Daylight","Minor Injury Collision","","","Y","N","2","N","N","N","0","0"
"EA66123","9/22/2020 9:44:00 AM","Whatcom","Ferndale","State Road","State Patrol","I 5                 ","PORTAL WAY          ","","263.300","N","N","Overcast","Daylight","Minor Injury Collision","","cable barrier","Y","N","1","N","N","N","0","0"
"EA66152","9/23/2020 6:03:00 AM","Whatcom","Everson","State Road","State Patrol","SR 544              ","EVERSON-GOSHEN RD   ","","5.150","N","N","Raining","Dark-Street Lights On","No Injury Collision","","speed limit sign, telephone pole, bank","Y","N","1","N","N","N","0","0"
"EA67505","9/23/2020 12:49:00 PM","Whatcom","Bellingham","State Road","State Patrol","SR 542              ","MARKEL RD           ","","19.500","N","N","Raining","Daylight","No Injury Collision","","trees, bushes","Y","N","1","N","N","N","0","0"
"EA68151","9/23/2020 7:55:00 PM","Whatcom","Bellingham","State Road","State Patrol","I 5                 ","SUNSET              ","","255.000","N","N","Raining","Dark - Unknown Lighting","No Injury Collision","","CABLE BARRIER","Y","N","1","N","N","N","0","0"
"EA66153","9/23/2020 8:10:00 PM","Whatcom","Bellingham","State Road","State Patrol","I 5                 ","SR 542              ","","255.200","N","N","Raining","Dark-Street Lights On","No Injury Collision","","Cable Barrier","Y","N","1","Y","N","N","0","0"
"EA67508","9/24/2020 3:37:00 PM","Whatcom","Bellingham","State Road","State Patrol","I 5                 ","SR 542              ","","255.250","N","N","Overcast","Daylight","No Injury Collision","","","Y","N","2","Y","N","N","0","0"
"EA67509","9/26/2020 12:00:00 AM","Whatcom","Bellingham","State Road","State Patrol","SR 11               ","SPOKANE ST          ","","18.030","N","N","Raining","Dark-Street Lights On","No Injury Collision","","cement barrier","Y","Y","1","N","N","N","0","0"
"EA67510","9/26/2020 2:35:00 PM","Whatcom","Bellingham","State Road","State Patrol","I 5                 ","IOWA ST             ","","253.800","N","N","Raining","Daylight","No Injury Collision","","Concrete/Jersey Barrier","Y","N","1","Y","N","N","0","0"
"EA67510","9/26/2020 2:35:00 PM","Whatcom","Bellingham","State Road","State Patrol","I 5                 ","IOWA ST             ","","253.800","N","N","Raining","Daylight","No Injury Collision","","Concrete/Jersey Barrier","N","N","1","Y","N","N","0","0"
"EA70251","9/26/2020 11:26:00 PM","Whatcom","Lynden","State Road","State Patrol","SR 544              ","HANNEGAN ROAD       ","","1.300","N","N","Clear","Dark-No Street Lights","Fatal Collision","","Tree or Stump","Y","N","1","N","N","N","0","0"
"EA72105","9/28/2020 5:10:00 PM","Whatcom","Bellingham","State Road","State Patrol","I 5                 ","SR 542              ","","254.500","N","N","Clear","Daylight","No Injury Collision","","","Y","N","2","N","N","N","0","0"
"EA68094","9/29/2020 10:11:00 AM","Whatcom","Bellingham","State Road","State Patrol","SR 542              ","SR 9                ","","14.600","N","N","Clear","Daylight","No Injury Collision","","Dirt Bank","Y","N","1","N","N","N","0","0"
"EA71570","9/29/2020 3:22:00 PM","Whatcom","Lynden","State Road","State Patrol","SR 546              ","BENSON RD           ","","1.000","N","Y","Clear","Daylight","Minor Injury Collision","","","Y","N","2","Y","N","N","0","0"
"EA70254","9/29/2020 11:10:00 PM","Whatcom","Blaine","State Road","State Patrol","I 5                 ","BIRCH BAY LYNDEN RD ","","270.500","N","N","Clear","Dark-No Street Lights","No Injury Collision","","Metal Sign Post","Y","Y","1","N","N","N","0","0"
"EA69150","9/30/2020 12:25:00 PM","Whatcom","Bellingham","State Road","State Patrol","SR 539              ","SMITH RD            ","","3.400","N","N","Clear","Daylight","No Injury Collision","","","Y","N","2","Y","N","N","0","0"
"EA70122","10/2/2020 11:35:00 AM","Whatcom","Ferndale","State Road","State Patrol","I 5                 ","MAIN ST             ","","262.580","N","N","Clear","Daylight","No Injury Collision","","","Y","N","3","N","Y","N","0","0"
"EA70122","10/2/2020 11:35:00 AM","Whatcom","Ferndale","State Road","State Patrol","I 5                 ","MAIN ST             ","","262.580","N","N","Clear","Daylight","No Injury Collision","","","N","N","3","N","Y","N","0","0"
"EA69151","10/2/2020 1:35:00 PM","Whatcom","Bellingham","State Road","State Patrol","SR 539              ","AXTON RD            ","","4.490","N","Y","Clear","Daylight","No Injury Collision","","","Y","N","2","N","N","N","0","0"
"EA69151","10/2/2020 1:35:00 PM","Whatcom","Bellingham","State Road","State Patrol","SR 539              ","AXTON RD            ","","4.490","N","Y","Clear","Daylight","No Injury Collision","","","N","N","2","N","N","N","0","0"
"EA69152","10/2/2020 4:44:00 PM","Whatcom","Ferndale","State Road","State Patrol","SR 548              ","PORTAL WAY          ","","0.240","N","N","Clear","Daylight","No Injury Collision","","","Y","N","2","N","N","N","0","0"
"EA69339","10/2/2020 11:57:00 PM","Whatcom","Bellingham","State Road","State Patrol","I5                  ","E. SUNSET           ","","254.000","N","N","Overcast","Dark-No Street Lights","No Injury Collision","","","Y","N","3","Y","Y","N","0","0"
"EA71569","10/3/2020 9:46:00 AM","Whatcom","Nooksack","State Road","State Patrol","SR 9                ","STRAND ROAD         ","","75.100","N","N","Clear","Daylight","Unknown Injury Collision","","DITCH/ CULVERT/ DIRT BANK","Y","N","1","N","N","N","0","0"
"EA70255","10/3/2020 9:31:00 PM","Whatcom","Nooksack","State Road","State Patrol","SR 9                ","HATLEY RD           ","","84.600","N","N","Clear","Dark-No Street Lights","No Injury Collision","","Power pole","Y","N","1","N","N","N","0","0"
"EA70257","10/3/2020 11:13:00 PM","Whatcom","Bellingham","State Road","State Patrol","I 5                 ","SR 11               ","","249.800","N","N","Clear","Dark-No Street Lights","No Injury Collision","","Earth Bank or Ledge","Y","N","1","N","N","N","0","0"
"EA70258","10/3/2020 11:41:00 PM","Whatcom","Bellingham","State Road","State Patrol","I 5                 ","LAKEWAY DRIVE       ","","253.000","N","N","Clear","Dark-No Street Lights","Unknown Injury Collision","","Guardrail","Y","N","1","N","N","N","0","0"
"EA70124","10/6/2020 8:32:00 AM","Whatcom","Bellingham","State Road","State Patrol","I 5                 ","NULLE RD            ","","244.140","N","N","Clear","Daylight","No Injury Collision","","Guardrail","Y","N","1","Y","N","N","0","0"
"EA71571","10/6/2020 1:49:00 PM","Whatcom","Ferndale","State Road","State Patrol","SR 548              ","KICKERVILLE ROAD    ","","3.750","N","N","Clear","Daylight","No Injury Collision","","Power Line / Utility Line","Y","N","1","N","Y","N","0","0"
"EA71571","10/6/2020 1:49:00 PM","Whatcom","Ferndale","State Road","State Patrol","SR 548              ","KICKERVILLE ROAD    ","","3.750","N","N","Clear","Daylight","No Injury Collision","","Power Line / Utility Line","N","N","1","N","Y","N","0","0"
"EA70123","10/7/2020 6:57:00 AM","Whatcom","Bellingham","State Road","State Patrol","SR 539              ","KELLY RD            ","","2.480","N","Y","Fog or Smog or Smoke","Dark-Street Lights On","No Injury Collision","","","Y","N","2","Y","N","N","0","0"
"EA70125","10/7/2020 3:24:00 PM","Whatcom","Everson","State Road","State Patrol","SR 544              ","GOLF VIEW DR        ","","1.760","N","Y","Clear","Daylight","No Injury Collision","","","Y","N","2","Y","N","N","0","0"
"EA79082","10/10/2020 9:53:00 PM","Whatcom","Bellingham","State Road","State Patrol","I 5                 ","SLATER ROAD         ","","260.000","N","Y","Overcast","Dark - Unknown Lighting","No Injury Collision","","","N","Y","2","N","N","N","0","0"
"EA79082","10/10/2020 9:53:00 PM","Whatcom","Bellingham","State Road","State Patrol","I 5                 ","SLATER ROAD         ","","260.000","N","Y","Overcast","Dark - Unknown Lighting","No Injury Collision","","","Y","Y","2","N","N","N","0","0"
"EA72102","10/10/2020 11:35:00 PM","Whatcom","Bellingham","State Road","State Patrol","E542                ","MOSQUITO LAKE ROAD  ","","16.200","N","N","Overcast","Dark-Street Lights On","No Injury Collision","","banner, power pole, mailboxes","Y","N","1","N","N","N","0","0"
"EA72218","10/11/2020 8:26:00 AM","Whatcom","Bellingham","State Road","State Patrol","I 5                 ","SR 539              ","","256.110","N","N","Raining","Daylight","No Injury Collision","","Guardrail","Y","N","1","N","N","N","0","0"
"EA72103","10/11/2020 7:16:00 PM","Whatcom","Bellingham","State Road","State Patrol","I5                  ","N LAKE SAMISH ROAD  ","","245.000","N","N","Raining","Dark-No Street Lights","No Injury Collision","","Guardrail","Y","N","1","N","N","N","0","0"
"EA72104","10/11/2020 11:20:00 PM","Whatcom","Bellingham","State Road","State Patrol","I5                  ","SR 539              ","","256.000","N","Y","Raining","Dark-Street Lights On","No Injury Collision","","Concrete/Jersey Barrier","Y","N","1","N","N","N","0","0"
"EA72104","10/11/2020 11:20:00 PM","Whatcom","Bellingham","State Road","State Patrol","I5                  ","SR 539              ","","256.000","N","Y","Raining","Dark-Street Lights On","No Injury Collision","","Concrete/Jersey Barrier","N","N","1","N","N","N","0","0"
"EA72576","10/12/2020 10:30:00 AM","Whatcom","Bellingham","State Road","State Patrol","SR 539              ","KLINE RD            ","","2.400","N","N","Clear","Daylight","No Injury Collision","","Concrete/Jersey Barrier","Y","N","1","N","N","N","0","0"
"EA72576","10/12/2020 10:30:00 AM","Whatcom","Bellingham","State Road","State Patrol","SR 539              ","KLINE RD            ","","2.400","N","N","Clear","Daylight","No Injury Collision","","Concrete/Jersey Barrier","N","N","1","N","N","N","0","0"
"EA72896","10/12/2020 1:50:00 PM","Whatcom","Bellingham","State Road","State Patrol","I 5                 ","SR 11               ","","248.000","N","N","Overcast","Daylight","No Injury Collision","","","Y","Y","2","N","N","N","0","0"
"EA72215","10/12/2020 3:50:00 PM","Whatcom","Bellingham","State Road","State Patrol","I 5                 ","NORTHWEST AVE       ","","257.130","N","N","Overcast","Daylight","Minor Injury Collision","","ditch","Y","N","1","N","N","N","0","0"
"EA75649","10/12/2020 9:41:00 PM","Whatcom","Bellingham","State Road","State Patrol","I5                  ","SR 542              ","","255.100","N","N","Overcast","Dark-Street Lights On","No Injury Collision","","deer","Y","N","1","Y","N","N","0","0"
"EA72219","10/13/2020 11:39:00 AM","Whatcom","Bellingham","State Road","State Patrol","I 5                 ","NORTHWEST AVE       ","","256.750","N","N","Clear","Daylight","No Injury Collision","","","Y","N","2","N","N","N","0","0"
"EA74164","10/13/2020 2:26:00 PM","Whatcom","Ferndale","State Road","State Patrol","I 5                 ","SLATER RD           ","","259.790","N","N","Clear","Daylight","No Injury Collision","","","Y","N","2","N","N","N","0","0"
"EA74164","10/13/2020 2:26:00 PM","Whatcom","Ferndale","State Road","State Patrol","I 5                 ","SLATER RD           ","","259.790","N","N","Clear","Daylight","No Injury Collision","","","N","N","2","N","N","N","0","0"
"EA75648","10/13/2020 4:49:00 PM","Whatcom","Bellingham","State Road","State Patrol","SR539               ","SMITH ROAD          ","","3.500","N","Y","Overcast","Daylight","Minor Injury Collision","","","Y","Y","2","N","N","N","0","0"
"EA75646","10/15/2020 6:08:00 PM","Whatcom","Bellingham","State Road","State Patrol","SR 539              ","KELLY ROAD          ","","2.480","N","Y","Overcast","Daylight","No Injury Collision","","","Y","N","2","Y","N","N","0","0"
"EA72897","10/16/2020 5:40:00 AM","Whatcom","Bellingham","State Road","State Patrol","I 5                 ","SAMISH WAY          ","","252.500","N","N","Overcast","Dark-Street Lights On","No Injury Collision","","Metal Sign Post","Y","N","1","N","N","N","0","0"
"EA72898","10/16/2020 12:03:00 PM","Whatcom","Bellingham","State Road","State Patrol","I 5                 ","SAMISH WAY          ","","252.480","N","N","Raining","Daylight","No Injury Collision","","","N","Y","2","N","Y","N","0","0"
"EA72898","10/16/2020 12:03:00 PM","Whatcom","Bellingham","State Road","State Patrol","I 5                 ","SAMISH WAY          ","","252.480","N","N","Raining","Daylight","No Injury Collision","","","Y","Y","2","N","Y","N","0","0"
"EA73532","10/16/2020 12:08:00 PM","Whatcom","Blaine","State Road","State Patrol","SR 543              ","BOBLETT ST          ","","1.000","N","Y","Raining","Daylight","Minor Injury Collision","","","Y","N","2","N","Y","N","0","0"
"EA74162","10/16/2020 2:38:00 PM","Whatcom","Bellingham","State Road","State Patrol","I 5                 ","LAKEWAY DR          ","","253.530","N","N","Overcast","Daylight","No Injury Collision","","concrete barrier","Y","N","1","N","N","N","0","0"
"EA74162","10/16/2020 2:38:00 PM","Whatcom","Bellingham","State Road","State Patrol","I 5                 ","LAKEWAY DR          ","","253.530","N","N","Overcast","Daylight","No Injury Collision","","concrete barrier","N","N","1","N","N","N","0","0"
"EA74163","10/16/2020 3:10:00 PM","Whatcom","Bellingham","State Road","State Patrol","I 5                 ","IOWA ST             ","","253.500","N","N","Clear","Daylight","No Injury Collision","","","Y","N","2","N","N","N","0","0"
"EA75532","10/16/2020 3:24:00 PM","Whatcom","Nooksack","State Road","State Patrol","SR 9                ","POTTER RD           ","","77.800","N","N","Overcast","Daylight","No Injury Collision","","mud bog","Y","N","2","Y","N","N","0","0"
"EA75650","10/16/2020 3:45:00 PM","Whatcom","Blaine","State Road","State Patrol","HELWEG ROAD         ","BIRCH BAY STATE PARK","5123  ","","N","Y","Overcast","Daylight","No Injury Collision","","welcome building roof  parts","Y","N","1","N","N","N","0","0"
"EA74161","10/16/2020 5:30:00 PM","Whatcom","Bellingham","State Road","State Patrol","I 5                 ","SR 539              ","","256.150","N","N","Overcast","Daylight","No Injury Collision","","","Y","N","2","Y","N","N","0","0"
"EA75651","10/16/2020 6:50:00 PM","Whatcom","Bellingham","State Road","State Patrol","I 5                 ","SR 539              ","","256.000","N","Y","Overcast","Dark - Unknown Lighting","Minor Injury Collision","","","Y","N","2","N","N","N","0","0"
"EA76710","10/16/2020 6:50:00 PM","Whatcom","Lynden","State Road","State Patrol","SR 546              ","NORTHWOOD RD        ","","3.530","N","Y","Overcast","Dark-Street Lights On","No Injury Collision","","","Y","N","2","Y","N","N","0","0"
"EA74165","10/17/2020 3:00:00 PM","Whatcom","Bellingham","State Road","State Patrol","SR 539              ","HEMMI RD            ","","5.600","N","N","Clear","Daylight","No Injury Collision","","","Y","N","2","Y","N","N","0","0"
"EA76711","10/17/2020 6:47:00 PM","Whatcom","Bellingham","State Road","State Patrol","I-5 ON RAMP         ","SR-542/SUNSET       ",".     ","","N","Y","Overcast","Dark-Street Lights On","No Injury Collision","","","Y","N","2","Y","N","N","0","0"
"EA76717","10/17/2020 7:15:00 PM","Whatcom","Everson","State Road","State Patrol","SR 544              ","VAN DYK ROAD        ","","6.200","N","N","Raining","Dark-No Street Lights","No Injury Collision","","","N","Y","2","Y","N","N","0","0"
"EA76717","10/17/2020 7:15:00 PM","Whatcom","Everson","State Road","State Patrol","SR 544              ","VAN DYK ROAD        ","","6.200","N","N","Raining","Dark-No Street Lights","No Injury Collision","","","Y","Y","2","Y","N","N","0","0"
"EA91075","10/18/2020 5:32:00 PM","Whatcom","Bellingham","State Road","State Patrol","I 5                 ","SR 539              ","","256.200","N","N","Raining","Daylight","No Injury Collision","","Guardrail","Y","N","1","N","N","N","0","0"
"EA75652","10/20/2020 7:55:00 PM","Whatcom","Bellingham","State Road","State Patrol","SR 542              ","FINSRUD RD          ","","10.600","N","N","Overcast","Dark-Street Lights On","Minor Injury Collision","","Over Embankment","Y","N","2","N","N","N","0","0"
"EA75533","10/21/2020 3:41:00 PM","Whatcom","Blaine","State Road","State Patrol","I 5                 ","PEACE PORTAL DR     ","","274.000","N","Y","Clear","Daylight","No Injury Collision","","","Y","N","2","N","N","N","0","0"
"EA79779","10/22/2020 1:28:00 PM","Whatcom","Bellingham","State Road","State Patrol","I 5                 ","LAKE SAMISH DR      ","","247.000","N","N","Clear","Daylight","No Injury Collision","","ANIMAL","Y","N","1","N","N","N","0","0"
"EA76716","10/22/2020 7:01:00 PM","Whatcom","Bellingham","State Road","State Patrol","SR-539              ","SR-546              ","","12.000","N","N","Clear","Dark-No Street Lights","No Injury Collision","","","Y","N","1","N","N","N","1","0"
"EA76716","10/22/2020 7:01:00 PM","Whatcom","Bellingham","State Road","State Patrol","SR-539              ","SR-546              ","","12.000","N","N","Clear","Dark-No Street Lights","No Injury Collision","","","N","N","1","N","N","N","1","0"
"EA75653","10/22/2020 7:54:00 PM","Whatcom","Sumas","State Road","State Patrol","SR 9                ","E BADGER RD.        ","","94.690","N","N","Clear","Dark-No Street Lights","No Injury Collision","","Cow","Y","N","1","N","Y","N","0","0"
"EA76714","10/23/2020 7:40:00 PM","Whatcom","Sumas","State Road","State Patrol","SR 542              ","SALMON RIDGE ROAD   ","","54.000","N","N","Clear","Dark-No Street Lights","No Injury Collision","","Lake","Y","N","1","N","N","N","0","0"
"EA76718","10/23/2020 10:43:00 PM","Whatcom","Ferndale","State Road","State Patrol","I 5                 ","BIRCH BAY LYNDEN RD ","","270.000","N","N","Overcast","Dark-No Street Lights","No Injury Collision","","Tree or Stump","Y","N","1","N","N","N","0","0"
"EA77203","10/24/2020 11:25:00 AM","Whatcom","Bellingham","State Road","State Patrol","I 5                 ","BAKERVIEW RD        ","","258.500","N","N","Clear","Daylight","No Injury Collision","","","Y","Y","2","N","N","N","0","0"
"EA75531","10/24/2020 12:25:00 PM","Whatcom","Bellingham","State Road","State Patrol","I 5                 ","SR 539              ","","256.000","N","N","Clear","Daylight","Minor Injury Collision","","","N","N","2","N","N","N","0","0"
"EA76715","10/24/2020 8:05:00 PM","Whatcom","Bellingham","State Road","State Patrol","I-5                 ","SR-11               ","","251.000","N","N","Clear","Dark-Street Lights On","No Injury Collision","","Deer","Y","N","1","N","N","N","0","0"
"EA77204","10/28/2020 9:45:00 PM","Whatcom","Bellingham","State Road","State Patrol","SR 539              ","SR 544              ","","7.300","N","N","Clear","Dark-Street Lights On","No Injury Collision","","cable barrier","Y","N","1","N","N","N","0","0"
"EA77206","10/28/2020 11:29:00 PM","Whatcom","Bellingham","State Road","State Patrol","I5                  ","SUNSET              ","","255.000","N","N","Overcast","Dark-Street Lights On","No Injury Collision","","deer","Y","N","1","N","N","N","0","0"
"EA79080","10/29/2020 5:57:00 AM","Whatcom","Bellingham","State Road","State Patrol","I 5                 ","NORTH LAKE SAMISH DR","","245.480","N","N","Overcast","Dark-No Street Lights","Serious Injury Collision","","Wood Sign Post","Y","N","1","N","N","N","0","0"
"EA76713","10/29/2020 6:06:00 AM","Whatcom","Bellingham","State Road","State Patrol","I-5                 ","N LAKE SAMMISH      ","","245.000","N","N","Overcast","Dark-No Street Lights","No Injury Collision","","","Y","N","2","Y","N","N","0","0"
"EA78931","10/29/2020 11:07:00 PM","Whatcom","Everson","State Road","State Patrol","SR 9                ","ROTHENBULHER RD     ","","71.100","N","N","Clear","Dark-No Street Lights","No Injury Collision","","Guardrail","Y","N","1","N","N","N","0","0"
"EA77205","10/30/2020 4:01:00 AM","Whatcom","Bellingham","State Road","State Patrol","I 5                 ","SAMISH WAY          ","","251.900","N","N","Raining","Dark-Street Lights On","No Injury Collision","","Cable Barrier","Y","N","1","N","N","N","0","0"
"EA77207","10/30/2020 5:09:00 AM","Whatcom","Bellingham","State Road","State Patrol","SR 542              ","BELLS CREEK RD      ","","18.100","N","N","Raining","Dark-Street Lights Off","No Injury Collision","","Roadway Ditch","Y","N","1","N","N","N","0","0"
"EA79079","10/30/2020 7:00:00 AM","Whatcom","Bellingham","State Road","State Patrol","I 5                 ","SR 542              ","","254.900","N","Y","Overcast","Dark-No Street Lights","No Injury Collision","","S=","Y","N","2","N","N","N","0","0"
"EA76712","10/30/2020 7:01:00 AM","Whatcom","Bellingham","State Road","State Patrol","I-5                 ","SUNSET DR           ","","255.000","N","N","Clear","Daylight","No Injury Collision","","Deer","Y","N","1","N","N","N","0","0"
"EA76719","10/30/2020 10:11:00 AM","Whatcom","Bellingham","State Road","State Patrol","I-5                 ","SUNSET DR           ","","254.000","N","N","Overcast","Daylight","No Injury Collision","","","Y","N","2","Y","N","N","0","0"
"EA76720","10/30/2020 2:14:00 PM","Whatcom","Lynden","State Road","State Patrol","SR 539              ","SR 544              ","","7.500","N","Y","Clear","Daylight","No Injury Collision","","","Y","N","2","N","N","N","0","0"
"EA78929","10/31/2020 12:40:00 AM","Whatcom","Blaine","State Road","State Patrol","SR 548              ","BAY RD              ","","6.800","N","N","Clear","Dark-No Street Lights","No Injury Collision","","Metal Sign Post","Y","N","1","N","N","N","0","0"
"EA82296","10/31/2020 2:35:00 AM","Whatcom","Bellingham","State Road","State Patrol","SR 542              ","WELLS CREEK RD      ","","41.100","N","N","Raining","Dark-No Street Lights","No Injury Collision","","Tree or Stump","Y","N","1","N","N","N","0","0"
"EA76721","10/31/2020 4:33:00 PM","Whatcom","Bellingham","State Road","State Patrol","E SMITH ROAD        ","SR 539              ","100   ","","N","Y","Clear","Daylight","No Injury Collision","","","N","N","2","N","N","N","0","0"
"EA76721","10/31/2020 4:33:00 PM","Whatcom","Bellingham","State Road","State Patrol","E SMITH ROAD        ","SR 539              ","100   ","","N","Y","Clear","Daylight","No Injury Collision","","","Y","N","2","N","N","N","0","0"
"EA87725","11/1/2020 6:31:00 AM","Whatcom","Bellingham","State Road","State Patrol","SR 542              ","Y ROAD              ","","6.070","N","Y","Overcast","Dawn","No Injury Collision","","Ditch","Y","N","1","Y","N","N","0","0"
"EA76957","11/1/2020 10:33:00 AM","Whatcom","Bellingham","State Road","State Patrol","I5                  ","ON RAMP             ","","252.000","N","Y","Clear","Daylight","No Injury Collision","","freeway entrance sign","Y","N","2","Y","N","N","0","0"
"EA81434","11/1/2020 11:44:00 AM","Whatcom","Ferndale","State Road","State Patrol","I 5                 ","PORTAL WAY          ","","264.500","N","N","Clear","Daylight","No Injury Collision","","Deer","Y","N","1","N","N","N","0","0"
"EA87443","11/2/2020 10:42:00 AM","Whatcom","Bellingham","State Road","State Patrol","SR 20               ","SR 20 MP 138        ","","137.950","N","N","Clear","Daylight","No Injury Collision","","Earth Bank or Ledge","Y","N","1","N","N","N","0","0"
"EA79081","11/2/2020 4:28:00 PM","Whatcom","Lynden","State Road","State Patrol","SR 539              ","PRAIRIE ROAD        ","","14.050","N","Y","Clear","Dusk","Minor Injury Collision","","Ditch","Y","Y","1","Y","N","N","0","0"
"EA78928","11/2/2020 5:10:00 PM","Whatcom","Blaine","State Road","State Patrol","I 5                 ","BIRCH BAY LYNDEN    ","","270.600","N","N","Clear","Dusk","No Injury Collision","","Guardrail","Y","N","1","N","N","N","0","0"
"EA77209","11/2/2020 10:05:00 PM","Whatcom","Bellingham","State Road","State Patrol","I 5                 ","SUNSET DR           ","","255.100","N","N","Clear","Dark-Street Lights On","No Injury Collision","","deer","Y","N","1","N","N","N","0","0"
"EA80055","11/2/2020 11:00:00 PM","Whatcom","Concrete","State Road","State Patrol","SR 20               ","CASCADE RIVER RD    ","","140.000","N","N","Overcast","Dark-No Street Lights","No Injury Collision","","ditch, guardrail","Y","N","1","N","N","N","0","0"
"EA79084","11/3/2020 9:15:00 AM","Whatcom","Bellingham","State Road","State Patrol","I 5                 ","IOWA STREET         ","","254.400","N","N","Raining","Daylight","No Injury Collision","","Concrete/Jersey Barrier","Y","N","1","N","N","N","0","0"
"EA81433","11/3/2020 12:53:00 PM","Whatcom","Bellingham","State Road","State Patrol","I 5                 ","BAKERVIEW RD        ","","257.800","N","N","Raining","Daylight","Minor Injury Collision","","","Y","Y","4","Y","N","N","0","0"
"EA79085","11/3/2020 3:27:00 PM","Whatcom","Ferndale","State Road","State Patrol","I 5                 ","MAIN STREET         ","","262.290","N","N","Raining","Daylight","No Injury Collision","","","Y","N","2","N","Y","N","0","0"