"Collision Report Number","Collision Date","County","City","Jurisdiction","Agency","Primary Trafficway","Secondary Trafficway","Block Number","Mile Post","School Zone","Intersection Related","Weather Condition","Lighting Condition","Injury Severity","Collision Type","Object Struck","Damage Threshold Met","Hit and Run","Motor Vehicles Involved","Passengers Involved","Commercial Carrier Involved","School Bus Involved","Pedestrians Involved","Pedalcyclists Involved"
"EA79083","11/3/2020 4:10:00 PM","Whatcom","Everson","State Road","State Patrol","SR 9                ","HUGHES RD           ","","90.100","N","N","Overcast","Dark-No Street Lights","No Injury Collision","","Utility Pole","Y","N","1","N","Y","N","0","0"
"EA79086","11/4/2020 6:44:00 AM","Whatcom","Blaine","State Road","State Patrol","I 5                 ","PEACE PORTAL DRIVE  ","","273.200","N","N","Raining","Daylight","No Injury Collision","","Tree or Stump","Y","N","2","N","Y","N","0","0"
"EA80907","11/4/2020 4:24:00 PM","Whatcom","Bellingham","State Road","State Patrol","I 5                 ","SAMISH WAY          ","","251.500","N","N","Raining","Dark - Unknown Lighting","No Injury Collision","","","N","Y","2","N","N","N","0","0"
"EA78927","11/4/2020 5:08:00 PM","Whatcom","Ferndale","State Road","State Patrol","SR 548              ","PORTAL WAY          ","","0.190","N","N","Raining","Dark-Street Lights On","No Injury Collision","","","Y","N","2","N","N","N","0","0"
"EA80054","11/4/2020 5:20:00 PM","Whatcom","Bellingham","State Road","State Patrol","I 5                 ","SR 11               ","","250.900","N","N","Raining","Dark-Street Lights On","No Injury Collision","","Cable Barrier","Y","N","1","N","N","N","0","0"
"EA78930","11/5/2020 6:05:00 PM","Whatcom","Bellingham","State Road","State Patrol","SR 542              ","GLACIER CREEK ROAD  ","","34.360","N","N","Overcast","Dark-No Street Lights","Minor Injury Collision","","","Y","N","1","N","N","N","0","1"
"EA79426","11/6/2020 10:35:00 AM","Whatcom","Bellingham","State Road","State Patrol","SR 539              ","LAUREL RD           ","","5.100","N","Y","Clear","Daylight","Minor Injury Collision","","power pole","Y","N","2","Y","N","N","0","0"
"EA81435","11/6/2020 1:57:00 PM","Whatcom","Bellingham","State Road","State Patrol","I 5                 ","BAKERVIEWROAD       ","","258.600","N","N","Clear","Daylight","Minor Injury Collision","","","Y","N","2","Y","N","N","0","0"
"EA78932","11/6/2020 7:50:00 PM","Whatcom","Bellingham","State Road","State Patrol","I 5                 ","N LAKE SAMISH DR.   ","","245.100","N","N","Clear","Dark-No Street Lights","No Injury Collision","","","N","Y","2","N","N","N","0","0"
"EA80913","11/7/2020 1:43:00 AM","Whatcom","Bellingham","State Road","State Patrol","I 5                 ","SR 542              ","","254.820","N","N","Clear","Dark-Street Lights On","No Injury Collision","","Street Light Pole","Y","N","1","N","N","N","0","0"
"EA81437","11/7/2020 12:56:00 PM","Whatcom","Bellingham","State Road","State Patrol","I 5                 ","SR 539              ","","256.000","N","Y","Overcast","Daylight","Minor Injury Collision","","","Y","N","3","Y","N","N","0","0"
"EA81436","11/7/2020 1:09:00 PM","Whatcom","Bellingham","State Road","State Patrol","SR 539              ","AXTON RD            ","","4.400","N","N","Overcast","Daylight","No Injury Collision","","","Y","N","4","Y","N","N","0","0"
"EA79087","11/7/2020 1:32:00 PM","Whatcom","Bellingham","State Road","State Patrol","I 5                 ","NULLE ROAD          ","","243.000","N","N","Clear","Daylight","No Injury Collision","","","Y","N","1","N","N","N","0","0"
"EA79790","11/7/2020 7:09:00 PM","Whatcom","Bellingham","State Road","State Patrol","SR 542              ","DEMING RD           ","","10.750","N","N","Clear","Dark-No Street Lights","No Injury Collision","","","Y","N","2","N","N","N","0","0"
"EA79792","11/8/2020 4:15:00 AM","Whatcom","Nooksack","State Road","State Patrol","STATE ROUTE 9       ","SR 546              ","","93.100","N","N","Clear","Dark-No Street Lights","Unknown Injury Collision","","Ditch","Y","N","1","N","N","N","0","0"
"EA79427","11/9/2020 6:59:00 AM","Whatcom","Blaine","State Road","State Patrol","I 5                 ","PEACE PORTAL DRIVE  ","","272.000","N","N","Overcast","Daylight","No Injury Collision","","Deer","Y","N","1","N","N","N","0","0"
"EA83116","11/9/2020 7:38:00 AM","Whatcom","Bellingham","State Road","State Patrol","I 5                 ","SAMISH WAY          ","","250.000","N","N","Clear","Daylight","No Injury Collision","","Earth Bank or Ledge","Y","N","1","N","N","N","0","0"
"EA84751","11/9/2020 12:23:00 PM","Whatcom","Ferndale","State Road","State Patrol","I5                  ","GRANDVIEW RD        ","","265.700","N","N","Overcast","Daylight","No Injury Collision","","Tree or Stump","Y","N","1","Y","N","N","0","0"
"EA84751","11/9/2020 12:23:00 PM","Whatcom","Ferndale","State Road","State Patrol","I5                  ","GRANDVIEW RD        ","","265.700","N","N","Overcast","Daylight","No Injury Collision","","Tree or Stump","N","N","1","Y","N","N","0","0"
"EA81438","11/9/2020 2:15:00 PM","Whatcom","Lynden","State Road","State Patrol","SR539               ","PRARIE RD           ","","13.900","N","N","Overcast","Daylight","No Injury Collision","","Metal Sign Post","Y","N","1","N","Y","N","0","0"
"EA84753","11/10/2020 10:12:00 AM","Whatcom","Bellingham","State Road","State Patrol","I5                  ","N LAKE SAMISH DR    ","","244.500","N","N","Raining","Daylight","No Injury Collision","","Over Embankment","Y","N","2","Y","N","N","0","0"
"EA82297","11/10/2020 4:44:00 PM","Whatcom","Bellingham","State Road","State Patrol","I5                  ","NO LK SAMISH        ","","244.000","N","N","Overcast","Dark-No Street Lights","No Injury Collision","","","N","N","3","N","N","N","0","0"
"EA82297","11/10/2020 4:44:00 PM","Whatcom","Bellingham","State Road","State Patrol","I5                  ","NO LK SAMISH        ","","244.000","N","N","Overcast","Dark-No Street Lights","No Injury Collision","","","Y","N","3","N","N","N","0","0"
"EA80910","11/10/2020 5:34:00 PM","Whatcom","Blaine","State Road","State Patrol","I 5                 ","SR 543              ","","275.000","N","N","Clear","Dark-No Street Lights","No Injury Collision","","","Y","N","1","N","N","N","0","0"
"EA81439","11/11/2020 9:54:00 AM","Whatcom","Bellingham","State Road","State Patrol","SR-544              ","SR-539              ",".     ","","N","Y","Clear","Daylight","No Injury Collision","","","Y","N","1","N","N","N","0","0"
"EA81429","11/11/2020 11:15:00 AM","Whatcom","Ferndale","State Road","State Patrol","I 5                 ","SLATER RD           ","","259.620","N","N","Overcast","Daylight","No Injury Collision","","Earth Bank or Ledge","N","N","2","Y","N","N","0","0"
"EA81429","11/11/2020 11:15:00 AM","Whatcom","Ferndale","State Road","State Patrol","I 5                 ","SLATER RD           ","","259.620","N","N","Overcast","Daylight","No Injury Collision","","Earth Bank or Ledge","Y","N","2","Y","N","N","0","0"
"EA81432","11/11/2020 2:00:00 PM","Whatcom","Ferndale","State Road","State Patrol","I 5                 ","MAIN ST             ","","262.550","N","N","Overcast","Daylight","Minor Injury Collision","","","Y","N","2","N","N","N","0","0"
"EA80911","11/11/2020 10:03:00 PM","Whatcom","Bellingham","State Road","State Patrol","I 5                 ","SR 539              ","","256.510","N","N","Clear","Dark-Street Lights On","Minor Injury Collision","","Tree or Stump","Y","N","1","N","N","N","0","0"
"EA84755","11/12/2020 7:25:00 AM","Whatcom","Ferndale","State Road","State Patrol","I5                  ","SLATER RD           ","","259.600","N","N","Clear","Daylight","No Injury Collision","","","Y","N","1","N","N","N","0","0"
"EA83117","11/12/2020 7:53:00 AM","Whatcom","Bellingham","State Road","State Patrol","I5                  ","MEADOR AVENUE       ","","254.000","N","N","Overcast","Daylight","Minor Injury Collision","","","Y","Y","3","Y","N","N","0","0"
"EA83117","11/12/2020 7:53:00 AM","Whatcom","Bellingham","State Road","State Patrol","I5                  ","MEADOR AVENUE       ","","254.000","N","N","Overcast","Daylight","Minor Injury Collision","","","N","Y","3","Y","N","N","0","0"
"EA86146","11/12/2020 8:45:00 AM","Whatcom","Ferndale","State Road","State Patrol","I5                  ","SLATER RD           ","","260.100","N","N","Overcast","Daylight","No Injury Collision","","Bridge Rail","Y","N","1","N","N","N","0","0"
"EA86146","11/12/2020 8:45:00 AM","Whatcom","Ferndale","State Road","State Patrol","I5                  ","SLATER RD           ","","260.100","N","N","Overcast","Daylight","No Injury Collision","","Bridge Rail","N","N","1","N","N","N","0","0"
"EA83119","11/12/2020 2:51:00 PM","Whatcom","Ferndale","State Road","State Patrol","INTERSTATE 5        ","SLATER ROAD         ","","259.900","N","N","Overcast","Daylight","Minor Injury Collision","","","Y","N","3","N","Y","N","0","0"
"EA83118","11/12/2020 2:53:00 PM","Whatcom","Bellingham","State Road","State Patrol","SR9                 ","POTTER ROAD         ","","77.000","N","N","Raining","Daylight","No Injury Collision","","power pole and fence line","Y","N","1","N","N","N","0","0"
"EA80912","11/12/2020 5:45:00 PM","Whatcom","Bellingham","State Road","State Patrol","SR 539              ","SMITH RD            ","","3.700","N","N","Raining","Dark-No Street Lights","Minor Injury Collision","","","Y","N","2","Y","N","N","0","0"
"EA83120","11/13/2020 5:40:00 AM","Whatcom","Bellingham","State Road","State Patrol","I 5                 ","OHIO STREET         ","","254.600","N","N","Raining","Dark-No Street Lights","Minor Injury Collision","","Tree or Stump","Y","N","1","N","N","N","0","0"
"EA82299","11/13/2020 8:35:00 PM","Whatcom","Bellingham","State Road","State Patrol","I 5                 ","ALABAMA ST          ","","254.100","N","N","Overcast","Dark-Street Lights On","No Injury Collision","","COUCH","Y","Y","3","N","N","N","0","0"
"EA82299","11/13/2020 8:35:00 PM","Whatcom","Bellingham","State Road","State Patrol","I 5                 ","ALABAMA ST          ","","254.100","N","N","Overcast","Dark-Street Lights On","No Injury Collision","","COUCH","N","Y","3","N","N","N","0","0"
"EA83963","11/13/2020 8:49:00 PM","Whatcom","Bellingham","State Road","State Patrol","I 5                 ","SR 542              ","","254.350","N","N","Clear","Dark-Street Lights On","No Injury Collision","","","Y","Y","2","N","N","N","0","0"
"EA83964","11/14/2020 12:36:00 AM","Whatcom","Sumas","State Road","State Patrol","SR 9                ","E BADGER RD         ","","95.150","N","N","Overcast","Dark-No Street Lights","Unknown Injury Collision","","tree and brush","Y","Y","1","N","N","N","0","0"
"EA82301","11/14/2020 4:23:00 AM","Whatcom","Bellingham","State Road","State Patrol","I 5                 ","N LAKE SAMISH       ","","246.440","N","N","Raining","Dark-No Street Lights","No Injury Collision","","Wood Sign Post","Y","Y","1","N","N","N","0","0"
"EA86145","11/15/2020 5:10:00 AM","Whatcom","Blaine","State Road","State Patrol","I 5                 ","BIRCH BAY LYNDEN RD ","","270.300","N","N","Sleet or Hail or Freezing Rain","Dark-No Street Lights","No Injury Collision","","","Y","N","1","N","N","N","0","0"
"EA82848","11/16/2020 8:15:00 PM","Whatcom","Bellingham","State Road","State Patrol","SR 539              ","SR 544              ","","7.500","N","Y","Clear","Dark-Street Lights On","No Injury Collision","","","Y","Y","2","N","N","N","0","0"
"EA83121","11/17/2020 9:26:00 AM","Whatcom","Blaine","State Road","State Patrol","SR 548              ","DRAYTON HARBOR RD   ","","10.850","N","N","Overcast","Daylight","No Injury Collision","","ditch","N","N","1","N","N","N","0","0"
"EA82298","11/18/2020 3:20:00 AM","Whatcom","Bellingham","State Road","State Patrol","I 5                 ","NORTHWEST DR        ","","257.100","N","N","Clear","Dark-Street Lights On","No Injury Collision","","Deer","Y","N","1","N","N","N","0","0"
"EA83124","11/18/2020 8:06:00 AM","Whatcom","Lynden","State Road","State Patrol","SR 546              ","TRAPLINE ROAD       ","","5.600","N","N","Raining","Daylight","No Injury Collision","","","Y","N","3","Y","N","N","0","0"
"EA84752","11/18/2020 8:15:00 AM","Whatcom","Bellingham","State Road","State Patrol","I 5                 ","SR 11               ","","250.200","N","N","Raining","Daylight","No Injury Collision","","Earth Bank or Ledge","Y","N","1","N","N","N","0","0"
"EA87724","11/18/2020 1:50:00 PM","Whatcom","Bellingham","State Road","State Patrol","I 5                 ","BAKERVIEW ROAD      ","","257.800","N","N","Clear","Daylight","No Injury Collision","","Concrete/Jersey Barrier","N","Y","2","N","Y","N","0","0"
"EA87724","11/18/2020 1:50:00 PM","Whatcom","Bellingham","State Road","State Patrol","I 5                 ","BAKERVIEW ROAD      ","","257.800","N","N","Clear","Daylight","No Injury Collision","","Concrete/Jersey Barrier","Y","Y","2","N","Y","N","0","0"
"EA83123","11/18/2020 3:37:00 PM","Whatcom","Bellingham","State Road","State Patrol","I 5                 ","SR 11               ","","248.400","N","N","Raining","Daylight","No Injury Collision","","Guardrail","Y","N","1","N","N","N","0","0"
"EA83125","11/19/2020 9:17:00 AM","Whatcom","Bellingham","State Road","State Patrol","I 5                 ","SR 11               ","","249.500","N","N","Overcast","Daylight","No Injury Collision","","Ditch","Y","N","1","Y","N","N","0","0"
"EA83965","11/20/2020 4:46:00 PM","Whatcom","Ferndale","State Road","State Patrol","I 5                 ","PORTAL WAY          ","","263.450","N","N","Raining","Dark-Street Lights On","No Injury Collision","","","Y","N","2","N","N","N","0","0"
"EA85133","11/22/2020 12:36:00 PM","Whatcom","Bellingham","State Road","State Patrol","I-5                 ","IOWA ST             ","","254.000","N","Y","Other","Daylight","Minor Injury Collision","","","Y","N","3","Y","N","N","0","0"
"EA83395","11/22/2020 2:00:00 PM","Whatcom","Bellingham","State Road","State Patrol","I 5                 ","SR 542              ","","255.200","N","N","Overcast","Daylight","No Injury Collision","","","Y","N","2","Y","N","N","0","0"
"EA83396","11/22/2020 2:02:00 PM","Whatcom","Bellingham","State Road","State Patrol","I-5                 ","SR 542              ","","255.100","N","N","Overcast","Daylight","Minor Injury Collision","","","Y","N","2","Y","N","N","0","0"
"EA84754","11/23/2020 1:51:00 PM","Whatcom","Ferndale","State Road","State Patrol","I5                  ","MAIN STREET         ","","262.000","N","N","Overcast","Daylight","No Injury Collision","","Metal Sign Post","N","N","1","N","N","N","0","0"
"EA84754","11/23/2020 1:51:00 PM","Whatcom","Ferndale","State Road","State Patrol","I5                  ","MAIN STREET         ","","262.000","N","N","Overcast","Daylight","No Injury Collision","","Metal Sign Post","Y","N","1","N","N","N","0","0"
"EA87032","11/23/2020 5:18:00 PM","Whatcom","Ferndale","State Road","State Patrol","I 5                 ","BIRCH BAY LYNDEN RD ","","269.600","N","N","Clear","Dark-No Street Lights","No Injury Collision","","TREES/BRUSH","Y","N","1","N","N","N","0","0"
"EA83968","11/23/2020 5:20:00 PM","Whatcom","Bellingham","State Road","State Patrol","SR 539              ","SMITH RD            ","","3.400","N","N","Clear","Dark-Street Lights On","Minor Injury Collision","","","Y","N","3","N","N","N","0","0"
"EA84756","11/24/2020 3:20:00 PM","Whatcom","Everson","State Road","State Patrol","SR9                 ","SIPER ROAD          ","6036  ","","N","N","Raining","Daylight","No Injury Collision","","telephone pole","N","N","1","N","N","N","0","0"
"EA84756","11/24/2020 3:20:00 PM","Whatcom","Everson","State Road","State Patrol","SR9                 ","SIPER ROAD          ","6036  ","","N","N","Raining","Daylight","No Injury Collision","","telephone pole","Y","N","1","N","N","N","0","0"
"EA96235","11/24/2020 3:44:00 PM","Whatcom","Bellingham","State Road","State Patrol","I-5                 ","SUNSET DR           ","","254.800","N","N","Raining","Daylight","Minor Injury Collision","","","Y","N","2","Y","N","N","0","0"
"EA96233","11/27/2020 8:13:00 AM","Whatcom","Bellingham","State Road","State Patrol","SR-542              ","MT BAKER LODGE RD   ","","56.000","N","N","Snowing","Daylight","No Injury Collision","","","Y","N","2","Y","N","N","0","0"
"EA86150","11/28/2020 2:38:00 PM","Whatcom","Bellingham","State Road","State Patrol","I 5                 ","MCLEOD RD           ","","256.000","N","Y","Clear","Daylight","No Injury Collision","","Stop Sign","N","N","1","Y","Y","N","0","0"
"EA86150","11/28/2020 2:38:00 PM","Whatcom","Bellingham","State Road","State Patrol","I 5                 ","MCLEOD RD           ","","256.000","N","Y","Clear","Daylight","No Injury Collision","","Stop Sign","Y","N","1","Y","Y","N","0","0"
"EA84973","11/28/2020 5:39:00 PM","Whatcom","Lynden","State Road","State Patrol","SR 539              ","WISER LAKE ROAD     ","","8.400","N","N","Clear","Dark-No Street Lights","No Injury Collision","","Concrete/Jersey Barrier","Y","N","1","Y","N","N","0","0"
"EA84973","11/28/2020 5:39:00 PM","Whatcom","Lynden","State Road","State Patrol","SR 539              ","WISER LAKE ROAD     ","","8.400","N","N","Clear","Dark-No Street Lights","No Injury Collision","","Concrete/Jersey Barrier","N","N","1","Y","N","N","0","0"
"EA87722","11/29/2020 10:58:00 AM","Whatcom","Lynden","State Road","State Patrol","SR 546              ","TRAPLINE RD         ","","5.400","N","N","Clear","Daylight","No Injury Collision","","","Y","Y","2","N","N","N","0","0"
"EA86149","11/29/2020 4:50:00 PM","Whatcom","Everson","State Road","State Patrol","SR 9                ","MASSEY ROAD         ","","89.300","N","Y","Overcast","Dusk","No Injury Collision","","","Y","N","2","Y","N","N","0","0"
"EA86147","11/30/2020 3:06:00 PM","Whatcom","Bellingham","State Road","State Patrol","SR542               ","HANNEGAN PASS ROAD  ","","49.000","N","N","Snowing","Daylight","Minor Injury Collision","","TREES","Y","N","1","Y","N","N","0","0"
"EA86151","12/1/2020 10:05:00 AM","Whatcom","Sumas","State Road","State Patrol","SR 542              ","WELCOME PASS FS RD  ","","45.400","N","N","Overcast","Daylight","Serious Injury Collision","","Tree or Stump","N","N","1","Y","N","N","0","0"
"EA86151","12/1/2020 10:05:00 AM","Whatcom","Sumas","State Road","State Patrol","SR 542              ","WELCOME PASS FS RD  ","","45.400","N","N","Overcast","Daylight","Serious Injury Collision","","Tree or Stump","Y","N","1","Y","N","N","0","0"
"EA86148","12/1/2020 2:34:00 PM","Whatcom","Bellingham","State Road","State Patrol","SR539               ","KELLEY ROAD         ","","2.000","N","Y","Clear","Daylight","Minor Injury Collision","","","Y","N","2","N","N","N","0","0"
"EA86152","12/1/2020 4:50:00 PM","Whatcom","Lynden","State Road","State Patrol","SR 539              ","MAIN ST             ","","11.500","N","N","Clear","Dark-No Street Lights","Minor Injury Collision","","","Y","N","4","Y","N","N","0","0"
"EA87031","12/2/2020 2:53:00 AM","Whatcom","Blaine","State Road","State Patrol","I 5                 ","BIRCH BAY LYNDEN RD ","","268.320","N","N","Clear","Dark-No Street Lights","Minor Injury Collision","","FIR TREE","Y","N","1","N","N","N","0","0"
"EA87723","12/2/2020 1:42:00 PM","Whatcom","Bellingham","State Road","State Patrol","I 5                 ","LAKEWAY DRIVE       ","","252.800","N","N","Clear","Daylight","No Injury Collision","","CABLE BARRIER","Y","N","1","N","N","N","0","0"
"EA87726","12/3/2020 1:35:00 PM","Whatcom","Bellingham","State Road","State Patrol","I 5                 ","SUNSET DRIVE        ","","254.820","N","Y","Clear","Daylight","No Injury Collision","","","N","N","2","Y","N","N","0","0"
"EA87726","12/3/2020 1:35:00 PM","Whatcom","Bellingham","State Road","State Patrol","I 5                 ","SUNSET DRIVE        ","","254.820","N","Y","Clear","Daylight","No Injury Collision","","","Y","N","2","Y","N","N","0","0"
"EA87728","12/4/2020 10:40:00 AM","Whatcom","Bellingham","State Road","State Patrol","I 5                 ","MERIDIAN STREET     ","","256.250","N","N","Clear","Daylight","No Injury Collision","","Concrete/Jersey Barrier","Y","N","2","Y","Y","N","0","0"
"EA94234","12/4/2020 3:10:00 PM","Whatcom","Bellingham","State Road","State Patrol","I 5                 ","MERIDIAN STREET     ","","255.600","N","N","Clear","Daylight","Unknown Injury Collision","","Concrete/Jersey Barrier","Y","N","1","N","N","N","0","0"
"EA87033","12/5/2020 6:11:00 PM","Whatcom","Bellingham","State Road","State Patrol","I 5                 ","N LAKE SAMISH       ","","247.250","N","N","Clear","Dark-No Street Lights","No Injury Collision","","deer","Y","N","1","N","Y","N","0","0"
"EA90286","12/6/2020 1:05:00 PM","Whatcom","Bellingham","State Road","State Patrol","SR 539              ","East SMITH ROAD     ","","3.500","N","Y","Overcast","Daylight","No Injury Collision","","","N","Y","2","N","N","N","0","0"
"EA88907","12/7/2020 4:15:00 AM","Whatcom","Nooksack","State Road","State Patrol","SR 9                ","NP ROAD             ","","66.900","N","N","Clear","Dark-No Street Lights","No Injury Collision","","DITCH","Y","N","1","N","N","N","0","0"
"EA87727","12/7/2020 8:00:00 AM","Whatcom","Ferndale","State Road","State Patrol","SB I 5 MP 260.5     ","SLATER RD           ","","260.500","N","N","Raining","Daylight","No Injury Collision","","Tree or Stump","Y","N","1","N","N","N","0","0"
"EA91106","12/7/2020 11:20:00 AM","Whatcom","Bellingham","State Road","State Patrol","STATE ROUTE 539     ","LAUREL ROAD         ","","5.000","N","Y","Overcast","Daylight","Minor Injury Collision","","","Y","N","2","Y","N","N","0","0"
"EA87729","12/7/2020 1:00:00 PM","Whatcom","Blaine","State Road","State Patrol","SR543               ","B STREET            ","","1.000","N","N","Clear","Daylight","No Injury Collision","","LIGHT POST","Y","N","1","N","Y","N","0","0"
"EA88904","12/8/2020 1:44:00 AM","Whatcom","Bellingham","State Road","State Patrol","I 5                 ","SR 542              ","","254.720","N","N","Raining","Dark-No Street Lights","No Injury Collision","","CABLE BARRIER","Y","N","1","N","N","N","0","0"
"EA90441","12/8/2020 5:20:00 PM","Whatcom","Lynden","State Road","State Patrol","SR 546              ","LINE RD             ","","3.040","N","N","Clear","Dark-No Street Lights","Minor Injury Collision","","","Y","N","2","N","N","N","0","0"
"EA88905","12/8/2020 9:08:00 PM","Whatcom","Bellingham","State Road","State Patrol","I 5                 ","SAMISH WAY          ","","252.080","N","N","Raining","Dark-No Street Lights","No Injury Collision","","","Y","N","1","N","N","N","0","0"
"EA88906","12/9/2020 5:07:00 PM","Whatcom","Lynden","State Road","State Patrol","SR 539              ","SR 544              ","","7.510","N","Y","Clear","Dark-Street Lights On","No Injury Collision","","","Y","N","2","N","N","N","0","0"
"EA91077","12/10/2020 8:50:00 AM","Whatcom","Bellingham","State Road","State Patrol","I 5                 ","IOWA STREET         ","","254.000","N","Y","Clear","Daylight","No Injury Collision","","","Y","N","2","N","N","N","0","0"
"EA91077","12/10/2020 8:50:00 AM","Whatcom","Bellingham","State Road","State Patrol","I 5                 ","IOWA STREET         ","","254.000","N","Y","Clear","Daylight","No Injury Collision","","","N","N","2","N","N","N","0","0"
"EA90440","12/10/2020 5:08:00 PM","Whatcom","Lynden","State Road","State Patrol","SR 544              ","SR 539              ","","0.250","N","N","Clear","Dark-No Street Lights","No Injury Collision","","","N","N","2","N","N","N","1","0"
"EA90440","12/10/2020 5:08:00 PM","Whatcom","Lynden","State Road","State Patrol","SR 544              ","SR 539              ","","0.250","N","N","Clear","Dark-No Street Lights","No Injury Collision","","","Y","N","2","N","N","N","1","0"
"EA88908","12/10/2020 5:25:00 PM","Whatcom","Bellingham","State Road","State Patrol","I 5                 ","SAMISH WAY          ","","252.050","N","N","Overcast","Dark-Street Lights On","No Injury Collision","","deer","Y","N","1","N","N","N","0","0"
"EB03310","12/11/2020 2:43:00 PM","Whatcom","Ferndale","State Road","State Patrol","I 5                 ","BIRCH BAY LYNDEN RD ","","269.400","N","N","Sleet or Hail or Freezing Rain","Daylight","Minor Injury Collision","","ditch, roadway","Y","N","1","N","N","N","0","0"
"EA90285","12/11/2020 2:45:00 PM","Whatcom","Blaine","State Road","State Patrol","I 5                 ","BIRCH BAY LYNDEN RD ","","269.200","N","N","Sleet or Hail or Freezing Rain","Daylight","Minor Injury Collision","","Tree or Stump","Y","N","1","N","N","N","0","0"
"EA91076","12/12/2020 1:05:00 PM","Whatcom","Sumas","State Road","State Patrol","SR 542              ","SILVER LAKE ROAD    ","","26.900","N","N","Overcast","Daylight","Minor Injury Collision","","Rock","Y","N","1","N","N","N","0","0"
"EA90442","12/13/2020 6:07:00 PM","Whatcom","Bellingham","State Road","State Patrol","SR 9                ","POTTER RD           ","","77.370","N","N","Raining","Dark-Street Lights On","No Injury Collision","","cable, rod, rail","Y","Y","1","N","N","N","0","0"
"EA90442","12/13/2020 6:07:00 PM","Whatcom","Bellingham","State Road","State Patrol","SR 9                ","POTTER RD           ","","77.370","N","N","Raining","Dark-Street Lights On","No Injury Collision","","cable, rod, rail","N","Y","1","N","N","N","0","0"
"EA90443","12/13/2020 7:08:00 PM","Whatcom","Lynden","State Road","State Patrol","SR 539              ","SR 546              ","","12.500","N","N","Raining","Dark-Street Lights On","No Injury Collision","","DITCH/CULVERT","Y","N","1","N","N","N","0","0"
"EA94229","12/14/2020 11:33:00 AM","Whatcom","Bellingham","State Road","State Patrol","LAKEWAY DR          ","I 5                 ","600   ","","N","Y","Overcast","Daylight","No Injury Collision","","","N","N","2","N","N","N","0","0"
"EA94229","12/14/2020 11:33:00 AM","Whatcom","Bellingham","State Road","State Patrol","LAKEWAY DR          ","I 5                 ","600   ","","N","Y","Overcast","Daylight","No Injury Collision","","","Y","N","2","N","N","N","0","0"
"EA94230","12/14/2020 12:24:00 PM","Whatcom","Bellingham","State Road","State Patrol","I5                  ","GUIDE MERIDIAN      ","","256.000","N","N","Overcast","Daylight","No Injury Collision","","Cable barrier and 6 posts","Y","N","1","N","N","N","0","0"
"EA91080","12/14/2020 1:02:00 PM","Whatcom","Lynden","State Road","State Patrol","SR 539              ","WISER LAKE RD       ","","8.570","N","Y","Overcast","Daylight","No Injury Collision","","DOT electrical Box","Y","N","1","N","N","N","0","0"
"EA90444","12/14/2020 4:57:00 PM","Whatcom","Bellingham","State Road","State Patrol","I 5                 ","ALABAMA             ","","254.000","N","N","Clear","Dark-No Street Lights","Minor Injury Collision","","","Y","N","2","Y","N","N","0","0"
"EA90447","12/14/2020 5:45:00 PM","Whatcom","Bellingham","State Road","State Patrol","SR 539              ","SMITH RD            ","","3.500","N","Y","Clear","Dark-Street Lights On","Minor Injury Collision","","sons","Y","N","2","Y","N","N","0","0"
"EA90445","12/14/2020 6:35:00 PM","Whatcom","Bellingham","State Road","State Patrol","SR 539              ","SMITH RD            ","","3.500","N","Y","Clear","Dark-Street Lights On","No Injury Collision","","","Y","N","2","Y","N","N","0","0"
"EA90445","12/14/2020 6:35:00 PM","Whatcom","Bellingham","State Road","State Patrol","SR 539              ","SMITH RD            ","","3.500","N","Y","Clear","Dark-Street Lights On","No Injury Collision","","","N","N","2","Y","N","N","0","0"
"EA90446","12/15/2020 4:15:00 AM","Whatcom","Lynden","State Road","State Patrol","SR 539              ","E. WISER LAKE ROAD  ","","8.570","N","Y","Raining","Dark-No Street Lights","No Injury Collision","","STREET SIGN","Y","N","1","N","N","N","0","0"
"EA90448","12/15/2020 4:43:00 PM","Whatcom","Bellingham","State Road","State Patrol","SR 542              ","SR 9                ","","10.150","N","N","Raining","Dark-Street Lights On","Minor Injury Collision","","","N","N","3","N","N","N","0","0"
"EA90448","12/15/2020 4:43:00 PM","Whatcom","Bellingham","State Road","State Patrol","SR 542              ","SR 9                ","","10.150","N","N","Raining","Dark-Street Lights On","Minor Injury Collision","","","Y","N","3","N","N","N","0","0"
"EA91201","12/15/2020 5:30:00 PM","Whatcom","Bellingham","State Road","State Patrol","I 5                 ","SUNSET              ","","255.200","N","N","Raining","Dark-Street Lights On","No Injury Collision","","","Y","N","3","N","N","N","0","0"
"EA91201","12/15/2020 5:30:00 PM","Whatcom","Bellingham","State Road","State Patrol","I 5                 ","SUNSET              ","","255.200","N","N","Raining","Dark-Street Lights On","No Injury Collision","","","N","N","3","N","N","N","0","0"
"EA90449","12/15/2020 6:06:00 PM","Whatcom","Bellingham","State Road","State Patrol","I 5                 ","SUNSET DR           ","","255.200","N","N","Clear","Dark-No Street Lights","No Injury Collision","","","Y","N","2","N","N","N","0","0"