"Collision Report Number","Collision Date","County","City","Jurisdiction","Agency","Primary Trafficway","Secondary Trafficway","Block Number","Mile Post","School Zone","Intersection Related","Weather Condition","Lighting Condition","Injury Severity","Collision Type","Object Struck","Damage Threshold Met","Hit and Run","Motor Vehicles Involved","Passengers Involved","Commercial Carrier Involved","School Bus Involved","Pedestrians Involved","Pedalcyclists Involved"
"EB16438","3/22/2021 5:27:00 PM","Whatcom","Nooksack","State Road","State Patrol","SR 9                ","NELSON ROAD         ","","75.950","N","N","Clear","Daylight","No Injury Collision","","","Y","N","2","N","N","N","0","0"
"EB16440","3/22/2021 8:41:00 PM","Whatcom","Lynden","State Road","State Patrol","SR 546              ","TRAPLINE ROAD       ","","6.100","N","N","Clear","Dark-No Street Lights","No Injury Collision","","DEER","Y","N","1","N","N","N","0","0"
"EB20381","3/24/2021 3:30:00 PM","Whatcom","Bellingham","State Road","State Patrol","I 5                 ","S LAKE SAMISH       ","","246.000","N","N","Overcast","Daylight","No Injury Collision","","","Y","N","2","N","N","N","0","0"
"EB18547","3/25/2021 12:11:00 AM","Whatcom","Bellingham","State Road","State Patrol","I 5                 ","SR 11               ","","251.000","N","N","Overcast","Dark-Street Lights On","No Injury Collision","","Earth Bank or Ledge","Y","N","1","N","N","N","0","0"
"EB18549","3/25/2021 4:48:00 AM","Whatcom","Ferndale","State Road","State Patrol","SR 548              ","VISTA DRIVE         ","","0.900","N","N","Overcast","Dark-No Street Lights","Minor Injury Collision","","","Y","N","3","N","N","N","0","0"
"EB17391","3/26/2021 6:00:00 AM","Whatcom","Sumas","State Road","State Patrol","SR 547              ","SHAMROCK RD         ","","2.700","N","Y","Clear","Dark-Street Lights On","No Injury Collision","","","Y","N","2","Y","N","N","0","0"
"EB17752","3/28/2021 6:59:00 AM","Whatcom","Sumas","State Road","State Patrol","SR 542              ","HATCHERY RD         ","","21.000","N","N","Raining","Dawn","No Injury Collision","","guard rail, Utility pole, Barbwire fence","Y","N","1","N","N","N","0","0"
"EB17752","3/28/2021 6:59:00 AM","Whatcom","Sumas","State Road","State Patrol","SR 542              ","HATCHERY RD         ","","21.000","N","N","Raining","Dawn","No Injury Collision","","guard rail, Utility pole, Barbwire fence","N","N","1","N","N","N","0","0"
"EB17753","3/28/2021 8:22:00 AM","Whatcom","Bellingham","State Road","State Patrol","SR-539              ","CELTIC LN           ","","4.000","N","Y","Overcast","Daylight","No Injury Collision","","","Y","N","2","Y","N","N","0","0"
"EB18856","3/29/2021 2:04:00 PM","Whatcom","Bellingham","State Road","State Patrol","I-5                 ","NULLE RD            ","","244.000","N","N","Clear","Daylight","No Injury Collision","","","N","Y","3","Y","Y","N","0","0"
"EB18546","3/29/2021 5:04:00 PM","Whatcom","Bellingham","State Road","State Patrol","I 5                 ","SUNSET DR           ","","255.420","N","N","Overcast","Daylight","Minor Injury Collision","","Guardrail","Y","N","1","N","N","N","0","0"
"EB18548","3/29/2021 7:10:00 PM","Whatcom","Bellingham","State Road","State Patrol","I 5                 ","S SAMISH WAY        ","","252.200","N","N","Clear","Daylight","No Injury Collision","","","N","N","2","N","N","N","0","0"
"EB18550","3/29/2021 9:28:00 PM","Whatcom","Nooksack","State Road","State Patrol","SR 9                ","NELSON RD           ","","76.080","N","N","Overcast","Dark-No Street Lights","Minor Injury Collision","","Ditch","Y","N","1","Y","N","N","0","0"
"EB18859","3/30/2021 6:04:00 AM","Whatcom","Bellingham","State Road","State Patrol","SR 542              ","EVERSON GOSHEN ROAD ","2104  ","","N","Y","Overcast","Dawn","Serious Injury Collision","","","Y","N","2","N","N","N","0","0"
"EB18860","3/30/2021 3:23:00 PM","Whatcom","Bellingham","State Road","State Patrol","I5                  ","SIDE OF ONRAMP TO NB","","254.000","N","N","Clear","Daylight","Minor Injury Collision","","arrow sign, guard rail","Y","N","2","Y","N","N","0","0"
"EB20870","3/30/2021 4:42:00 PM","Whatcom","Bellingham","State Road","State Patrol","SR 539              ","SMITH RD            ","","3.000","N","Y","Clear","Daylight","Minor Injury Collision","","","Y","Y","2","N","N","N","0","0"
"EB18857","4/1/2021 10:45:00 AM","Whatcom","Ferndale","State Road","State Patrol","I5                  ","SLATER ROAD         ","","261.000","N","N","Overcast","Daylight","No Injury Collision","","wooden pallet","Y","N","2","N","N","N","0","0"
"EB18857","4/1/2021 10:45:00 AM","Whatcom","Ferndale","State Road","State Patrol","I5                  ","SLATER ROAD         ","","261.000","N","N","Overcast","Daylight","No Injury Collision","","wooden pallet","N","N","2","N","N","N","0","0"
"EB18861","4/1/2021 11:04:00 AM","Whatcom","Bellingham","State Road","State Patrol","I-5                 ","BAKERVIEW RD        ","","259.000","N","N","Overcast","Daylight","No Injury Collision","","","Y","Y","2","N","N","N","0","0"
"EB20872","4/1/2021 11:42:00 PM","Whatcom","Blaine","State Road","State Patrol","I 5                 ","PEACE ARCH          ","","278.000","N","N","Clear","Dark-Street Lights On","No Injury Collision","","","Y","N","1","N","Y","N","0","0"
"EB20873","4/2/2021 12:13:00 AM","Whatcom","Ferndale","State Road","State Patrol","I 5                 ","PORTAL WAY          ","","263.030","N","N","Overcast","Dark-Street Lights On","No Injury Collision","","Guardrail","Y","N","1","N","N","N","0","0"
"EB22661","4/3/2021 8:14:00 AM","Whatcom","Bellingham","State Road","State Patrol","INTERSTATE 5        ","SAMISH WAY          ","","251.600","N","Y","Overcast","Daylight","Minor Injury Collision","","Metal Sign Post","Y","Y","1","N","N","N","0","0"
"EB20874","4/4/2021 4:15:00 PM","Whatcom","Bellingham","State Road","State Patrol","I 5                 ","LAKEWAY DR          ","","253.440","N","N","Clear","Daylight","No Injury Collision","","","Y","Y","2","Y","N","N","0","0"
"EB19891","4/6/2021 9:29:00 AM","Whatcom","Ferndale","State Road","State Patrol","SR 548              ","KICKERVILLE RD      ","","4.930","N","Y","Clear","Daylight","No Injury Collision","","","Y","N","2","Y","N","N","0","0"
"EB23844","4/7/2021 11:22:00 AM","Whatcom","Bellingham","State Road","State Patrol","I 5                 ","STATE STREET        ","","253.750","Y","Y","Overcast","Daylight","Minor Injury Collision","","Guardrail","Y","N","2","N","Y","N","0","0"
"EB23844","4/7/2021 11:22:00 AM","Whatcom","Bellingham","State Road","State Patrol","I 5                 ","STATE STREET        ","","253.750","Y","Y","Overcast","Daylight","Minor Injury Collision","","Guardrail","N","N","2","N","Y","N","0","0"
"EB21649","4/8/2021 5:41:00 PM","Whatcom","Bellingham","State Road","State Patrol","I 5                 ","N LAKE SAMISH ROAD  ","","247.100","N","N","Clear","Daylight","No Injury Collision","","","Y","N","2","N","N","N","0","0"
"EB21650","4/10/2021 4:20:00 PM","Whatcom","Ferndale","State Road","State Patrol","I 5                 ","MAIN ST             ","","262.000","N","N","Clear","Daylight","Minor Injury Collision","","","N","N","2","Y","N","N","0","0"
"EB21650","4/10/2021 4:20:00 PM","Whatcom","Ferndale","State Road","State Patrol","I 5                 ","MAIN ST             ","","262.000","N","N","Clear","Daylight","Minor Injury Collision","","","Y","N","2","Y","N","N","0","0"
"EB21009","4/11/2021 2:09:00 AM","Whatcom","Bellingham","State Road","State Patrol","I 5                 ","SUNSET DR           ","","255.000","N","N","Clear","Dark-No Street Lights","No Injury Collision","","Deer","Y","N","1","Y","N","N","0","0"
"EB21120","4/11/2021 2:50:00 PM","Whatcom","Bellingham","State Road","State Patrol","I 5                 ","OHIO ST             ","","254.000","N","N","Clear","Daylight","No Injury Collision","","Concrete/Jersey Barrier","Y","N","1","N","N","N","0","0"
"EB22663","4/11/2021 5:26:00 PM","Whatcom","Bellingham","State Road","State Patrol","SR 539              ","LAUREL RD           ","","5.000","N","Y","Clear","Daylight","No Injury Collision","","","Y","N","3","N","N","N","0","0"
"EB22662","4/11/2021 8:50:00 PM","Whatcom","Bellingham","State Road","State Patrol","I 5                 ","NORTHWEST           ","","257.800","N","N","Clear","Dark-Street Lights On","No Injury Collision","","Guardrail","Y","N","1","N","N","N","0","0"
"EB23445","4/12/2021 12:56:00 PM","Whatcom","Ferndale","State Road","State Patrol","I 5                 ","MAIN ST             ","","262.100","N","N","Clear","Daylight","No Injury Collision","","wire fence","Y","N","2","N","N","N","0","0"
"EB22665","4/12/2021 8:51:00 PM","Whatcom","Bellingham","State Road","State Patrol","I 5                 ","NULLE ROAD          ","","244.800","N","N","Overcast","Dark-No Street Lights","No Injury Collision","","","Y","N","1","Y","N","N","0","0"
"EB22664","4/13/2021 9:52:00 PM","Whatcom","Everson","State Road","State Patrol","EVERSON GOSHEN RD   ","SR 544              ","6900  ","","N","N","Clear","Dark-No Street Lights","No Injury Collision","","Tree or Stump","Y","N","1","Y","N","N","0","0"
"EB23446","4/14/2021 12:28:00 PM","Whatcom","Bellingham","State Road","State Patrol","I 5                 ","NORTHWEST DR        ","","257.200","N","N","Clear","Daylight","No Injury Collision","","","Y","N","2","N","N","N","0","0"
"EB26042","4/15/2021 10:28:00 AM","Whatcom","Bellingham","State Road","State Patrol","SR 542              ","NOON RD             ","","3.800","N","Y","Clear","Daylight","No Injury Collision","","","Y","N","2","Y","N","N","0","0"
"EB23846","4/17/2021 7:50:00 PM","Whatcom","Sumas","State Road","State Patrol","SR 547              ","SHAMROCK RD         ","","2.700","N","N","Clear","Dusk","No Injury Collision","","Tree or Stump","N","N","1","N","N","N","0","0"
"EB23848","4/17/2021 8:38:00 PM","Whatcom","Ferndale","State Road","State Patrol","I5                  ","SLATER ROAD         ","","260.000","N","Y","Clear","Dark-No Street Lights","Minor Injury Collision","","","Y","N","2","N","N","N","0","0"
"EB23845","4/17/2021 9:11:00 PM","Whatcom","Ferndale","State Road","State Patrol","I 5                 ","SLATER RD           ","","260.000","N","N","Clear","Dark-No Street Lights","No Injury Collision","","","Y","N","1","Y","N","N","0","0"
"EB25642","4/17/2021 11:45:00 PM","Whatcom","Bellingham","State Road","State Patrol","SR 542              ","Y ROAD              ","","6.100","N","N","Clear","Dark-No Street Lights","Minor Injury Collision","","guide wire","Y","N","1","N","N","N","0","0"
"EB25642","4/17/2021 11:45:00 PM","Whatcom","Bellingham","State Road","State Patrol","SR 542              ","Y ROAD              ","","6.100","N","N","Clear","Dark-No Street Lights","Minor Injury Collision","","guide wire","N","N","1","N","N","N","0","0"
"EB23843","4/19/2021 7:52:00 PM","Whatcom","Ferndale","State Road","State Patrol","I 5                 ","BIRCH BAY LYNDEN    ","","268.000","N","N","Clear","Dusk","No Injury Collision","","Earth Bank or Ledge","N","N","2","Y","N","N","0","0"
"EB23843","4/19/2021 7:52:00 PM","Whatcom","Ferndale","State Road","State Patrol","I 5                 ","BIRCH BAY LYNDEN    ","","268.000","N","N","Clear","Dusk","No Injury Collision","","Earth Bank or Ledge","Y","N","2","Y","N","N","0","0"
"EB23849","4/20/2021 6:20:00 PM","Whatcom","Blaine","State Road","State Patrol","SR548               ","LOOMIS TRAIL ROAD   ","8400  ","","N","Y","Clear","Daylight","Minor Injury Collision","","","Y","N","2","N","N","N","0","0"
"EB25753","4/21/2021 7:37:00 AM","Whatcom","Lynden","State Road","State Patrol","SR 546              ","BENSON RD           ","","0.900","N","N","Clear","Daylight","Minor Injury Collision","","","Y","N","3","Y","N","N","0","0"
"EB27099","4/21/2021 9:53:00 AM","Whatcom","Bellingham","State Road","State Patrol","SR 542              ","HANNEGAN PASS RD    ","","43.900","N","N","Clear","Daylight","No Injury Collision","","","Y","N","2","N","N","N","0","0"
"EB23970","4/21/2021 4:29:00 PM","Whatcom","Blaine","State Road","State Patrol","I5                  ","BIRCH BAY LYNDEN RD ","","270.000","N","Y","Clear","Daylight","No Injury Collision","","","N","Y","2","N","N","N","0","0"
"EB27100","4/22/2021 3:42:00 PM","Whatcom","Bellingham","State Road","State Patrol","SR 542              ","TRUCK RD            ","","15.000","N","N","Clear","Daylight","No Injury Collision","","","Y","N","2","N","N","N","0","0"
"EB27102","4/22/2021 8:48:00 PM","Whatcom","Bellingham","State Road","State Patrol","I5                  ","S SAMMISH WAY       ","","252.080","N","N","Clear","Dusk","No Injury Collision","","Cable barrier","Y","N","1","N","N","N","0","0"
"EB24809","4/23/2021 8:33:00 AM","Whatcom","Everson","State Road","State Patrol","SR 9                ","HOPEWELL ROAD       ","","86.750","N","N","Clear","Daylight","Serious Injury Collision","","","N","N","2","N","Y","N","0","0"
"EB24809","4/23/2021 8:33:00 AM","Whatcom","Everson","State Road","State Patrol","SR 9                ","HOPEWELL ROAD       ","","86.750","N","N","Clear","Daylight","Serious Injury Collision","","","Y","N","2","N","Y","N","0","0"
"EB25754","4/26/2021 9:26:00 AM","Whatcom","Bellingham","State Road","State Patrol","I 5                 ","SR 542              ","","254.470","N","N","Raining","Daylight","No Injury Collision","","","Y","N","2","N","Y","N","0","0"
"EB25751","4/26/2021 10:49:00 AM","Whatcom","Bellingham","State Road","State Patrol","I 5                 ","SAMISH WAY          ","","252.400","N","N","Raining","Daylight","No Injury Collision","","cable barrier","Y","N","2","Y","N","N","0","0"
"EB25752","4/26/2021 12:52:00 PM","Whatcom","Everson","State Road","State Patrol","SR 9                ","POTTER ROAD         ","","77.370","N","Y","Raining","Daylight","No Injury Collision","","Guardrail","Y","N","1","Y","N","N","0","0"
"EB25755","4/27/2021 3:55:00 PM","Whatcom","Ferndale","State Road","State Patrol","SR 548              ","VALLEY VIEW RD      ","","3.100","N","N","Clear","Daylight","No Injury Collision","","Street Light Pole","Y","N","1","Y","N","N","0","0"
"EB25755","4/27/2021 3:55:00 PM","Whatcom","Ferndale","State Road","State Patrol","SR 548              ","VALLEY VIEW RD      ","","3.100","N","N","Clear","Daylight","No Injury Collision","","Street Light Pole","N","N","1","Y","N","N","0","0"
"EB27101","4/28/2021 1:15:00 AM","Whatcom","Blaine","State Road","State Patrol","SB I5               ","BIRCH BAY LYNDEN RD ","","269.000","N","N","Clear","Dark-No Street Lights","Minor Injury Collision","","","Y","N","2","N","N","N","0","0"
"EB27103","4/28/2021 3:52:00 PM","Whatcom","Bellingham","State Road","State Patrol","I5                  ","NORTH LAKE SAMISH   ","","247.000","N","N","Overcast","Daylight","Minor Injury Collision","","","Y","N","2","N","N","N","0","0"
"EB27104","4/30/2021 10:11:00 PM","Whatcom","Nooksack","State Road","State Patrol","SR 9                ","LINDSAY ROAD        ","","93.000","N","N","Overcast","Dark-No Street Lights","No Injury Collision","","Ditch","Y","N","1","N","N","N","0","0"
"EB29382","4/30/2021 11:30:00 PM","Whatcom","Bellingham","State Road","State Patrol","STATE ROUTE 542     ","SMITH ROAD          ","","8.800","N","Y","Clear","Dark - Unknown Lighting","Minor Injury Collision","","Metal Sign Post","N","N","1","N","N","N","0","0"
"EB29382","4/30/2021 11:30:00 PM","Whatcom","Bellingham","State Road","State Patrol","STATE ROUTE 542     ","SMITH ROAD          ","","8.800","N","Y","Clear","Dark - Unknown Lighting","Minor Injury Collision","","Metal Sign Post","Y","N","1","N","N","N","0","0"
"EB27638","5/1/2021 8:59:00 AM","Whatcom","Bellingham","State Road","State Patrol","I 5                 ","","","249.960","N","N","Overcast","Daylight","No Injury Collision","","Deer","Y","N","1","N","N","N","0","0"
"EB27481","5/4/2021 3:05:00 AM","Whatcom","Bellingham","State Road","State Patrol","SR 542              ","SR 547              ","6566  ","","N","N","Raining","Dark - Unknown Lighting","No Injury Collision","","Fence","Y","N","1","N","N","N","0","0"
"EB29986","5/5/2021 6:10:00 AM","Whatcom","Blaine","State Road","State Patrol","I 5                 ","PEACE PORTAL WAY    ","","275.000","N","N","Clear","Daylight","No Injury Collision","","Overpass girders","N","N","1","N","Y","N","0","0"
"EB32346","5/5/2021 11:28:00 AM","Whatcom","Bellingham","State Road","State Patrol","I 5                 ","LAKEWAY DRIVE       ","","253.000","N","N","Clear","Daylight","No Injury Collision","","","Y","N","2","N","N","N","0","0"
"EB29383","5/5/2021 7:48:00 PM","Whatcom","Bellingham","State Road","State Patrol","I-5                 ","SAMISH WAY          ","","251.000","N","N","Clear","Daylight","No Injury Collision","","","Y","N","2","N","Y","N","0","0"
"EB29384","5/5/2021 10:55:00 PM","Whatcom","Nooksack","State Road","State Patrol","SR 9                ","STRAND ROAD         ","","75.400","N","N","Clear","Dark-No Street Lights","No Injury Collision","","Culvert","Y","N","1","Y","N","N","0","0"
"EB28727","5/6/2021 4:10:00 PM","Whatcom","Bellingham","State Road","State Patrol","I 5                 ","SR 539              ","","256.210","N","N","Raining","Daylight","No Injury Collision","","","Y","N","2","N","N","N","0","0"
"EB28728","5/7/2021 11:34:00 AM","Whatcom","Bellingham","State Road","State Patrol","SR 539              ","E SMITH RD          ","","3.490","N","N","Clear","Daylight","No Injury Collision","","","Y","N","2","Y","N","N","0","0"
"EB30474","5/8/2021 12:00:00 AM","Whatcom","Ferndale","State Road","State Patrol","I 5                 ","MAIN STREET         ","","263.000","N","N","Overcast","Dark-No Street Lights","No Injury Collision","","Curbing on bridge","Y","N","1","N","N","N","0","0"
"EB30473","5/9/2021 1:16:00 AM","Whatcom","Bellingham","State Road","State Patrol","I 5                 ","NORTHWEST DR        ","","257.000","N","N","Overcast","Dark-No Street Lights","No Injury Collision","","Embankment","Y","N","1","N","N","N","0","0"
"EB29987","5/9/2021 3:37:00 PM","Whatcom","Bellingham","State Road","State Patrol","I 5                 ","SR 542              ","","255.200","N","N","Clear","Daylight","No Injury Collision","","","N","N","2","N","N","N","0","0"
"EB29987","5/9/2021 3:37:00 PM","Whatcom","Bellingham","State Road","State Patrol","I 5                 ","SR 542              ","","255.200","N","N","Clear","Daylight","No Injury Collision","","","Y","N","2","N","N","N","0","0"
"EB29985","5/12/2021 8:12:00 AM","Whatcom","Bellingham","State Road","State Patrol","SR 539              ","SMITH ROAD          ","","3.500","N","N","Overcast","Daylight","No Injury Collision","","","Y","N","2","N","N","N","0","0"
"EB29985","5/12/2021 8:12:00 AM","Whatcom","Bellingham","State Road","State Patrol","SR 539              ","SMITH ROAD          ","","3.500","N","N","Overcast","Daylight","No Injury Collision","","","N","N","2","N","N","N","0","0"
"EB29991","5/12/2021 8:55:00 AM","Whatcom","Bellingham","State Road","State Patrol","I 5                 ","SR 542              ","","254.500","N","N","Overcast","Daylight","No Injury Collision","","","Y","N","2","N","N","N","0","0"
"EB29989","5/12/2021 9:31:00 AM","Whatcom","Bellingham","State Road","State Patrol","SR 542              ","SR 547              ","","22.750","N","N","Raining","Daylight","No Injury Collision","","Guardrail","Y","N","1","N","N","N","0","0"
"EB32345","5/12/2021 11:17:00 AM","Whatcom","Lynden","State Road","State Patrol","SR 546              ","VINUP RD            ","","3.200","N","N","Clear","Daylight","No Injury Collision","","Traffic Signal Pole","Y","N","1","N","Y","N","0","0"
"EB32345","5/12/2021 11:17:00 AM","Whatcom","Lynden","State Road","State Patrol","SR 546              ","VINUP RD            ","","3.200","N","N","Clear","Daylight","No Injury Collision","","Traffic Signal Pole","N","N","1","N","Y","N","0","0"
"EB29988","5/13/2021 7:24:00 AM","Whatcom","Lynden","State Road","State Patrol","SR 546              ","DEPOT RD            ","","1.500","N","N","Clear","Daylight","Minor Injury Collision","","","Y","N","2","Y","N","N","0","0"
"EB29990","5/13/2021 10:58:00 AM","Whatcom","Bellingham","State Road","State Patrol","I 5                 ","SR 539              ","","256.200","N","Y","Clear","Daylight","No Injury Collision","","Earth Bank or Ledge","Y","N","1","N","N","N","0","0"
"EB29992","5/13/2021 3:20:00 PM","Whatcom","Bellingham","State Road","State Patrol","I 5                 ","NORTHWEST DR        ","","256.850","N","N","Clear","Daylight","No Injury Collision","","cable barrier","Y","N","1","N","N","N","0","0"
"EB32347","5/14/2021 11:35:00 AM","Whatcom","Bellingham","State Road","State Patrol","SR 542              ","NF-3070             ","","47.200","N","N","Clear","Daylight","Minor Injury Collision","","Tree or Stump","Y","N","1","N","N","N","0","0"
"EB35011","5/14/2021 1:20:00 PM","Whatcom","Bellingham","State Road","State Patrol","NB I5               ","N LAKE SAMISH       ","","245.000","N","N","Clear","Daylight","No Injury Collision","","","Y","N","2","N","N","N","0","0"
"EB33305","5/14/2021 4:18:00 PM","Whatcom","Blaine","State Road","State Patrol","SR 548              ","ALDERSON RD         ","","9.000","N","Y","Clear","Daylight","Serious Injury Collision","","","Y","N","2","N","N","N","0","0"
"EB33305","5/14/2021 4:18:00 PM","Whatcom","Blaine","State Road","State Patrol","SR 548              ","ALDERSON RD         ","","9.000","N","Y","Clear","Daylight","Serious Injury Collision","","","N","N","2","N","N","N","0","0"
"EB33309","5/14/2021 6:47:00 PM","Whatcom","Bellingham","State Road","State Patrol","I 5                 ","OHIO STREET         ","","254.000","N","N","Clear","Daylight","No Injury Collision","","","Y","N","2","N","N","N","0","0"
"EB30486","5/15/2021 11:10:00 AM","Whatcom","Bellingham","State Road","State Patrol","I 5                 ","SR 542              ","","255.350","N","N","Clear","Daylight","No Injury Collision","","","Y","N","2","N","N","N","0","0"
"EB33308","5/15/2021 9:06:00 PM","Whatcom","Bellingham","State Road","State Patrol","I5                  ","LAKEWAY DR          ","","253.000","N","N","Clear","Dusk","No Injury Collision","","","Y","N","2","N","N","N","0","0"
"EB33308","5/15/2021 9:06:00 PM","Whatcom","Bellingham","State Road","State Patrol","I5                  ","LAKEWAY DR          ","","253.000","N","N","Clear","Dusk","No Injury Collision","","","N","N","2","N","N","N","0","0"
"EB32349","5/17/2021 9:26:00 AM","Whatcom","Bellingham","State Road","State Patrol","SR 539              ","SMITH RD            ","","3.500","N","Y","Overcast","Daylight","No Injury Collision","","","Y","N","2","Y","N","N","0","0"
"EB33304","5/18/2021 12:57:00 AM","Whatcom","Bellingham","State Road","State Patrol","I 5                 ","NULLE ROAD          ","","245.000","N","N","Raining","Dark-No Street Lights","No Injury Collision","","Earth Bank or Ledge","Y","N","1","N","N","N","0","0"
"EB33926","5/18/2021 5:47:00 AM","Whatcom","Nooksack","State Road","State Patrol","SR 9                ","HOPEWELL RD         ","","77.300","N","Y","Overcast","Daylight","Minor Injury Collision","","Earth Bank or Ledge","Y","N","1","N","Y","N","0","0"
"EB32350","5/18/2021 8:23:00 AM","Whatcom","Bellingham","State Road","State Patrol","SR 542              ","MOSQUITO LAKE ROAD  ","","18.200","N","N","Clear","Daylight","No Injury Collision","","","Y","N","2","N","N","N","0","0"
"EB32350","5/18/2021 8:23:00 AM","Whatcom","Bellingham","State Road","State Patrol","SR 542              ","MOSQUITO LAKE ROAD  ","","18.200","N","N","Clear","Daylight","No Injury Collision","","","N","N","2","N","N","N","0","0"
"EB32351","5/20/2021 2:00:00 PM","Whatcom","Bellingham","State Road","State Patrol","SR 542              ","WELLS CREEK RD      ","","43.800","N","N","Clear","Daylight","Minor Injury Collision","","","Y","N","2","Y","N","N","0","0"
"EB33924","5/21/2021 1:03:00 PM","Whatcom","Bellingham","State Road","State Patrol","SR 542              ","NF 3070             ","","49.530","N","N","Clear","Daylight","Minor Injury Collision","","","Y","N","2","N","N","N","0","0"
"EB33928","5/22/2021 12:15:00 PM","Whatcom","Bellingham","State Road","State Patrol","SR 542              ","I 5                 ","","0.100","N","Y","Clear","Daylight","No Injury Collision","","","N","N","2","N","N","N","0","0"
"EB33928","5/22/2021 12:15:00 PM","Whatcom","Bellingham","State Road","State Patrol","SR 542              ","I 5                 ","","0.100","N","Y","Clear","Daylight","No Injury Collision","","","Y","N","2","N","N","N","0","0"
"EB33927","5/23/2021 6:15:00 AM","Whatcom","Bellingham","State Road","State Patrol","I 5                 ","NULLE ROAD          ","","243.000","N","N","Clear","Daylight","Minor Injury Collision","","Guardrail x3","Y","N","2","Y","N","N","0","0"
"EB34795","5/24/2021 7:08:00 PM","Whatcom","Bellingham","State Road","State Patrol","I 5                 ","MERIDIAN STREET     ","","256.000","N","Y","Clear","Daylight","Minor Injury Collision","","Metal Sign Post","N","N","2","Y","N","N","0","0"
"EB34795","5/24/2021 7:08:00 PM","Whatcom","Bellingham","State Road","State Patrol","I 5                 ","MERIDIAN STREET     ","","256.000","N","Y","Clear","Daylight","Minor Injury Collision","","Metal Sign Post","Y","N","2","Y","N","N","0","0"
"EB33929","5/25/2021 2:51:00 PM","Whatcom","Bellingham","State Road","State Patrol","I 5                 ","S LAKE SAMISH RD    ","","251.000","N","N","Clear","Daylight","No Injury Collision","","","Y","Y","2","N","Y","N","0","0"
"EB33929","5/25/2021 2:51:00 PM","Whatcom","Bellingham","State Road","State Patrol","I 5                 ","S LAKE SAMISH RD    ","","251.000","N","N","Clear","Daylight","No Injury Collision","","","N","Y","2","N","Y","N","0","0"
"EB33930","5/28/2021 7:45:00 AM","Whatcom","Blaine","State Road","State Patrol","I 5                 ","SR 543              ","","275.150","N","N","Overcast","Daylight","No Injury Collision","","deer","Y","N","1","N","N","N","0","0"
"EB35328","5/28/2021 3:20:00 PM","Whatcom","Bellingham","State Road","State Patrol","I 5                 ","SR 539              ","","256.000","N","N","Clear","Daylight","No Injury Collision","","","N","N","2","N","N","N","0","0"
"EB35328","5/28/2021 3:20:00 PM","Whatcom","Bellingham","State Road","State Patrol","I 5                 ","SR 539              ","","256.000","N","N","Clear","Daylight","No Injury Collision","","","Y","N","2","N","N","N","0","0"
"EB34794","5/28/2021 4:33:00 PM","Whatcom","Blaine","State Road","State Patrol","I 5                 ","SR 548              ","","267.500","N","N","Clear","Daylight","Minor Injury Collision","","Roadway Ditch","Y","N","1","N","N","N","0","0"
"EB34797","5/28/2021 9:29:00 PM","Whatcom","Ferndale","State Road","State Patrol","I5                  ","MP 264              ","","264.200","N","N","Clear","Dusk","Unknown Injury Collision","","Cable barrier","Y","Y","1","N","N","N","0","0"
"EB36829","5/29/2021 9:25:00 PM","Whatcom","Bellingham","State Road","State Patrol","I 5                 ","SLATER ROAD         ","","260.000","N","N","Clear","Dark - Unknown Lighting","Minor Injury Collision","","Roadway Ditch","Y","N","2","Y","N","N","0","0"
"EB35331","5/30/2021 2:32:00 PM","Whatcom","Sumas","State Road","State Patrol","SR 547              ","CIMARRON WAY        ","","2.000","N","N","Clear","Daylight","No Injury Collision","","POWER POLE","Y","N","1","N","N","N","0","0"
"EB35331","5/30/2021 2:32:00 PM","Whatcom","Sumas","State Road","State Patrol","SR 547              ","CIMARRON WAY        ","","2.000","N","N","Clear","Daylight","No Injury Collision","","POWER POLE","N","N","1","N","N","N","0","0"
"EB35332","5/30/2021 3:05:00 PM","Whatcom","Everson","State Road","State Patrol","SR 542              ","BELL CREEK RD       ","","18.300","N","N","Overcast","Daylight","No Injury Collision","","","Y","N","2","Y","N","N","0","0"
"EB36828","6/1/2021 5:30:00 PM","Whatcom","Lynden","State Road","State Patrol","SR 546              ","DOUBLE DITCH RD     ","","0.500","N","Y","Clear","Daylight","Minor Injury Collision","","","Y","N","2","N","N","N","0","0"
"EB40753","6/1/2021 8:00:00 PM","Whatcom","","State Road","State Patrol","I-5                 ","W BAKERVIEW RD      ","","258.200","N","N","Clear","Dusk","No Injury Collision","","","N","Y","2","N","N","N","0","0"
"EB40753","6/1/2021 8:00:00 PM","Whatcom","","State Road","State Patrol","I-5                 ","W BAKERVIEW RD      ","","258.200","N","N","Clear","Dusk","No Injury Collision","","","Y","Y","2","N","N","N","0","0"
"EB46153","6/3/2021 4:37:00 PM","Whatcom","Bellingham","State Road","State Patrol","I 5                 ","LAKEWAY DR          ","","253.300","N","N","Clear","Daylight","No Injury Collision","","Guardrail","Y","N","1","N","N","N","0","0"
"EB36832","6/4/2021 4:27:00 PM","Whatcom","Lynden","State Road","State Patrol","SR544               ","HANNEGAN ROAD       ","","2.000","N","Y","Overcast","Daylight","No Injury Collision","","","Y","N","2","Y","N","N","0","0"