"Collision Report Number","Collision Date","County","City","Jurisdiction","Agency","Primary Trafficway","Secondary Trafficway","Block Number","Mile Post","School Zone","Intersection Related","Weather Condition","Lighting Condition","Injury Severity","Collision Type","Object Struck","Damage Threshold Met","Hit and Run","Motor Vehicles Involved","Passengers Involved","Commercial Carrier Involved","School Bus Involved","Pedestrians Involved","Pedalcyclists Involved"
"EB36833","6/4/2021 9:56:00 PM","Whatcom","Bellingham","State Road","State Patrol","I5                  ","MP 247              ","","247.300","N","N","Clear","Dark-No Street Lights","No Injury Collision","","Deer","Y","N","1","N","N","N","0","0"
"EB38933","6/4/2021 10:14:00 PM","Whatcom","Everson","State Road","State Patrol","STATE ROUTE 544     ","HANNEGAN ROAD       ","","1.970","N","Y","Overcast","Dark-Street Lights On","Serious Injury Collision","","","Y","N","2","Y","N","N","0","0"
"EB36831","6/4/2021 10:50:00 PM","Whatcom","Bellingham","State Road","State Patrol","NORTHWEST AVE       ","I5                  ",".     ","","N","Y","Raining","Dark-Street Lights On","No Injury Collision","","","Y","N","2","Y","N","N","0","0"
"EB37700","6/5/2021 2:50:00 PM","Whatcom","Bellingham","State Road","State Patrol","I 5                 ","SR 539              ","","256.000","N","N","Clear","Daylight","No Injury Collision","","","Y","N","3","Y","N","N","0","0"
"EB36834","6/5/2021 7:09:00 PM","Whatcom","Bellingham","State Road","State Patrol","I5                  ","MERIDIAN ST         ","","256.300","N","N","Clear","Daylight","Minor Injury Collision","","Cable barrier","Y","Y","1","Y","N","N","0","0"
"EB40754","6/5/2021 8:09:00 PM","Whatcom","Ferndale","State Road","State Patrol","I5                  ","GRANDVIEW RD        ","","267.300","N","N","Clear","Daylight","Minor Injury Collision","","Roadway Ditch","Y","N","1","Y","N","N","0","0"
"EB38929","6/5/2021 10:16:00 PM","Whatcom","Bellingham","State Road","State Patrol","NB I5               ","N LAKE SAMISH WAY   ","","246.300","N","N","Clear","Dark-Street Lights On","No Injury Collision","","Wood Sign Post","Y","N","1","N","N","N","0","0"
"EB38932","6/6/2021 7:50:00 AM","Whatcom","Ferndale","State Road","State Patrol","I 5                 ","PORTAL WAY          ","","263.000","N","N","Overcast","Daylight","No Injury Collision","","Deer","Y","N","1","N","Y","N","0","0"
"EB37701","6/6/2021 11:25:00 PM","Whatcom","Everson","State Road","State Patrol","SR 547              ","WHEELER RD          ","","0.250","N","N","Raining","Dark-No Street Lights","Unknown Injury Collision","","Metal Sign Post","Y","Y","1","N","N","N","0","0"
"EB38926","6/8/2021 9:50:00 AM","Whatcom","Lynden","State Road","State Patrol","SR 544              ","SR 539              ","","0.400","N","N","Clear","Daylight","No Injury Collision","","","Y","N","2","N","N","N","0","0"
"EB38926","6/8/2021 9:50:00 AM","Whatcom","Lynden","State Road","State Patrol","SR 544              ","SR 539              ","","0.400","N","N","Clear","Daylight","No Injury Collision","","","N","N","2","N","N","N","0","0"
"EB38931","6/9/2021 11:17:00 AM","Whatcom","Bellingham","State Road","State Patrol","I5                  ","SLATER RD           ","","259.000","N","N","Clear","Daylight","Minor Injury Collision","","Roadway Ditch","Y","N","2","N","N","N","0","0"
"EB38928","6/9/2021 1:46:00 PM","Whatcom","Bellingham","State Road","State Patrol","I 5                 ","SAMISH WAY          ","","245.800","N","N","Clear","Daylight","No Injury Collision","","ditch","Y","N","1","N","N","N","0","0"
"EB38927","6/9/2021 3:21:00 PM","Whatcom","Bellingham","State Road","State Patrol","I 5                 ","MERIDIAN            ","","256.000","N","N","Clear","Daylight","No Injury Collision","","deer","Y","N","1","N","N","N","0","0"
"EB39896","6/9/2021 4:14:00 PM","Whatcom","Everson","State Road","State Patrol","SR 544              ","SABLE DRIVE         ","","7.000","N","N","Clear","Daylight","No Injury Collision","","","Y","N","2","Y","N","N","0","0"
"EB39898","6/9/2021 9:33:00 PM","Whatcom","Bellingham","State Road","State Patrol","I 5                 ","BAKERVIEW RD        ","","258.300","N","N","Overcast","Dusk","No Injury Collision","","deer","Y","N","1","N","N","N","0","0"
"EB38934","6/11/2021 1:39:00 PM","Whatcom","Bellingham","State Road","State Patrol","I 5                 ","MERIDIAN STREET     ","","256.000","N","Y","Overcast","Daylight","No Injury Collision","","","Y","N","2","Y","N","N","0","0"
"EB38936","6/11/2021 2:14:00 PM","Whatcom","Bellingham","State Road","State Patrol","I 5                 ","GUIDE MERIDIAN      ","","256.000","N","Y","Overcast","Daylight","No Injury Collision","","","Y","N","2","N","N","N","0","0"
"EB38935","6/11/2021 2:21:00 PM","Whatcom","Bellingham","State Road","State Patrol","SR 539              ","AXTON RD            ","","4.600","N","N","Overcast","Daylight","Minor Injury Collision","","","Y","N","2","Y","N","N","0","0"
"EB40752","6/12/2021 10:28:00 PM","Whatcom","Bellingham","State Road","State Patrol","SR9                 ","MP75                ","","74.900","N","N","Raining","Dark-No Street Lights","Serious Injury Collision","","Wood Sign Post","Y","N","1","Y","N","N","0","0"
"EB40491","6/12/2021 11:29:00 PM","Whatcom","Bellingham","State Road","State Patrol","I 5                 ","W BAKERVIEW RD      ","","258.620","N","N","Raining","Dark-Street Lights On","No Injury Collision","","Guardrail","Y","N","1","Y","N","N","0","0"
"EB38937","6/13/2021 11:04:00 AM","Whatcom","Bellingham","State Road","State Patrol","I5                  ","SR539               ","","256.000","N","N","Overcast","Daylight","Minor Injury Collision","","","Y","N","2","N","N","N","0","0"
"EB42656","6/14/2021 8:49:00 AM","Whatcom","Bellingham","State Road","State Patrol","I 5                 ","BAKERVIEW ROAD      ","","258.000","N","N","Raining","Daylight","No Injury Collision","","Cable Barrier","Y","N","2","N","N","N","0","0"
"EB40751","6/14/2021 5:55:00 PM","Whatcom","","State Road","State Patrol","SR-11               ","SOUND VIEW RD       ","","15.800","N","N","Overcast","Daylight","Minor Injury Collision","","Metal Sign Post","Y","Y","1","Y","N","N","0","0"
"EB40755","6/15/2021 6:49:00 AM","Whatcom","Lynden","State Road","State Patrol","SR 539              ","RIVER RD            ","","9.400","N","N","Clear","Daylight","No Injury Collision","","","N","N","2","N","N","N","0","0"
"EB40755","6/15/2021 6:49:00 AM","Whatcom","Lynden","State Road","State Patrol","SR 539              ","RIVER RD            ","","9.400","N","N","Clear","Daylight","No Injury Collision","","","Y","N","2","N","N","N","0","0"
"EB42651","6/16/2021 3:58:00 PM","Whatcom","Bellingham","State Road","State Patrol","INTERSTATE 5        ","SR 539              ","","255.300","N","N","Clear","Daylight","No Injury Collision","","","Y","N","2","Y","N","N","0","0"
"EB40492","6/17/2021 2:45:00 AM","Whatcom","Bellingham","State Road","State Patrol","SR 9                ","STRAND RD           ","","75.130","N","N","Clear","Dark-No Street Lights","No Injury Collision","","ditch","Y","N","1","N","N","N","0","0"
"EB46052","6/18/2021 7:53:00 AM","Whatcom","Bellingham","State Road","State Patrol","I-5                 ","BIRCH BAY LYNDEN RD ","","272.000","N","N","Clear","Daylight","No Injury Collision","","","Y","N","2","N","N","N","0","0"
"EB46052","6/18/2021 7:53:00 AM","Whatcom","Bellingham","State Road","State Patrol","I-5                 ","BIRCH BAY LYNDEN RD ","","272.000","N","N","Clear","Daylight","No Injury Collision","","","N","N","2","N","N","N","0","0"
"EB41051","6/18/2021 4:26:00 PM","Whatcom","Concrete","State Road","State Patrol","SR 20               ","DIABLO DAM ROAD     ","","131.700","N","N","Clear","Daylight","Serious Injury Collision","","","N","Y","2","N","N","N","0","0"
"EB41051","6/18/2021 4:26:00 PM","Whatcom","Concrete","State Road","State Patrol","SR 20               ","DIABLO DAM ROAD     ","","131.700","N","N","Clear","Daylight","Serious Injury Collision","","","Y","Y","2","N","N","N","0","0"
"EB42655","6/19/2021 6:33:00 AM","Whatcom","Bellingham","State Road","State Patrol","SR 542              ","E CHURCH MT ROAD    ","","39.500","N","N","Clear","Daylight","No Injury Collision","","Roadway Ditch","Y","N","1","Y","N","N","0","0"
"EB46038","6/19/2021 10:57:00 AM","Whatcom","Bellingham","State Road","State Patrol","SR-547              ","REESE HILL RD       ","","5.000","N","N","Clear","Daylight","Minor Injury Collision","","","Y","N","2","N","N","N","0","0"
"EB42654","6/20/2021 8:59:00 AM","Whatcom","Bellingham","State Road","State Patrol","I 5                 ","NORTHWEST AVE       ","","257.000","N","N","Clear","Daylight","No Injury Collision","","Misc Object or Debris on Road","Y","N","1","N","N","N","0","0"
"EB42657","6/20/2021 10:11:00 AM","Whatcom","Bellingham","State Road","State Patrol","I 5                 ","BAKERVIEW ROAD      ","","259.000","N","N","Clear","Daylight","No Injury Collision","","Deer","Y","N","1","N","N","N","0","0"
"EB46055","6/20/2021 2:14:00 PM","Whatcom","Bellingham","State Road","State Patrol","I-5                 ","N LAKE SAMISH       ","","245.000","N","N","Clear","Daylight","No Injury Collision","","DITCH","N","N","1","N","N","N","0","0"
"EB42446","6/20/2021 8:50:00 PM","Whatcom","Sumas","State Road","State Patrol","SR 547              ","FROST RD            ","","5.350","N","N","Clear","Daylight","No Injury Collision","","Fence","Y","Y","1","Y","N","N","0","0"
"EB46049","6/21/2021 9:55:00 AM","Whatcom","","State Road","State Patrol","I-5                 ","CUSTER SCHOOL RD    ","","267.600","N","N","Clear","Daylight","Minor Injury Collision","","","Y","N","2","Y","Y","N","0","0"
"EB47311","6/21/2021 6:03:00 PM","Whatcom","Bellingham","State Road","State Patrol","I 5                 ","SR 539              ","","255.900","N","N","Clear","Daylight","No Injury Collision","","CABLE BARRIER","N","N","2","N","Y","N","0","0"
"EB47311","6/21/2021 6:03:00 PM","Whatcom","Bellingham","State Road","State Patrol","I 5                 ","SR 539              ","","255.900","N","N","Clear","Daylight","No Injury Collision","","CABLE BARRIER","Y","N","2","N","Y","N","0","0"
"EB42450","6/21/2021 9:29:00 PM","Whatcom","Bellingham","State Road","State Patrol","I 5                 ","BAKERVIEW RD        ","","258.300","N","N","Clear","Dusk","No Injury Collision","","cable barrier","Y","N","1","N","N","N","0","0"
"EB51775","6/22/2021 4:07:00 PM","Whatcom","Lynden","State Road","State Patrol","SR 539              ","SR 544              ","","7.500","N","Y","Clear","Daylight","No Injury Collision","","","Y","N","2","N","N","N","0","0"
"EB42448","6/22/2021 9:45:00 PM","Whatcom","Bellingham","State Road","State Patrol","SR 11               ","COVE RD             ","","15.200","N","N","Clear","Dark-No Street Lights","No Injury Collision","","Rock Bank or Ledge","Y","N","1","N","N","N","0","0"
"EB46056","6/23/2021 7:05:00 AM","Whatcom","Nooksack","State Road","State Patrol","SR 9                ","PARK RD             ","","68.000","N","N","Clear","Daylight","No Injury Collision","","Earth Bank or Ledge","Y","N","1","N","N","N","0","0"
"EB46040","6/23/2021 11:21:00 AM","Whatcom","Everson","State Road","State Patrol","SR 9                ","HOPEWELL RD         ","","86.900","N","N","Clear","Daylight","Fatal Collision","","Blueberry crop","Y","N","2","Y","Y","N","0","0"
"EB42447","6/23/2021 4:30:00 PM","Whatcom","Lynden","State Road","State Patrol","SR 539              ","SR 546              ","","12.000","N","Y","Clear","Daylight","No Injury Collision","","","Y","N","2","Y","Y","N","0","0"
"EB42447","6/23/2021 4:30:00 PM","Whatcom","Lynden","State Road","State Patrol","SR 539              ","SR 546              ","","12.000","N","Y","Clear","Daylight","No Injury Collision","","","N","N","2","Y","Y","N","0","0"
"EB42449","6/24/2021 9:25:00 PM","Whatcom","Ferndale","State Road","State Patrol","I 5                 ","PORTAL WAY          ","","263.200","N","N","Clear","Dusk","No Injury Collision","","","Y","N","1","N","N","N","0","0"
"EB46054","6/25/2021 7:39:00 AM","Whatcom","Nooksack","State Road","State Patrol","SR 542              ","SR 547              ","","22.500","N","N","Clear","Daylight","No Injury Collision","","Fence","N","Y","1","Y","N","N","0","0"
"EB46054","6/25/2021 7:39:00 AM","Whatcom","Nooksack","State Road","State Patrol","SR 542              ","SR 547              ","","22.500","N","N","Clear","Daylight","No Injury Collision","","Fence","Y","Y","1","Y","N","N","0","0"
"EB44996","6/25/2021 9:15:00 PM","Whatcom","Everson","State Road","State Patrol","SR 542              ","MOSQUITO LAKE RD    ","","16.700","N","N","Clear","Dusk","No Injury Collision","","","Y","N","2","Y","N","N","0","0"
"EB42872","6/26/2021 12:05:00 AM","Whatcom","Lynden","State Road","State Patrol","SR 544              ","SR 539              ","","0.030","N","Y","Clear","Dark-Street Lights On","No Injury Collision","","Metal Sign Post","Y","Y","1","N","N","N","0","0"
"EB43888","6/26/2021 6:27:00 AM","Whatcom","Bellingham","State Road","State Patrol","SR 542              ","SILVER LAKE ROAD    ","","28.000","N","N","Clear","Daylight","No Injury Collision","","WESTERN RED CEDAR TREE","Y","N","1","N","N","N","0","0"
"EB44997","6/27/2021 8:10:00 PM","Whatcom","Bellingham","State Road","State Patrol","I 5                 ","SR 542              ","","255.250","N","N","Clear","Daylight","No Injury Collision","","","Y","N","2","N","Y","N","0","0"
"EB43887","6/28/2021 1:10:00 AM","Whatcom","Everson","State Road","State Patrol","SR 544              ","BLUMEFIELD DR       ","","0.780","N","N","Clear","Dark-No Street Lights","Minor Injury Collision","","Building","Y","N","1","N","N","N","0","0"
"EB46042","6/28/2021 1:14:00 PM","Whatcom","Ferndale","State Road","State Patrol","I 5                 ","MAIN STREET         ","","262.500","N","Y","Clear","Daylight","No Injury Collision","","","N","N","2","N","Y","N","0","0"
"EB46042","6/28/2021 1:14:00 PM","Whatcom","Ferndale","State Road","State Patrol","I 5                 ","MAIN STREET         ","","262.500","N","Y","Clear","Daylight","No Injury Collision","","","Y","N","2","N","Y","N","0","0"
"EB48491","6/28/2021 2:40:00 PM","Whatcom","Bellingham","State Road","State Patrol","SR 539              ","E SMITH ROAD        ","","3.500","N","Y","Clear","Daylight","No Injury Collision","","Gate","Y","Y","2","N","N","N","0","0"
"EB48492","6/28/2021 3:58:00 PM","Whatcom","Bellingham","State Road","State Patrol","SR-542              ","MISSION RD          ","","5.000","N","N","Clear","Daylight","No Injury Collision","","DITCH","N","N","1","Y","N","N","0","0"
"EB47307","6/29/2021 4:07:00 PM","Whatcom","Bellingham","State Road","State Patrol","SR 542              ","SMITH RD            ","3273  ","","N","N","Clear","Daylight","Minor Injury Collision","","Culvert/ mailbox","N","N","1","N","N","N","0","0"
"EB47307","6/29/2021 4:07:00 PM","Whatcom","Bellingham","State Road","State Patrol","SR 542              ","SMITH RD            ","3273  ","","N","N","Clear","Daylight","Minor Injury Collision","","Culvert/ mailbox","Y","N","1","N","N","N","0","0"
"EB48488","6/30/2021 11:32:00 AM","Whatcom","Bellingham","State Road","State Patrol","I 5                 ","SR 11               ","","250.300","N","Y","Overcast","Daylight","Minor Injury Collision","","Guardrail","Y","N","1","Y","N","N","0","0"
"EB46051","7/1/2021 8:50:00 AM","Whatcom","Bellingham","State Road","State Patrol","SR 539              ","AXTON RD            ","","4.500","N","Y","Overcast","Daylight","Serious Injury Collision","","","Y","N","2","Y","N","N","0","0"
"EB48487","7/2/2021 1:10:00 PM","Whatcom","Ferndale","State Road","State Patrol","I5                  ","MAIN STREET         ","","262.000","N","Y","Clear","Daylight","No Injury Collision","","","Y","N","2","Y","N","N","0","0"
"EB45395","7/3/2021 1:25:00 AM","Whatcom","Everson","State Road","State Patrol","SR 9                ","STRAND RD           ","","75.220","N","Y","Clear","Dark-No Street Lights","Unknown Injury Collision","","Utility Pole","Y","Y","1","N","N","N","0","0"
"EB48489","7/3/2021 2:06:00 PM","Whatcom","Bellingham","State Road","State Patrol","SR-539              ","SMITH RD            ","","3.500","N","Y","Clear","Daylight","No Injury Collision","","","Y","N","2","Y","N","N","0","0"
"EB46154","7/3/2021 10:05:00 PM","Whatcom","Blaine","State Road","State Patrol","I 5                 ","D ST                ","","276.400","N","N","Clear","Dark-Street Lights On","Minor Injury Collision","","","Y","N","1","N","N","N","0","0"
"EB46152","7/4/2021 1:07:00 AM","Whatcom","Nooksack","State Road","State Patrol","SR 547              ","CHATEAU RD          ","","0.960","N","N","Clear","Dark-No Street Lights","Serious Injury Collision","","","N","Y","1","N","N","N","1","0"
"EB54983","7/5/2021 3:18:00 PM","Whatcom","Bellingham","State Road","State Patrol","SR 542              ","MAPLE DR            ","","26.000","N","N","Clear","Daylight","Minor Injury Collision","","","Y","N","1","N","N","N","0","0"
"EB49939","7/5/2021 6:03:00 PM","Whatcom","Bellingham","State Road","State Patrol","I 5                 ","SR 539              ","","255.770","N","N","Clear","Daylight","No Injury Collision","","","Y","N","2","N","Y","N","0","0"
"EB48494","7/6/2021 7:39:00 AM","Whatcom","Lynden","State Road","State Patrol","SR 539              ","SR 546              ","","12.500","N","Y","Clear","Daylight","No Injury Collision","","DOT SIGN","Y","N","1","N","N","N","0","0"
"EB48497","7/6/2021 10:55:00 AM","Whatcom","Ferndale","State Road","State Patrol","I 5                 ","SLATER ROAD         ","","260.300","N","N","Clear","Daylight","No Injury Collision","","","Y","N","2","Y","N","N","0","0"
"EB48496","7/7/2021 4:27:00 PM","Whatcom","Bellingham","State Road","State Patrol","I-5                 ","LAKEWAY DR          ","","253.000","N","N","Clear","Daylight","No Injury Collision","","","Y","N","2","Y","N","N","0","0"
"EB48082","7/8/2021 2:54:00 PM","Whatcom","Bellingham","State Road","State Patrol","SR 11               ","MILEPOST 14         ","","14.200","N","N","Clear","Daylight","No Injury Collision","","","N","N","1","N","N","N","0","0"
"EB48082","7/8/2021 2:54:00 PM","Whatcom","Bellingham","State Road","State Patrol","SR 11               ","MILEPOST 14         ","","14.200","N","N","Clear","Daylight","No Injury Collision","","","Y","N","1","N","N","N","0","0"
"EB49943","7/8/2021 5:22:00 PM","Whatcom","Bellingham","State Road","State Patrol","I 5                 ","SR 539              ","","256.000","N","N","Clear","Daylight","Minor Injury Collision","","","Y","N","2","Y","N","N","0","0"
"EB48493","7/9/2021 8:20:00 AM","Whatcom","Bellingham","State Road","State Patrol","I 5                 ","SUNSET DRIVE        ","","254.100","N","N","Clear","Daylight","Minor Injury Collision","","","Y","N","2","N","N","N","0","0"
"EB49538","7/9/2021 9:23:00 AM","Whatcom","Bellingham","State Road","State Patrol","I 5                 ","SLATER ROAD         ","","259.000","N","N","Clear","Daylight","No Injury Collision","","Tire","Y","N","2","N","Y","N","0","0"
"EB49538","7/9/2021 9:23:00 AM","Whatcom","Bellingham","State Road","State Patrol","I 5                 ","SLATER ROAD         ","","259.000","N","N","Clear","Daylight","No Injury Collision","","Tire","N","N","2","N","Y","N","0","0"
"EB48495","7/9/2021 11:56:00 AM","Whatcom","Lynden","State Road","State Patrol","SR 539              ","SR 546              ","","12.540","N","Y","Clear","Daylight","No Injury Collision","","","Y","N","2","Y","N","N","0","0"
"EB49941","7/11/2021 8:15:00 PM","Whatcom","Bellingham","State Road","State Patrol","I 5                 ","SR 11               ","","250.560","N","N","Clear","Daylight","Minor Injury Collision","","","Y","N","2","Y","N","N","0","0"
"EB49536","7/13/2021 2:15:00 PM","Whatcom","Nooksack","State Road","State Patrol","SR9                 ","HOFF RD             ","","84.900","N","N","Clear","Daylight","Minor Injury Collision","","Utility Pole","Y","N","1","Y","N","N","0","0"
"EB49539","7/14/2021 7:35:00 AM","Whatcom","Sumas","State Road","State Patrol","SR 547              ","PEACEFUL VALLEY DR  ","","1.800","N","Y","Clear","Daylight","Minor Injury Collision","","Tree or Stump","Y","N","1","N","N","N","0","0"
"EB49537","7/14/2021 12:45:00 PM","Whatcom","Nooksack","State Road","State Patrol","SR 542              ","MOSQUITO LAKE ROAD  ","","16.900","N","N","Clear","Daylight","No Injury Collision","","","Y","N","2","N","N","N","0","0"
"EB49541","7/14/2021 4:01:00 PM","Whatcom","Bellingham","State Road","State Patrol","I 5                 ","BAKERVIEW RD        ","","257.600","N","N","Clear","Daylight","No Injury Collision","","","Y","N","2","Y","N","N","0","0"
"EB49938","7/14/2021 6:19:00 PM","Whatcom","Bellingham","State Road","State Patrol","SR 547              ","OREGON TRAIL        ","","1.000","N","Y","Clear","Daylight","No Injury Collision","","Tree or Stump","Y","N","1","N","N","N","0","0"
"EB49540","7/15/2021 5:48:00 AM","Whatcom","Bellingham","State Road","State Patrol","SR542               ","KACHINA ROAD        ","","24.000","N","N","Clear","Daylight","No Injury Collision","","DEER","Y","N","1","N","N","N","0","0"
"EB49542","7/15/2021 12:46:00 PM","Whatcom","Lynden","State Road","State Patrol","SR539               ","SR546               ","","12.000","N","Y","Clear","Daylight","No Injury Collision","","","N","N","2","N","N","N","0","0"
"EB49542","7/15/2021 12:46:00 PM","Whatcom","Lynden","State Road","State Patrol","SR539               ","SR546               ","","12.000","N","Y","Clear","Daylight","No Injury Collision","","","Y","N","2","N","N","N","0","0"
"EB49927","7/16/2021 7:22:00 PM","Whatcom","Sumas","State Road","State Patrol","SR 547              ","REESE HILL RD       ","","4.900","N","N","Clear","Daylight","No Injury Collision","","ditch","Y","N","1","N","N","N","0","0"
"EB49940","7/17/2021 7:12:00 PM","Whatcom","Bellingham","State Road","State Patrol","SR 11               ","30TH ST             ","","21.100","N","Y","Clear","Daylight","No Injury Collision","","","N","N","2","N","N","N","0","0"
"EB49944","7/17/2021 11:16:00 PM","Whatcom","Bellingham","State Road","State Patrol","I 5                 ","N LAKE SAMISH       ","","245.250","N","N","Clear","Dark-No Street Lights","No Injury Collision","","Guardrail","Y","N","2","Y","N","N","0","0"
"EB49944","7/17/2021 11:16:00 PM","Whatcom","Bellingham","State Road","State Patrol","I 5                 ","N LAKE SAMISH       ","","245.250","N","N","Clear","Dark-No Street Lights","No Injury Collision","","Guardrail","N","N","2","Y","N","N","0","0"
"EB54987","7/18/2021 6:25:00 AM","Whatcom","Everson","State Road","State Patrol","STATE ROUTE 547     ","EASON ROAD          ","","1.000","N","Y","Clear","Dark - Unknown Lighting","No Injury Collision","","Metal Sign Post","N","N","1","N","N","N","0","0"
"EB54987","7/18/2021 6:25:00 AM","Whatcom","Everson","State Road","State Patrol","STATE ROUTE 547     ","EASON ROAD          ","","1.000","N","Y","Clear","Dark - Unknown Lighting","No Injury Collision","","Metal Sign Post","Y","N","1","N","N","N","0","0"
"EB50724","7/18/2021 1:28:00 PM","Whatcom","Concrete","State Road","State Patrol","SR 20               ","DIABLO DAM RD       ","","128.200","N","N","Clear","Daylight","Minor Injury Collision","","Roadway Ditch","Y","N","1","N","N","N","0","0"
"EB52369","7/20/2021 10:09:00 PM","Whatcom","Bellingham","State Road","State Patrol","I 5                 ","IOWA STREET         ","","254.000","N","N","Clear","Dark-Street Lights On","No Injury Collision","","Concrete/Jersey Barrier","N","N","2","N","Y","N","0","0"
"EB52369","7/20/2021 10:09:00 PM","Whatcom","Bellingham","State Road","State Patrol","I 5                 ","IOWA STREET         ","","254.000","N","N","Clear","Dark-Street Lights On","No Injury Collision","","Concrete/Jersey Barrier","Y","N","2","N","Y","N","0","0"
"EB52370","7/21/2021 4:18:00 PM","Whatcom","Ferndale","State Road","State Patrol","SR 548              ","NORTH STAR ROAD     ","","3.000","N","Y","Clear","Daylight","Minor Injury Collision","","","Y","N","3","Y","N","N","0","0"
"EB54982","7/23/2021 11:04:00 AM","Whatcom","Everson","State Road","State Patrol","SR-544              ","NOON RD             ","","4.020","N","Y","Clear","Daylight","No Injury Collision","","Ditch","N","N","1","N","Y","N","0","0"
"EB51777","7/23/2021 4:20:00 PM","Whatcom","Ferndale","State Road","State Patrol","SR 548              ","SALASHAN PARKWAY    ","2300  ","","N","Y","Clear","Daylight","Minor Injury Collision","","","N","N","1","N","Y","N","0","1"
"EB51777","7/23/2021 4:20:00 PM","Whatcom","Ferndale","State Road","State Patrol","SR 548              ","SALASHAN PARKWAY    ","2300  ","","N","Y","Clear","Daylight","Minor Injury Collision","","","Y","N","1","N","Y","N","0","1"
"EB51776","7/24/2021 12:52:00 PM","Whatcom","Bellingham","State Road","State Patrol","I 5                 ","MERIDIAN ST         ","","256.000","N","N","Clear","Daylight","Minor Injury Collision","","","Y","N","2","Y","N","N","0","0"
"EB52769","7/24/2021 1:40:00 PM","Whatcom","Bellingham","State Road","State Patrol","SR 11               ","LARABEE STATE PARK  ","","14.300","N","N","Clear","Daylight","No Injury Collision","","Tree or Stump","Y","N","1","N","N","N","0","0"
"EB51778","7/24/2021 2:06:00 PM","Whatcom","Lynden","State Road","State Patrol","SR 539              ","E WISER LAKE ROAD   ","","8.570","N","Y","Clear","Daylight","Minor Injury Collision","","Utility Pole","Y","N","1","N","N","N","0","0"
"EB53787","7/24/2021 4:24:00 PM","Whatcom","Bellingham","State Road","State Patrol","SR 11               ","SOUND VIEW RD       ","","15.800","N","N","Clear","Daylight","Fatal Collision","","","Y","N","2","Y","N","N","0","0"
"EB52371","7/25/2021 3:45:00 AM","Whatcom","Everson","State Road","State Patrol","SR 9                ","POTTER RD           ","","77.100","N","N","Clear","Dark-No Street Lights","Unknown Injury Collision","","Mailbox","Y","Y","1","N","N","N","0","0"
"EB54984","7/25/2021 1:38:00 PM","Whatcom","Nooksack","State Road","State Patrol","SR 9                ","MACK ROAD           ","","88.300","N","Y","Clear","Daylight","No Injury Collision","","","Y","N","2","Y","Y","N","0","0"
"EB54985","7/26/2021 1:27:00 PM","Whatcom","Lynden","State Road","State Patrol","SR546               ","VINUP RD            ","","2.400","N","N","Clear","Daylight","Minor Injury Collision","","","Y","N","2","N","N","N","0","0"
"EB54988","7/26/2021 2:48:00 PM","Whatcom","Bellingham","State Road","State Patrol","I 5                 ","MERIDIAN ST         ","","256.000","N","Y","Clear","Daylight","No Injury Collision","","","Y","N","2","N","N","N","0","0"
"EB56838","7/29/2021 7:29:00 AM","Whatcom","Bellingham","State Road","State Patrol","SR-542              ","SMITH RD            ","","8.870","N","Y","Clear","Daylight","No Injury Collision","","WSDOT ROAD SIGN","N","N","1","Y","Y","N","0","0"
"EB56838","7/29/2021 7:29:00 AM","Whatcom","Bellingham","State Road","State Patrol","SR-542              ","SMITH RD            ","","8.870","N","Y","Clear","Daylight","No Injury Collision","","WSDOT ROAD SIGN","Y","N","1","Y","Y","N","0","0"
"EB54990","7/29/2021 11:46:00 AM","Whatcom","Lynden","State Road","State Patrol","SR546               ","BENSON ROAD         ","400   ","","N","Y","Clear","Daylight","No Injury Collision","","","Y","N","2","Y","N","N","0","0"
"EB56839","7/29/2021 1:04:00 PM","Whatcom","Blaine","State Road","State Patrol","SR-543              ","D STREET            ","","1.000","N","N","Clear","Daylight","No Injury Collision","","","N","N","2","Y","Y","N","0","0"
"EB56839","7/29/2021 1:04:00 PM","Whatcom","Blaine","State Road","State Patrol","SR-543              ","D STREET            ","","1.000","N","N","Clear","Daylight","No Injury Collision","","","Y","N","2","Y","Y","N","0","0"
"EB53788","7/29/2021 7:53:00 PM","Whatcom","Ferndale","State Road","State Patrol","I 5                 ","MAIN ST             ","","262.850","N","N","Clear","Daylight","No Injury Collision","","Traffic Sign","Y","N","1","N","N","N","0","0"
"EB54989","7/30/2021 12:40:00 PM","Whatcom","Bellingham","State Road","State Patrol","I 5                 ","SR 539              ","","256.000","N","Y","Clear","Daylight","No Injury Collision","","","N","Y","2","N","N","N","0","0"
"EB54989","7/30/2021 12:40:00 PM","Whatcom","Bellingham","State Road","State Patrol","I 5                 ","SR 539              ","","256.000","N","Y","Clear","Daylight","No Injury Collision","","","Y","Y","2","N","N","N","0","0"
"EB54992","7/30/2021 3:30:00 PM","Whatcom","Bellingham","State Road","State Patrol","SR 542              ","NOON RD             ","","3.600","N","N","Clear","Daylight","Minor Injury Collision","","","Y","N","2","Y","Y","N","0","0"
"EB55959","7/30/2021 10:38:00 PM","Whatcom","Everson","State Road","State Patrol","SR 544              ","PVT RD              ","","5.200","N","N","Clear","Dark - Unknown Lighting","No Injury Collision","","","Y","Y","2","N","N","N","0","0"