"Collision Report Number","Collision Date","County","City","Jurisdiction","Agency","Primary Trafficway","Secondary Trafficway","Block Number","Mile Post","School Zone","Intersection Related","Weather Condition","Lighting Condition","Injury Severity","Collision Type","Object Struck","Damage Threshold Met","Hit and Run","Motor Vehicles Involved","Passengers Involved","Commercial Carrier Involved","School Bus Involved","Pedestrians Involved","Pedalcyclists Involved"
"EB57937","7/31/2021 6:21:00 PM","Whatcom","Bellingham","State Road","State Patrol","I 5                 ","BAKERVIEW RD        ","","257.650","N","N","Clear","Daylight","No Injury Collision","","","N","Y","2","N","N","N","0","0"
"EB57937","7/31/2021 6:21:00 PM","Whatcom","Bellingham","State Road","State Patrol","I 5                 ","BAKERVIEW RD        ","","257.650","N","N","Clear","Daylight","No Injury Collision","","","Y","Y","2","N","N","N","0","0"
"EB54828","7/31/2021 10:20:00 PM","Whatcom","Everson","State Road","State Patrol","SR 9                ","PARK RD             ","","68.700","N","N","Clear","Dark-No Street Lights","No Injury Collision","","Tree or Stump","Y","N","1","N","N","N","0","0"
"EB54829","7/31/2021 11:36:00 PM","Whatcom","Bellingham","State Road","State Patrol","I 5                 ","LAKEWAY DR          ","","253.000","N","N","Clear","Dark - Unknown Lighting","No Injury Collision","","","N","N","3","N","N","N","0","0"
"EB54829","7/31/2021 11:36:00 PM","Whatcom","Bellingham","State Road","State Patrol","I 5                 ","LAKEWAY DR          ","","253.000","N","N","Clear","Dark - Unknown Lighting","No Injury Collision","","","Y","N","3","N","N","N","0","0"
"EB54830","8/1/2021 2:30:00 AM","Whatcom","Ferndale","State Road","State Patrol","I 5                 ","GRANDVIEW           ","","265.080","N","N","Clear","Dark-No Street Lights","No Injury Collision","","","N","N","1","N","N","N","0","0"
"EB54991","8/2/2021 2:45:00 AM","Whatcom","Bellingham","State Road","State Patrol","I 5                 ","SAMISH WAY          ","","252.600","N","N","Clear","Dark-Street Lights On","No Injury Collision","","deer","Y","N","1","N","N","N","0","0"
"EB54993","8/2/2021 3:45:00 AM","Whatcom","Bellingham","State Road","State Patrol","SR 542              ","CORNELL CREEK RD    ","","32.200","N","N","Clear","Dark-No Street Lights","No Injury Collision","","Roadway Ditch","Y","N","1","N","N","N","0","0"
"EB58096","8/2/2021 3:34:00 PM","Whatcom","Bellingham","State Road","State Patrol","I 5                 ","SUNSET DR           ","","254.610","N","N","Clear","Daylight","No Injury Collision","","","Y","Y","2","Y","N","N","0","0"
"EB78628","8/3/2021 12:16:00 AM","Whatcom","Bellingham","State Road","State Patrol","I 5                 ","MERIDIAN STREET     ","","256.400","N","N","Clear","Dark-No Street Lights","Unknown Injury Collision","","Guardrail","Y","Y","1","N","N","N","0","0"
"EB54831","8/4/2021 7:19:00 AM","Whatcom","Bellingham","State Road","State Patrol","SR 542              ","MARKEL RD           ","","19.000","N","N","Clear","Daylight","Minor Injury Collision","","Tree or Stump","Y","N","1","N","N","N","0","0"
"EB55313","8/4/2021 4:38:00 PM","Whatcom","Bellingham","State Road","State Patrol","I5                  ","NORTHWEST AVE       ","","257.000","N","N","Clear","Daylight","No Injury Collision","","","Y","N","3","Y","Y","N","0","0"
"EB55313","8/4/2021 4:38:00 PM","Whatcom","Bellingham","State Road","State Patrol","I5                  ","NORTHWEST AVE       ","","257.000","N","N","Clear","Daylight","No Injury Collision","","","N","N","3","Y","Y","N","0","0"
"EB56841","8/4/2021 4:45:00 PM","Whatcom","Bellingham","State Road","State Patrol","I-5                 ","NORTHWEST AVE       ","","257.000","N","N","Clear","Daylight","No Injury Collision","","","N","Y","4","N","N","N","0","0"
"EB56841","8/4/2021 4:45:00 PM","Whatcom","Bellingham","State Road","State Patrol","I-5                 ","NORTHWEST AVE       ","","257.000","N","N","Clear","Daylight","No Injury Collision","","","Y","Y","4","N","N","N","0","0"
"EB56843","8/4/2021 5:28:00 PM","Whatcom","Bellingham","State Road","State Patrol","I-5                 ","SQUALLICUM CREEK BDG","","255.000","N","N","Clear","Daylight","No Injury Collision","","","N","Y","3","N","N","N","0","0"
"EB56843","8/4/2021 5:28:00 PM","Whatcom","Bellingham","State Road","State Patrol","I-5                 ","SQUALLICUM CREEK BDG","","255.000","N","N","Clear","Daylight","No Injury Collision","","","Y","Y","3","N","N","N","0","0"
"EB55314","8/4/2021 6:16:00 PM","Whatcom","Lynden","State Road","State Patrol","SR539               ","RIVER ROAD          ","","9.000","N","Y","Clear","Daylight","Minor Injury Collision","","","N","N","2","N","Y","N","0","0"
"EB55314","8/4/2021 6:16:00 PM","Whatcom","Lynden","State Road","State Patrol","SR539               ","RIVER ROAD          ","","9.000","N","Y","Clear","Daylight","Minor Injury Collision","","","Y","N","2","N","Y","N","0","0"
"EB56842","8/5/2021 5:32:00 PM","Whatcom","Bellingham","State Road","State Patrol","I-5                 ","SUNSET DRIVE        ","","254.000","N","N","Clear","Daylight","No Injury Collision","","","N","N","2","N","N","N","0","0"
"EB56842","8/5/2021 5:32:00 PM","Whatcom","Bellingham","State Road","State Patrol","I-5                 ","SUNSET DRIVE        ","","254.000","N","N","Clear","Daylight","No Injury Collision","","","Y","N","2","N","N","N","0","0"
"EB56473","8/6/2021 4:54:00 PM","Whatcom","Bellingham","State Road","State Patrol","I 5                 ","SR 11               ","","250.000","N","N","Clear","Daylight","No Injury Collision","","","Y","Y","2","Y","N","N","0","0"
"EB56472","8/6/2021 8:25:00 PM","Whatcom","Bellingham","State Road","State Patrol","I 5                 ","CHUCKANUT DR        ","","250.500","N","N","Clear","Daylight","No Injury Collision","","construction barrier and sign","N","N","1","Y","N","N","0","0"
"EB56472","8/6/2021 8:25:00 PM","Whatcom","Bellingham","State Road","State Patrol","I 5                 ","CHUCKANUT DR        ","","250.500","N","N","Clear","Daylight","No Injury Collision","","construction barrier and sign","Y","N","1","Y","N","N","0","0"
"EB57935","8/7/2021 10:08:00 AM","Whatcom","Bellingham","State Road","State Patrol","SR 11               ","SOUNDVIEW WAY       ","","15.860","N","N","Overcast","Daylight","No Injury Collision","","","Y","N","2","Y","N","N","0","0"
"EB57936","8/7/2021 11:43:00 AM","Whatcom","Lynden","State Road","State Patrol","SR 539              ","SR 544              ","","7.510","N","Y","Overcast","Daylight","No Injury Collision","","","Y","N","2","Y","N","N","0","0"
"EB58095","8/7/2021 12:56:00 PM","Whatcom","Bellingham","State Road","State Patrol","I 5                 ","IOWA                ","","254.000","N","N","Overcast","Daylight","No Injury Collision","","Concrete/Jersey Barrier","Y","N","1","N","N","N","0","0"
"EB58095","8/7/2021 12:56:00 PM","Whatcom","Bellingham","State Road","State Patrol","I 5                 ","IOWA                ","","254.000","N","N","Overcast","Daylight","No Injury Collision","","Concrete/Jersey Barrier","N","N","1","N","N","N","0","0"
"EB57938","8/9/2021 12:00:00 AM","Whatcom","Nooksack","State Road","State Patrol","SR 9                ","LINDSAY RD          ","8500  ","","N","Y","Overcast","Unknown","Unknown Injury Collision","","Culvert","Y","N","1","N","N","N","0","0"
"EB56262","8/9/2021 4:00:00 AM","Whatcom","Sumas","State Road","State Patrol","SR 547              ","S PASS RD           ","","4.100","N","N","Overcast","Dark-No Street Lights","Fatal Collision","","Power pole, fence, sign","Y","N","1","N","N","N","0","0"
"EB58364","8/9/2021 12:29:00 PM","Whatcom","Bellingham","State Road","State Patrol","SR 539              ","LAUREL ROAD         ","","4.000","N","N","Clear","Daylight","No Injury Collision","","","Y","N","2","Y","N","N","0","0"
"EB58364","8/9/2021 12:29:00 PM","Whatcom","Bellingham","State Road","State Patrol","SR 539              ","LAUREL ROAD         ","","4.000","N","N","Clear","Daylight","No Injury Collision","","","N","N","2","Y","N","N","0","0"
"EB56823","8/9/2021 4:54:00 PM","Whatcom","Bellingham","State Road","State Patrol","LAUREL ROAD         ","SR 539              ","100   ","","N","Y","Overcast","Daylight","No Injury Collision","","","Y","N","2","N","N","N","0","0"
"EB56844","8/10/2021 6:15:00 PM","Whatcom","Bellingham","State Road","State Patrol","I-5                 ","S/B SR-539 ON RAMP  ","","256.000","N","Y","Clear","Daylight","No Injury Collision","","","Y","N","2","N","N","N","0","0"
"EB59335","8/11/2021 2:44:00 AM","Whatcom","Lynden","State Road","State Patrol","SR-546              ","TRAPLINE RD         ","","5.000","N","N","Clear","Dark-No Street Lights","No Injury Collision","","DITCH/POWER POLE/MAILBOX","N","N","1","N","N","N","0","0"
"EB59335","8/11/2021 2:44:00 AM","Whatcom","Lynden","State Road","State Patrol","SR-546              ","TRAPLINE RD         ","","5.000","N","N","Clear","Dark-No Street Lights","No Injury Collision","","DITCH/POWER POLE/MAILBOX","Y","N","1","N","N","N","0","0"
"EB58201","8/11/2021 11:34:00 PM","Whatcom","Bellingham","State Road","State Patrol","I-5                 ","MCLEOD RD           ","","256.000","N","Y","Clear","Dark-Street Lights On","Unknown Injury Collision","","DITCH","Y","N","1","N","N","N","0","0"
"EB58097","8/12/2021 3:46:00 PM","Whatcom","Ferndale","State Road","State Patrol","SR 548              ","OLSON RD            ","","1.930","N","Y","Clear","Daylight","No Injury Collision","","","Y","N","2","N","N","N","0","0"
"EB59969","8/12/2021 6:21:00 PM","Whatcom","Bellingham","State Road","State Patrol","I-5                 ","IOWA ST             ","","253.000","N","Y","Clear","Daylight","No Injury Collision","","","Y","N","3","N","N","N","0","0"
"EB59336","8/13/2021 3:14:00 AM","Whatcom","Bellingham","State Road","State Patrol","SR-542              ","WATER ST            ","","13.000","N","N","Clear","Dark-No Street Lights","No Injury Collision","","Gas Pump","Y","Y","1","N","N","N","0","0"
"EB58202","8/13/2021 11:11:00 PM","Whatcom","Bellingham","State Road","State Patrol","I 5                 ","SR 11               ","","249.000","N","N","Fog or Smog or Smoke","Dark-No Street Lights","No Injury Collision","","","Y","Y","2","Y","N","N","0","0"
"EB58200","8/15/2021 1:20:00 AM","Whatcom","Bellingham","State Road","State Patrol","INTERSTATE 5        ","BAKERVIEW ROAD      ","","258.000","N","N","Clear","Dark-No Street Lights","No Injury Collision","","CABLE BARRIER","Y","Y","1","N","N","N","0","0"
"EB58365","8/15/2021 10:45:00 AM","Whatcom","Ferndale","State Road","State Patrol","I 5                 ","GRANDVIEW RD        ","","267.400","N","N","Clear","Daylight","No Injury Collision","","Fence","Y","N","1","N","N","N","0","0"
"EB60607","8/16/2021 3:45:00 PM","Whatcom","Lynden","State Road","State Patrol","SR 539              ","E WISER LAKE RD     ","","8.560","N","Y","Overcast","Daylight","No Injury Collision","","Traffic Sign","Y","N","2","Y","N","N","0","0"
"EB62043","8/16/2021 4:00:00 PM","Whatcom","Bellingham","State Road","State Patrol","SR 542              ","GLACIER             ","10160 ","","N","N","Overcast","Daylight","No Injury Collision","","Fire Hydrant","Y","N","1","N","N","N","0","0"
"EB58606","8/16/2021 6:05:00 PM","Whatcom","Bellingham","State Road","State Patrol","I5                  ","LAKEWAY DR          ","","252.900","N","N","Clear","Daylight","No Injury Collision","","","Y","N","2","N","N","N","0","0"
"EB59333","8/16/2021 10:45:00 PM","Whatcom","Bellingham","State Road","State Patrol","I 5                 ","SAMISH WAY          ","","251.800","N","N","Overcast","Dark-No Street Lights","No Injury Collision","","Guardrail","Y","N","2","N","Y","N","0","0"
"EB60609","8/17/2021 6:40:00 AM","Whatcom","Bellingham","State Road","State Patrol","SR 542              ","EASTWOOD RD         ","","22.000","N","N","Overcast","Daylight","No Injury Collision","","Fence and Utility Pole","Y","N","1","Y","N","N","0","0"
"EB73530","8/17/2021 10:10:00 AM","Whatcom","Bellingham","State Road","State Patrol","SR 539              ","AXTON RD            ","","4.500","N","Y","Overcast","Daylight","No Injury Collision","","","Y","N","2","N","N","N","0","0"
"EB73532","8/18/2021 1:37:00 PM","Whatcom","Everson","State Road","State Patrol","SR 544              ","HANNEGAN RD         ","","1.940","N","N","Clear","Daylight","No Injury Collision","","power pole","Y","N","2","N","N","N","0","0"
"EB60608","8/18/2021 3:17:00 PM","Whatcom","Bellingham","State Road","State Patrol","I 5                 ","IOWA ST             ","","253.650","N","N","Clear","Daylight","No Injury Collision","","","Y","N","2","N","N","N","0","0"
"EB61947","8/18/2021 3:17:00 PM","Whatcom","Bellingham","State Road","State Patrol","I 5                 ","IOWA ST             ","","253.650","N","N","Clear","Daylight","No Injury Collision","","","Y","N","3","N","N","N","0","0"
"EB59970","8/19/2021 12:32:00 AM","Whatcom","Ferndale","State Road","State Patrol","SR548               ","KICKERVILLE RD      ","","4.930","N","Y","Clear","Dark-Street Lights On","No Injury Collision","","Metal Sign Post","Y","N","1","N","N","N","0","0"
"EB60432","8/20/2021 9:40:00 PM","Whatcom","Lynden","State Road","State Patrol","SR 539              ","SR544               ","","7.000","N","Y","Overcast","Dark-Street Lights On","No Injury Collision","","","Y","N","2","Y","N","N","0","0"
"EB60431","8/21/2021 10:45:00 PM","Whatcom","Lynden","State Road","State Patrol","SR 539              ","WISER LAKE ROAD     ","","10.000","N","Y","Overcast","Dark-Street Lights On","No Injury Collision","","Utility Pole, dot sign","Y","N","1","Y","N","N","0","0"
"EB62046","8/22/2021 4:58:00 PM","Whatcom","Bellingham","State Road","State Patrol","SR 539              ","KELLY RD            ","","2.500","N","N","Clear","Daylight","No Injury Collision","","","Y","N","2","Y","N","N","0","0"
"EB63221","8/23/2021 12:50:00 AM","Whatcom","Ferndale","State Road","State Patrol","I 5                 ","PORTAL WAY          ","","263.500","N","N","Overcast","Dark-No Street Lights","No Injury Collision","","Metal Sign Post","Y","N","1","Y","N","N","0","0"
"EB61132","8/23/2021 7:53:00 AM","Whatcom","Bellingham","State Road","State Patrol","SR 539              ","SMITH RD            ","","3.500","N","N","Raining","Daylight","No Injury Collision","","","N","N","2","N","N","N","0","0"
"EB61132","8/23/2021 7:53:00 AM","Whatcom","Bellingham","State Road","State Patrol","SR 539              ","SMITH RD            ","","3.500","N","N","Raining","Daylight","No Injury Collision","","","Y","N","2","N","N","N","0","0"
"EB62044","8/23/2021 10:57:00 PM","Whatcom","Bellingham","State Road","State Patrol","I 5                 ","SUNSET DR           ","","254.000","N","N","Clear","Dark-Street Lights On","No Injury Collision","","","Y","N","2","N","N","N","0","0"
"EB61773","8/25/2021 12:33:00 PM","Whatcom","Bellingham","State Road","State Patrol","SR 539              ","TEN MILE RD         ","","6.000","N","N","Clear","Daylight","Minor Injury Collision","","","Y","N","1","Y","N","N","0","0"
"EB63220","8/26/2021 2:31:00 AM","Whatcom","Ferndale","State Road","State Patrol","I-5                 ","PORTAL WAY          ","","263.000","N","N","Clear","Dark-No Street Lights","No Injury Collision","","Deer","Y","N","1","Y","Y","N","0","0"
"EB62045","8/26/2021 4:24:00 PM","Whatcom","Bellingham","State Road","State Patrol","I5                  ","IOWA ST             ","","254.000","N","N","Overcast","Daylight","No Injury Collision","","","Y","Y","3","Y","N","N","0","0"
"EB62045","8/26/2021 4:24:00 PM","Whatcom","Bellingham","State Road","State Patrol","I5                  ","IOWA ST             ","","254.000","N","N","Overcast","Daylight","No Injury Collision","","","N","Y","3","Y","N","N","0","0"
"EB62047","8/26/2021 4:24:00 PM","Whatcom","Bellingham","State Road","State Patrol","SB I5               ","IOWA STREET         ","","254.000","N","N","Overcast","Daylight","No Injury Collision","","","Y","N","2","N","N","N","0","0"
"EB62047","8/26/2021 4:24:00 PM","Whatcom","Bellingham","State Road","State Patrol","SB I5               ","IOWA STREET         ","","254.000","N","N","Overcast","Daylight","No Injury Collision","","","N","N","2","N","N","N","0","0"
"EB63219","8/26/2021 5:16:00 PM","Whatcom","Bellingham","State Road","State Patrol","I-5                 ","IOWA                ","","254.000","N","N","Raining","Daylight","No Injury Collision","","","Y","N","2","N","Y","N","0","0"
"EB63219","8/26/2021 5:16:00 PM","Whatcom","Bellingham","State Road","State Patrol","I-5                 ","IOWA                ","","254.000","N","N","Raining","Daylight","No Injury Collision","","","N","N","2","N","Y","N","0","0"
"EB63067","8/27/2021 7:03:00 AM","Whatcom","Bellingham","State Road","State Patrol","I 5                 ","IOWA                ","","254.000","N","N","Overcast","Daylight","No Injury Collision","","","Y","N","2","N","N","N","0","0"
"EB63068","8/27/2021 7:52:00 AM","Whatcom","Bellingham","State Road","State Patrol","I5                  ","IOWA                ","","253.700","N","N","Overcast","Daylight","No Injury Collision","","Guardrail","Y","N","1","N","N","N","0","0"
"EB63066","8/27/2021 9:07:00 AM","Whatcom","Lynden","State Road","State Patrol","SR 546              ","VAN BUREN RD        ","","7.000","N","Y","Raining","Daylight","Minor Injury Collision","","","Y","N","3","N","N","N","0","0"
"EB63066","8/27/2021 9:07:00 AM","Whatcom","Lynden","State Road","State Patrol","SR 546              ","VAN BUREN RD        ","","7.000","N","Y","Raining","Daylight","Minor Injury Collision","","","N","N","3","N","N","N","0","0"
"EB65773","8/29/2021 1:20:00 AM","Whatcom","Bellingham","State Road","State Patrol","SR 542              ","SMITH RD            ","","8.900","N","Y","Clear","Dark-Street Lights On","No Injury Collision","","Metal Sign Post","Y","Y","1","N","N","N","0","0"
"EB63069","8/29/2021 11:46:00 AM","Whatcom","Ferndale","State Road","State Patrol","I 5                 ","PORTAL WAY          ","","263.400","N","N","Clear","Daylight","Serious Injury Collision","","DOT power box","Y","N","1","N","N","N","0","0"
"EB63222","8/29/2021 2:08:00 PM","Whatcom","Bellingham","State Road","State Patrol","SR-542              ","BUCKENMEYER LN      ","","20.000","N","Y","Clear","Daylight","No Injury Collision","","STREET SIGN AND DITCH","Y","N","1","N","N","N","0","0"
"EB65770","8/31/2021 2:45:00 AM","Whatcom","Bellingham","State Road","State Patrol","SR 539              ","SR 544              ","","7.500","N","Y","Overcast","Dark-No Street Lights","No Injury Collision","","Concrete/Jersey Barrier","Y","N","1","N","N","N","0","0"
"EB70773","8/31/2021 6:59:00 AM","Whatcom","Bainbridge Island","State Road","State Patrol","SR 547              ","LIMESTONE ROAD      ","","3.660","N","N","Raining","Daylight","Serious Injury Collision","","SIGN/ DOUGLAS FIR TREE","N","N","1","N","N","N","0","0"
"EB70773","8/31/2021 6:59:00 AM","Whatcom","Bainbridge Island","State Road","State Patrol","SR 547              ","LIMESTONE ROAD      ","","3.660","N","N","Raining","Daylight","Serious Injury Collision","","SIGN/ DOUGLAS FIR TREE","Y","N","1","N","N","N","0","0"
"EB63223","8/31/2021 7:18:00 PM","Whatcom","Bellingham","State Road","State Patrol","I 5                 ","MCLEOD ROAD         ","","256.000","N","Y","Overcast","Daylight","No Injury Collision","","Culvert","Y","N","1","N","N","N","0","0"
"EB69531","9/1/2021 7:37:00 PM","Whatcom","Lynden","State Road","State Patrol","SR 546              ","NORTHWOOD           ","","3.900","N","Y","Overcast","Daylight","No Injury Collision","","Flowers and Posts","Y","Y","1","N","N","N","0","0"
"EB69531","9/1/2021 7:37:00 PM","Whatcom","Lynden","State Road","State Patrol","SR 546              ","NORTHWOOD           ","","3.900","N","Y","Overcast","Daylight","No Injury Collision","","Flowers and Posts","N","Y","1","N","N","N","0","0"
"EB65772","9/1/2021 8:27:00 PM","Whatcom","Bellingham","State Road","State Patrol","SR542               ","E 23 AVE            ","","5.000","N","Y","Clear","Dark-No Street Lights","No Injury Collision","","DITCH","Y","N","2","Y","N","N","0","0"
"EB66333","9/2/2021 12:40:00 PM","Whatcom","Bellingham","State Road","State Patrol","I 5                 ","BELLIS FAIR PKWY    ","","256.120","N","N","Clear","Daylight","Minor Injury Collision","","cable barrier","Y","N","2","Y","N","N","0","0"
"EB65774","9/2/2021 7:12:00 PM","Whatcom","Bellingham","State Road","State Patrol","I 5                 ","JN SR 539           ","","256.400","N","N","Clear","Daylight","Minor Injury Collision","","","Y","N","1","N","N","N","0","0"
"EB65775","9/2/2021 7:24:00 PM","Whatcom","Bellingham","State Road","State Patrol","I 5                 ","SR 539              ","","256.100","N","N","Clear","Daylight","No Injury Collision","","","Y","N","2","Y","N","N","0","0"
"EB73843","9/4/2021 12:00:00 AM","Whatcom","Everson","State Road","State Patrol","SR 544              ","EVERSON GOSHEN ROAD ","","5.010","N","Y","Clear","Dark-No Street Lights","Unknown Injury Collision","","Metal Sign Post","Y","Y","1","N","N","N","0","0"
"EB65771","9/4/2021 5:05:00 PM","Whatcom","Nooksack","State Road","State Patrol","SR 542              ","GLACIER SPRING DR.  ","","29.800","N","N","Overcast","Daylight","Minor Injury Collision","","Over Embankment","N","N","1","Y","N","N","0","0"
"EB65778","9/4/2021 7:27:00 PM","Whatcom","Bellingham","State Road","State Patrol","INTERSTATE 5        ","SAMISH WAY          ","","249.500","N","N","Raining","Dark-Street Lights On","No Injury Collision","","deer","Y","N","1","N","N","N","0","0"
"EC41636","9/4/2021 11:34:00 PM","Whatcom","Blaine","State Road","State Patrol","SR 548              ","CALIFORNIA TRAIL    ","","10.200","N","Y","Clear","Dark-No Street Lights","Minor Injury Collision","","DITCH","Y","N","2","N","N","N","0","0"
"EB68009","9/5/2021 6:08:00 AM","Whatcom","Lynden","State Road","State Patrol","SR 539              ","SR 546              ","","12.300","N","N","Clear","Dawn","No Injury Collision","","Earth Bank or Ledge","Y","N","1","N","N","N","0","0"
"EB65777","9/5/2021 3:43:00 PM","Whatcom","Bellingham","State Road","State Patrol","STATE ROUTE 539     ","LARSON ROAD         ","","2.600","N","N","Overcast","Daylight","No Injury Collision","","dog","Y","N","1","N","N","N","0","0"
"EB69533","9/6/2021 8:52:00 PM","Whatcom","Ferndale","State Road","State Patrol","I 5                 ","SLATER ROAD         ","","260.700","N","N","Clear","Dark-No Street Lights","No Injury Collision","","Earth Bank or Ledge","Y","N","1","N","N","N","0","0"
"EB65776","9/7/2021 4:15:00 PM","Whatcom","Lynden","State Road","State Patrol","SR539               ","E. PRAIRIE ROAD     ","9390  ","","N","N","Clear","Daylight","No Injury Collision","","","Y","N","2","N","N","N","0","0"
"EB65779","9/7/2021 5:30:00 PM","Whatcom","Bellingham","State Road","State Patrol","I 5                 ","SQULICUM CREEK      ","","255.500","N","N","Clear","Daylight","No Injury Collision","","","Y","N","2","N","N","N","0","0"
"EB69532","9/7/2021 6:05:00 PM","Whatcom","Bellingham","State Road","State Patrol","I 5                 ","NULLE RD            ","","243.000","N","N","Clear","Daylight","No Injury Collision","","","Y","N","2","N","N","N","0","0"
"EB69534","9/7/2021 11:08:00 PM","Whatcom","Blaine","State Road","State Patrol","SR 548              ","ANDERSON RD         ","","9.450","N","Y","Clear","Dark-No Street Lights","Minor Injury Collision","","Tree, and a deck attached to a residence","Y","N","1","N","N","N","0","0"
"EB68010","9/9/2021 8:25:00 AM","Whatcom","Bellingham","State Road","State Patrol","SR 9                ","SR 542              ","","79.320","N","N","Clear","Daylight","No Injury Collision","","","Y","N","2","N","N","N","0","0"
"EB69537","9/9/2021 3:43:00 PM","Whatcom","Bellingham","State Road","State Patrol","I 5                 ","JN IOWA             ","","253.900","N","N","Clear","Daylight","Minor Injury Collision","","","Y","N","2","N","N","N","0","0"
"EB69540","9/11/2021 1:10:00 AM","Whatcom","Ferndale","State Road","State Patrol","I 5                 ","MAIN STREET         ","","262.000","N","N","Clear","Dark-Street Lights On","No Injury Collision","","Traffic Signal Pole","Y","N","1","N","N","N","0","0"
"EB69760","9/11/2021 1:05:00 PM","Whatcom","Bellingham","State Road","State Patrol","SR 539              ","LAUREL RD           ","","4.900","N","N","Overcast","Daylight","No Injury Collision","","","Y","N","2","N","N","N","0","0"
"EB69538","9/11/2021 6:48:00 PM","Whatcom","Sedro-Woolley","State Road","State Patrol","SR 9                ","NELSON RD           ","","76.700","N","N","Raining","Daylight","Minor Injury Collision","","Tree or Stump","Y","N","1","N","N","N","0","0"
"EB69539","9/11/2021 7:50:00 PM","Whatcom","Ferndale","State Road","State Patrol","I 5                 ","PORTAL WAY          ","","263.000","N","Y","Raining","Dark-No Street Lights","No Injury Collision","","Guardrail","Y","N","1","N","N","N","0","0"
"EB69731","9/12/2021 6:31:00 AM","Whatcom","Bellingham","State Road","State Patrol","I 5                 ","SUNSET DR           ","","255.350","N","N","Raining","Daylight","No Injury Collision","","cable barrier","Y","N","1","N","N","N","0","0"
"EB69535","9/12/2021 6:07:00 PM","Whatcom","Ferndale","State Road","State Patrol","INTERSTATE 5        ","PORTAL WAY          ","","263.500","N","N","Overcast","Daylight","No Injury Collision","","","Y","N","2","N","N","N","0","0"
"EB69535","9/12/2021 6:07:00 PM","Whatcom","Ferndale","State Road","State Patrol","INTERSTATE 5        ","PORTAL WAY          ","","263.500","N","N","Overcast","Daylight","No Injury Collision","","","N","N","2","N","N","N","0","0"
"EB69543","9/12/2021 10:17:00 PM","Whatcom","Bellingham","State Road","State Patrol","SR 542              ","BIG RIVER BLVD      ","","24.600","N","N","Clear","Dark-No Street Lights","No Injury Collision","","Utility Pole","Y","Y","1","N","N","N","0","0"
"EB69733","9/13/2021 5:58:00 AM","Whatcom","Nooksack","State Road","State Patrol","SR 9                ","ROTHENBUHLER RD     ","","71.300","N","N","Overcast","Daylight","No Injury Collision","","PHONE BOX","Y","N","1","N","Y","N","0","0"
"EB69759","9/13/2021 11:34:00 AM","Whatcom","Bellingham","State Road","State Patrol","I 5                 ","SUNSET DR           ","","254.700","N","N","Clear","Daylight","No Injury Collision","","DEER","Y","N","2","N","N","N","0","0"
"EB69732","9/13/2021 3:10:00 PM","Whatcom","Sumas","State Road","State Patrol","SR 547              ","FROST RD            ","","5.700","N","N","Clear","Daylight","No Injury Collision","","DITCH","Y","N","1","Y","N","N","0","0"
"EB69729","9/14/2021 11:45:00 AM","Whatcom","Bellingham","State Road","State Patrol","SR 539              ","SMITH RD            ","","3.500","N","Y","Raining","Daylight","No Injury Collision","","","Y","N","2","N","N","N","0","0"
"EB69536","9/15/2021 6:04:00 PM","Whatcom","Bellingham","State Road","State Patrol","I 5                 ","N LAKE SAMISH RD    ","","244.000","N","N","Clear","Daylight","No Injury Collision","","Guardrail","N","N","1","N","N","N","0","0"
"EB69536","9/15/2021 6:04:00 PM","Whatcom","Bellingham","State Road","State Patrol","I 5                 ","N LAKE SAMISH RD    ","","244.000","N","N","Clear","Daylight","No Injury Collision","","Guardrail","Y","N","1","N","N","N","0","0"
"EB69761","9/16/2021 2:00:00 PM","Whatcom","Everson","State Road","State Patrol","SR 542              ","EASTWOOD RD         ","","22.200","N","N","Clear","Daylight","Unknown Injury Collision","","Fence","Y","Y","1","N","N","N","0","0"
"EB69763","9/17/2021 8:05:00 AM","Whatcom","Bellingham","State Road","State Patrol","I 5                 ","SR 11               ","","248.400","N","N","Raining","Daylight","No Injury Collision","","Tree or Stump","Y","N","2","N","N","N","0","0"
"EB69764","9/17/2021 10:55:00 AM","Whatcom","Blaine","State Road","State Patrol","I 5                 ","BIRCH BAY LYNDEN    ","","269.400","N","N","Raining","Daylight","No Injury Collision","","","Y","N","1","N","N","N","0","0"
"EB70778","9/17/2021 3:03:00 PM","Whatcom","Lynden","State Road","State Patrol","SR 539              ","MAIN ST             ","","11.480","N","N","Overcast","Daylight","No Injury Collision","","","Y","N","3","Y","N","N","0","0"
"EB69546","9/17/2021 6:48:00 PM","Whatcom","Bellingham","State Road","State Patrol","I 5                 ","IOWA STREET         ","","253.900","N","N","Other","Dusk","No Injury Collision","","","Y","Y","2","N","Y","N","0","0"
"EB69545","9/17/2021 6:58:00 PM","Whatcom","Bellingham","State Road","State Patrol","I 5                 ","IOWA STREET         ","","253.600","N","N","Raining","Dark-Street Lights On","No Injury Collision","","","Y","N","2","N","N","N","0","0"
"EB68816","9/17/2021 9:06:00 PM","Whatcom","Concrete","State Road","State Patrol","SR 20               ","CANYON CREEK TRAIL  ","","141.280","N","N","Raining","Dark-No Street Lights","No Injury Collision","","Gravel Berm","Y","N","1","Y","N","N","0","0"