"Collision Report Number","Collision Date","County","City","Jurisdiction","Agency","Primary Trafficway","Secondary Trafficway","Block Number","Mile Post","School Zone","Intersection Related","Weather Condition","Lighting Condition","Injury Severity","Collision Type","Object Struck","Damage Threshold Met","Hit and Run","Motor Vehicles Involved","Passengers Involved","Commercial Carrier Involved","School Bus Involved","Pedestrians Involved","Pedalcyclists Involved"
"EB69544","9/17/2021 9:34:00 PM","Whatcom","Bellingham","State Road","State Patrol","I 5                 ","SR 542              ","","254.500","N","N","Raining","Dark-No Street Lights","No Injury Collision","","Concrete/Jersey Barrier","N","N","1","Y","N","N","0","0"
"EB69544","9/17/2021 9:34:00 PM","Whatcom","Bellingham","State Road","State Patrol","I 5                 ","SR 542              ","","254.500","N","N","Raining","Dark-No Street Lights","No Injury Collision","","Concrete/Jersey Barrier","Y","N","1","Y","N","N","0","0"
"EB69762","9/18/2021 9:58:00 AM","Whatcom","Bellingham","State Road","State Patrol","SR 542              ","DEMING RD           ","","10.560","N","N","Overcast","Daylight","Minor Injury Collision","","","Y","N","2","Y","N","N","0","0"
"EB69765","9/18/2021 10:55:00 AM","Whatcom","Bellingham","State Road","State Patrol","I 5                 ","NORTHWEST AVE       ","","257.130","N","N","Overcast","Daylight","No Injury Collision","","","Y","N","2","N","N","N","0","0"
"EB69547","9/19/2021 8:56:00 PM","Whatcom","Bellingham","State Road","State Patrol","I 5                 ","NULLE ROAD          ","","242.000","N","N","Overcast","Dark-No Street Lights","No Injury Collision","","","Y","Y","2","N","N","N","0","0"
"EB71049","9/20/2021 11:15:00 AM","Whatcom","Bellingham","State Road","State Patrol","SR 9                ","NELSON RD           ","","75.500","N","N","Clear","Daylight","No Injury Collision","","speed sign","Y","N","1","N","N","N","0","0"
"EB73533","9/21/2021 7:44:00 AM","Whatcom","Bellingham","State Road","State Patrol","SR 542              ","MISTY LN            ","","4.100","N","N","Clear","Dawn","No Injury Collision","","Earth Bank or Ledge","Y","N","3","N","N","N","0","0"
"EB72411","9/22/2021 9:00:00 PM","Whatcom","Bellingham","State Road","State Patrol","I 5                 ","SUNSET DRIVE        ","","254.600","N","N","Clear","Daylight","Minor Injury Collision","","","Y","N","2","N","Y","N","0","0"
"EB72409","9/23/2021 12:45:00 AM","Whatcom","Bellingham","State Road","State Patrol","SR 542              ","SMITH RD            ","","8.870","N","Y","Clear","Dark-Street Lights On","Minor Injury Collision","","Traffic Signal Pole","Y","N","1","N","N","N","0","0"
"EB73026","9/23/2021 11:30:00 PM","Whatcom","Bellingham","State Road","State Patrol","I 5                 ","SAMISH WAY          ","","246.000","N","N","Clear","Dark-Street Lights Off","Minor Injury Collision","","Guardrail","Y","Y","2","N","N","N","0","0"
"EB72410","9/24/2021 2:17:00 PM","Whatcom","Bellingham","State Road","State Patrol","I 5                 ","LAKEWAY DRIVE       ","","253.000","N","N","Clear","Daylight","No Injury Collision","","","Y","N","2","Y","N","N","0","0"
"EB78052","9/25/2021 5:27:00 AM","Whatcom","Lynden","State Road","State Patrol","SR 546              ","VINUP ROAD          ","","2.530","N","N","Clear","Dark-No Street Lights","No Injury Collision","","Guardrail/ Tree","Y","N","1","N","N","N","0","0"
"EB73844","9/25/2021 1:40:00 PM","Whatcom","Bellingham","State Road","State Patrol","SR 542              ","GLACIER CREEK ROAD  ","","34.800","N","N","Clear","Daylight","Minor Injury Collision","","","Y","N","4","N","N","N","0","0"
"EB78248","9/26/2021 3:25:00 AM","Whatcom","Ferndale","State Road","State Patrol","I 5                 ","JS GRANDVIEW        ","","266.100","N","N","Overcast","Dark-No Street Lights","No Injury Collision","","Cable Barrier","Y","Y","1","N","N","N","0","0"
"EB73534","9/26/2021 6:07:00 PM","Whatcom","Bellingham","State Road","State Patrol","SR 542              ","MISSION RD          ","","5.500","N","N","Raining","Daylight","Minor Injury Collision","","","Y","N","2","N","Y","N","0","0"
"EB75218","9/26/2021 7:23:00 PM","Whatcom","Bellingham","State Road","State Patrol","I 5                 ","SAMISH WAY          ","","247.600","N","N","Raining","Dark-No Street Lights","No Injury Collision","","","Y","N","2","N","N","N","0","0"
"EB75220","9/26/2021 9:24:00 PM","Whatcom","Bellingham","State Road","State Patrol","I 5                 ","SAMISH WAY          ","","247.350","N","N","Raining","Dark-No Street Lights","No Injury Collision","","Guardrail","Y","Y","1","N","N","N","0","0"
"EB73536","9/27/2021 4:08:00 AM","Whatcom","Ferndale","State Road","State Patrol","I 5                 ","MAIN ST             ","","262.620","N","N","Overcast","Dark-Street Lights On","No Injury Collision","","sign","Y","N","1","N","N","N","0","0"
"EB78246","9/29/2021 5:30:00 AM","Whatcom","Bellingham","State Road","State Patrol","SR 11               ","I 5                 ","","21.280","N","N","Raining","Dark-Street Lights On","No Injury Collision","","","Y","Y","2","N","N","N","0","0"
"EB73535","9/30/2021 12:06:00 AM","Whatcom","Bellingham","State Road","State Patrol","I 5                 ","SUNSET DR           ","","255.000","N","N","Clear","Dark-Street Lights On","No Injury Collision","","","Y","N","2","N","N","N","0","0"
"EB78245","9/30/2021 9:54:00 AM","Whatcom","Bellingham","State Road","State Patrol","SR-542              ","EVERSON GOSHEN RD   ","","4.000","N","N","Raining","Daylight","No Injury Collision","","","N","N","2","Y","Y","N","0","0"
"EB78245","9/30/2021 9:54:00 AM","Whatcom","Bellingham","State Road","State Patrol","SR-542              ","EVERSON GOSHEN RD   ","","4.000","N","N","Raining","Daylight","No Injury Collision","","","Y","N","2","Y","Y","N","0","0"
"EB73845","9/30/2021 10:21:00 AM","Whatcom","Bellingham","State Road","State Patrol","SR 542              ","EVERSON GOSHEN RD   ","","4.600","N","N","Raining","Daylight","Minor Injury Collision","","ADDRESS SIGN","Y","N","2","Y","N","N","0","0"
"EB78247","9/30/2021 12:17:00 PM","Whatcom","Bellingham","State Road","State Patrol","SR 542              ","SMITH RD            ","","8.900","N","Y","Overcast","Daylight","No Injury Collision","","Sign","Y","N","1","N","N","N","0","0"
"EB73537","9/30/2021 6:59:00 PM","Whatcom","Lynden","State Road","State Patrol","SR 546              ","SR 539              ","","0.030","N","N","Overcast","Dusk","No Injury Collision","","","Y","N","3","Y","N","N","0","0"
"EB73537","9/30/2021 6:59:00 PM","Whatcom","Lynden","State Road","State Patrol","SR 546              ","SR 539              ","","0.030","N","N","Overcast","Dusk","No Injury Collision","","","N","N","3","Y","N","N","0","0"
"EB73538","10/1/2021 2:13:00 AM","Whatcom","Lynden","State Road","State Patrol","SR 539              ","PRARIE RD           ","","14.200","N","N","Clear","Dark - Unknown Lighting","Minor Injury Collision","","DITCH/CULVERT","Y","N","1","N","N","N","0","0"
"EB73539","10/1/2021 5:36:00 PM","Whatcom","Blaine","State Road","State Patrol","SR 548              ","ANDERSON RD         ","","9.650","N","N","Clear","Daylight","No Injury Collision","","","N","Y","2","N","N","N","0","0"
"EB73539","10/1/2021 5:36:00 PM","Whatcom","Blaine","State Road","State Patrol","SR 548              ","ANDERSON RD         ","","9.650","N","N","Clear","Daylight","No Injury Collision","","","Y","Y","2","N","N","N","0","0"
"EB78249","10/2/2021 12:22:00 PM","Whatcom","Blaine","State Road","State Patrol","I 5                 ","D STREET            ","","275.900","N","N","Clear","Daylight","No Injury Collision","","Earth Bank or Ledge","Y","N","2","N","N","N","1","0"
"EB78249","10/2/2021 12:22:00 PM","Whatcom","Blaine","State Road","State Patrol","I 5                 ","D STREET            ","","275.900","N","N","Clear","Daylight","No Injury Collision","","Earth Bank or Ledge","N","N","2","N","N","N","1","0"
"EB75219","10/2/2021 11:55:00 PM","Whatcom","Bellingham","State Road","State Patrol","I 5                 ","SR 542              ","","254.780","N","N","Clear","Dark-Street Lights On","No Injury Collision","","","Y","Y","2","N","N","N","0","0"
"EB78629","10/4/2021 7:26:00 AM","Whatcom","Ferndale","State Road","State Patrol","I 5                 ","PORTAL WAY          ","","263.000","N","N","Clear","Unknown","Unknown Injury Collision","","Tree or Stump","Y","N","1","N","N","N","0","0"
"EB78254","10/4/2021 12:12:00 PM","Whatcom","Blaine","State Road","State Patrol","INTERSATE 5         ","BIRCH BAY LYNDEN RD ","","270.400","N","N","Clear","Daylight","No Injury Collision","","Roadway Ditch","Y","N","1","N","N","N","0","0"
"EB75221","10/4/2021 7:30:00 PM","Whatcom","Bellingham","State Road","State Patrol","I 5                 ","N LAKE SAMISH       ","","245.100","N","N","Clear","Dark-No Street Lights","No Injury Collision","","","N","Y","2","Y","N","N","0","0"
"EB75221","10/4/2021 7:30:00 PM","Whatcom","Bellingham","State Road","State Patrol","I 5                 ","N LAKE SAMISH       ","","245.100","N","N","Clear","Dark-No Street Lights","No Injury Collision","","","Y","Y","2","Y","N","N","0","0"
"EB78250","10/5/2021 11:50:00 AM","Whatcom","Bellingham","State Road","State Patrol","I 5 ON RAMP         ","IOWA STREET         ","","254.000","N","Y","Clear","Daylight","Unknown Injury Collision","","Utility Pole","Y","Y","1","N","Y","N","0","0"
"EB78051","10/5/2021 4:30:00 PM","Whatcom","Bellingham","State Road","State Patrol","I 5                 ","IOWA                ","","253.700","N","N","Raining","Daylight","No Injury Collision","","","Y","N","3","N","N","N","0","0"
"EB78051","10/5/2021 4:30:00 PM","Whatcom","Bellingham","State Road","State Patrol","I 5                 ","IOWA                ","","253.700","N","N","Raining","Daylight","No Injury Collision","","","N","N","3","N","N","N","0","0"
"EB78056","10/5/2021 4:30:00 PM","Whatcom","Bellingham","State Road","State Patrol","I 5                 ","IOWA                ","","253.700","N","N","Raining","Daylight","No Injury Collision","","","Y","N","2","N","N","N","0","0"
"EB78053","10/5/2021 4:36:00 PM","Whatcom","Bellingham","State Road","State Patrol","I 5                 ","SAMISH WAY          ","","252.000","N","N","Overcast","Daylight","No Injury Collision","","","Y","Y","3","N","N","N","0","0"
"EB78255","10/6/2021 4:00:00 AM","Whatcom","Bellingham","State Road","State Patrol","I 5                 ","BAKER VIEW ROAD     ","","258.300","N","N","Overcast","Dark-No Street Lights","No Injury Collision","","deer","Y","N","1","N","N","N","0","0"
"EB76900","10/7/2021 1:17:00 PM","Whatcom","Bellingham","State Road","State Patrol","SR 20               ","MAIN ST             ","","120.700","N","N","Clear","Daylight","Minor Injury Collision","","","Y","N","3","N","N","N","0","0"
"EB78057","10/7/2021 3:45:00 PM","Whatcom","Ferndale","State Road","State Patrol","I 5                 ","GRANDVIEW RD        ","","264.500","N","N","Clear","Daylight","No Injury Collision","","road sign","N","N","1","N","Y","N","0","0"
"EB78057","10/7/2021 3:45:00 PM","Whatcom","Ferndale","State Road","State Patrol","I 5                 ","GRANDVIEW RD        ","","264.500","N","N","Clear","Daylight","No Injury Collision","","road sign","Y","N","1","N","Y","N","0","0"
"EB78050","10/7/2021 4:24:00 PM","Whatcom","Ferndale","State Road","State Patrol","I 5                 ","PORTAL WAY          ","","263.800","N","N","Clear","Daylight","No Injury Collision","","","Y","N","2","Y","N","N","0","0"
"EB78050","10/7/2021 4:24:00 PM","Whatcom","Ferndale","State Road","State Patrol","I 5                 ","PORTAL WAY          ","","263.800","N","N","Clear","Daylight","No Injury Collision","","","N","N","2","Y","N","N","0","0"
"EB78055","10/8/2021 9:27:00 PM","Whatcom","Bellingham","State Road","State Patrol","SR 11               ","CHUCKANUT CREST DR  ","","17.960","N","N","Clear","Dark-No Street Lights","No Injury Collision","","deer","Y","N","1","N","N","N","0","0"
"EB78253","10/9/2021 2:38:00 PM","Whatcom","Bellingham","State Road","State Patrol","I 5                 ","BAKERVIEW ROAD      ","","259.000","N","N","Raining","Daylight","No Injury Collision","","","N","N","2","Y","N","N","0","0"
"EB78253","10/9/2021 2:38:00 PM","Whatcom","Bellingham","State Road","State Patrol","I 5                 ","BAKERVIEW ROAD      ","","259.000","N","N","Raining","Daylight","No Injury Collision","","","Y","N","2","Y","N","N","0","0"
"EB78058","10/9/2021 7:32:00 PM","Whatcom","Lynden","State Road","State Patrol","SR 546              ","VAN BUREN RD        ","","6.920","N","N","Raining","Dark-Street Lights On","Minor Injury Collision","","","Y","N","1","N","N","N","0","0"
"EB78060","10/9/2021 9:45:00 PM","Whatcom","Ferndale","State Road","State Patrol","I 5                 ","SR 548              ","","267.500","N","N","Raining","Dark-No Street Lights","Minor Injury Collision","","Fence","Y","N","1","N","N","N","0","0"
"EB79474","10/10/2021 5:15:00 AM","Whatcom","Bellingham","State Road","State Patrol","I 5                 ","SAMISH HWY          ","","243.980","N","N","Overcast","Dark-No Street Lights","No Injury Collision","","DEER","Y","N","1","Y","N","N","0","0"
"EB78061","10/10/2021 4:57:00 PM","Whatcom","Nooksack","State Road","State Patrol","SR 9                ","HOPEWELL RD         ","","87.360","N","N","Clear","Daylight","No Injury Collision","","Utility Pole","Y","N","1","N","N","N","0","0"
"EB78627","10/11/2021 2:16:00 PM","Whatcom","Bellingham","State Road","State Patrol","I 5                 ","SR 542              ","","255.000","N","N","Clear","Daylight","No Injury Collision","","deer","Y","N","1","N","N","N","0","0"
"EB78633","10/11/2021 2:22:00 PM","Whatcom","Ferndale","State Road","State Patrol","I 5                 ","GRANDVIEW           ","","265.000","N","N","Clear","Daylight","No Injury Collision","","","Y","N","1","N","N","N","0","0"
"EB78631","10/11/2021 2:44:00 PM","Whatcom","Bellingham","State Road","State Patrol","I 5                 ","SUNSET DRIVE        ","","255.000","N","N","Clear","Daylight","Minor Injury Collision","","","Y","N","2","N","N","N","0","0"
"EB78635","10/11/2021 2:44:00 PM","Whatcom","Bellingham","State Road","State Patrol","I 5                 ","SUNSET BLVD         ","","255.000","N","N","Clear","Daylight","No Injury Collision","","","Y","N","2","Y","N","N","0","0"
"EB78634","10/11/2021 3:47:00 PM","Whatcom","Bellingham","State Road","State Patrol","I 5                 ","IOWA STREET         ","","253.500","N","N","Clear","Daylight","No Injury Collision","","","Y","N","2","N","N","N","0","0"
"EB82450","10/11/2021 3:47:00 PM","Whatcom","Bellingham","State Road","State Patrol","I 5                 ","IOWA STREET         ","","253.000","N","N","Clear","Daylight","Minor Injury Collision","","","Y","N","3","Y","N","N","0","0"
"EB80462","10/11/2021 5:39:00 PM","Whatcom","Bellingham","State Road","State Patrol","I 5                 ","IOWA ST             ","","253.810","N","N","Clear","Daylight","No Injury Collision","","","Y","Y","2","N","N","N","0","0"
"EB77983","10/11/2021 5:48:00 PM","Whatcom","Bellingham","State Road","State Patrol","I 5                 ","IOWA ST             ","","254.100","N","Y","Clear","Daylight","No Injury Collision","","","N","N","2","Y","N","N","0","0"
"EB78252","10/12/2021 8:01:00 AM","Whatcom","Bellingham","State Road","State Patrol","SR 542              ","GLACIER CREEK RD    ","","34.400","N","N","Overcast","Daylight","No Injury Collision","","","Y","N","2","N","N","N","0","0"
"EB78256","10/12/2021 4:15:00 PM","Whatcom","Bellingham","State Road","State Patrol","I5                  ","MERIDIAN            ","","256.000","N","N","Raining","Daylight","No Injury Collision","","","Y","N","2","N","N","N","0","0"
"EB83036","10/12/2021 10:13:00 PM","Whatcom","Bellingham","State Road","State Patrol","I 5                 ","LAKEWAY DR          ","","252.920","N","N","Raining","Dark-Street Lights On","Serious Injury Collision","","Guardrail","Y","N","1","N","N","N","0","0"
"EB78632","10/13/2021 8:25:00 AM","Whatcom","Blaine","State Road","State Patrol","I 5                 ","BIRCH BAY LYNDEN ROA","","271.000","N","N","Overcast","Daylight","No Injury Collision","","Culvert","Y","N","1","N","N","N","0","0"
"EB78257","10/13/2021 10:52:00 AM","Whatcom","Bellingham","State Road","State Patrol","I 5                 ","SR 11               ","","250.700","N","Y","Overcast","Daylight","No Injury Collision","","","Y","N","2","N","N","N","0","0"
"EB80463","10/13/2021 5:45:00 PM","Whatcom","Ferndale","State Road","State Patrol","I 5                 ","MAIN ST             ","","262.090","N","N","Overcast","Daylight","Minor Injury Collision","","Tree or Stump","Y","N","1","N","N","N","0","0"
"EB78259","10/14/2021 6:32:00 AM","Whatcom","Bellingham","State Road","State Patrol","I 5                 ","SR 11               ","","247.800","N","N","Raining","Dark-No Street Lights","Serious Injury Collision","","TREE","Y","N","1","N","N","N","0","0"
"EB82451","10/14/2021 1:29:00 PM","Whatcom","Bellingham","State Road","State Patrol","I 5                 ","IOWA STREET         ","","253.700","N","N","Raining","Daylight","Minor Injury Collision","","Concrete/Jersey Barrier","N","N","4","N","Y","N","0","0"
"EB82451","10/14/2021 1:29:00 PM","Whatcom","Bellingham","State Road","State Patrol","I 5                 ","IOWA STREET         ","","253.700","N","N","Raining","Daylight","Minor Injury Collision","","Concrete/Jersey Barrier","Y","N","4","N","Y","N","0","0"
"EB78630","10/14/2021 2:20:00 PM","Whatcom","Bellingham","State Road","State Patrol","I5                  ","LAKEWAY DRIVE       ","","253.000","N","N","Raining","Daylight","No Injury Collision","","cement Jersey Barrier","Y","N","1","N","Y","N","0","0"
"EB82447","10/14/2021 2:34:00 PM","Whatcom","Bellingham","State Road","State Patrol","I-5                 ","IOWA ST             ","","254.000","N","N","Raining","Daylight","No Injury Collision","","","Y","Y","2","N","N","N","0","0"
"EB80464","10/14/2021 5:52:00 PM","Whatcom","Bellingham","State Road","State Patrol","I 5                 ","IOWA ST             ","","253.340","N","N","Raining","Daylight","No Injury Collision","","Guardrail","Y","N","1","N","N","N","0","0"
"EB82448","10/15/2021 9:29:00 AM","Whatcom","Bellingham","State Road","State Patrol","SR-542              ","SR-547              ","","23.000","N","N","Raining","Daylight","No Injury Collision","","TREES","Y","N","1","N","N","N","0","0"
"EB78637","10/15/2021 1:04:00 PM","Whatcom","Bellingham","State Road","State Patrol","INTERSTATE 5        ","ALABAMA ST          ","","253.900","N","N","Raining","Daylight","No Injury Collision","","","Y","N","2","N","N","N","0","0"
"EB82449","10/15/2021 1:23:00 PM","Whatcom","Bellingham","State Road","State Patrol","I 5                 ","LAKEWAY DR          ","","252.800","N","N","Raining","Daylight","No Injury Collision","","","Y","N","2","N","N","N","0","0"
"EB82446","10/15/2021 1:30:00 PM","Whatcom","Bellingham","State Road","State Patrol","I-5                 ","LAKEWAY DR          ","","252.000","N","N","Raining","Daylight","No Injury Collision","","WSDOT CABLE BARRIER","Y","N","1","Y","N","N","0","0"
"EB80466","10/15/2021 5:21:00 PM","Whatcom","Bellingham","State Road","State Patrol","I 5                 ","MERIDIAN ST         ","","255.990","N","N","Raining","Daylight","No Injury Collision","","","Y","N","2","N","N","N","0","0"
"EB80467","10/15/2021 8:34:00 PM","Whatcom","Bellingham","State Road","State Patrol","SR 542              ","TRUCK RD            ","","15.330","N","N","Overcast","Dark-No Street Lights","No Injury Collision","","Guardrail","Y","N","1","N","N","N","0","0"
"EB78638","10/16/2021 2:30:00 AM","Whatcom","Bellingham","State Road","State Patrol","SR9                 ","POTTER              ","","77.000","N","N","Overcast","Dark-No Street Lights","Unknown Injury Collision","","ditch","Y","Y","1","N","N","N","0","0"
"EB80468","10/16/2021 5:33:00 PM","Whatcom","Lynden","State Road","State Patrol","SR 539              ","SR 544              ","","7.000","N","Y","Clear","Daylight","Minor Injury Collision","","","N","N","2","Y","N","N","0","0"
"EB80468","10/16/2021 5:33:00 PM","Whatcom","Lynden","State Road","State Patrol","SR 539              ","SR 544              ","","7.000","N","Y","Clear","Daylight","Minor Injury Collision","","","Y","N","2","Y","N","N","0","0"
"EB80469","10/17/2021 11:32:00 PM","Whatcom","Bellingham","State Road","State Patrol","I 5                 ","NULLE RD            ","","243.200","N","N","Raining","Dark-Street Lights On","No Injury Collision","","deer","Y","N","1","N","N","N","0","0"
"EB82445","10/19/2021 2:28:00 PM","Whatcom","Bellingham","State Road","State Patrol","SR 539              ","TEN MILE ROAD       ","","6.000","N","Y","Clear","Daylight","No Injury Collision","","","Y","N","2","Y","N","N","0","0"
"EB85361","10/19/2021 5:00:00 PM","Whatcom","Bellingham","State Road","State Patrol","I 5                 ","SUNSET DRIVE        ","","255.360","N","N","Overcast","Daylight","No Injury Collision","","","Y","N","2","N","N","N","0","0"
"EB82456","10/20/2021 9:35:00 AM","Whatcom","Everson","State Road","State Patrol","SR 9                ","STRAND ROAD         ","","75.100","N","N","Raining","Daylight","No Injury Collision","","Fence and Tree","Y","N","1","N","N","N","0","0"
"EB82454","10/20/2021 1:20:00 PM","Whatcom","Bellingham","State Road","State Patrol","OHIO STREET         ","I 5                 ",".     ","","N","N","Clear","Daylight","No Injury Collision","","","Y","N","1","N","N","N","0","0"
"EB82454","10/20/2021 1:20:00 PM","Whatcom","Bellingham","State Road","State Patrol","OHIO STREET         ","I 5                 ",".     ","","N","N","Clear","Daylight","No Injury Collision","","","N","N","1","N","N","N","0","0"
"EB83038","10/20/2021 4:31:00 PM","Whatcom","Bellingham","State Road","State Patrol","SR 539              ","SMITH RD            ","","3.500","N","N","Overcast","Daylight","Minor Injury Collision","","","Y","N","2","N","N","N","0","0"
"EB83038","10/20/2021 4:31:00 PM","Whatcom","Bellingham","State Road","State Patrol","SR 539              ","SMITH RD            ","","3.500","N","N","Overcast","Daylight","Minor Injury Collision","","","N","N","2","N","N","N","0","0"
"EB82453","10/21/2021 2:10:00 PM","Whatcom","Bellingham","State Road","State Patrol","I 5                 ","LAKE SAMISH         ","","248.000","N","N","Overcast","Daylight","No Injury Collision","","","Y","N","2","N","N","N","0","0"
"EB82455","10/22/2021 6:12:00 AM","Whatcom","Ferndale","State Road","State Patrol","I 5                 ","SLATER ROAD         ","","260.000","N","N","Raining","Dark-No Street Lights","No Injury Collision","","Roadway Ditch","Y","N","1","N","N","N","0","0"
"EB83483","10/22/2021 4:21:00 PM","Whatcom","Nooksack","State Road","State Patrol","SR 9                ","LINDSAY RD          ","","92.370","N","N","Raining","Daylight","No Injury Collision","","ditch","Y","N","1","N","Y","Y","0","0"
"EB83037","10/22/2021 9:12:00 PM","Whatcom","Bellingham","State Road","State Patrol","I 5                 ","SR 539              ","","256.300","N","N","Raining","Dark-Street Lights On","No Injury Collision","","","Y","Y","2","N","N","N","0","0"
"EB89231","10/23/2021 9:06:00 AM","Whatcom","Bellingham","State Road","State Patrol","INTERSTATE 5        ","SAMISH WAY          ","","251.000","N","N","Overcast","Daylight","No Injury Collision","","Concrete/Jersey Barrier","Y","N","1","N","N","N","0","0"
"EB89225","10/23/2021 2:24:00 PM","Whatcom","Ferndale","State Road","State Patrol","INTERSTATE 5        ","MAIN ST             ","","262.600","N","N","Clear","Daylight","Serious Injury Collision","","Tree or Stump","Y","N","1","N","N","N","0","0"
"EB86453","10/24/2021 8:38:00 PM","Whatcom","Sumas","State Road","State Patrol","SR 542              ","HATCHERY RD         ","","21.500","N","N","Overcast","Dark-No Street Lights","No Injury Collision","","electric fence x 2 / tree","Y","Y","1","N","N","N","0","0"
"EB86453","10/24/2021 8:38:00 PM","Whatcom","Sumas","State Road","State Patrol","SR 542              ","HATCHERY RD         ","","21.500","N","N","Overcast","Dark-No Street Lights","No Injury Collision","","electric fence x 2 / tree","N","Y","1","N","N","N","0","0"
"EB82483","10/25/2021 1:49:00 PM","Whatcom","Burlington","State Road","State Patrol","I5                  ","NULLE RD            ","","242.700","N","N","Overcast","Daylight","No Injury Collision","","Guardrail","Y","N","1","Y","N","N","0","0"
"EB82483","10/25/2021 1:49:00 PM","Whatcom","Burlington","State Road","State Patrol","I5                  ","NULLE RD            ","","242.700","N","N","Overcast","Daylight","No Injury Collision","","Guardrail","N","N","1","Y","N","N","0","0"
"EB85362","10/26/2021 3:05:00 AM","Whatcom","Bellingham","State Road","State Patrol","I 5                 ","MERIDIAN            ","","255.540","N","N","Overcast","Dark-Street Lights Off","Minor Injury Collision","","cable barrier","Y","N","2","Y","N","N","0","0"
"EB86452","10/26/2021 2:26:00 PM","Whatcom","Lynden","State Road","State Patrol","SR-546              ","DEPOT RD            ","","1.500","N","N","Raining","Daylight","No Injury Collision","","","Y","N","3","Y","N","N","0","0"
"EB85354","10/26/2021 5:09:00 PM","Whatcom","Bellingham","State Road","State Patrol","I 5                 ","MERIDIAN            ","","256.000","N","N","Overcast","Daylight","No Injury Collision","","","Y","N","2","N","N","N","0","0"
"EB85355","10/26/2021 5:09:00 PM","Whatcom","Bellingham","State Road","State Patrol","I 5                 ","MERIDIAN            ","","256.210","N","N","Overcast","Daylight","No Injury Collision","","","N","N","2","N","N","N","0","0"
"EB85355","10/26/2021 5:09:00 PM","Whatcom","Bellingham","State Road","State Patrol","I 5                 ","MERIDIAN            ","","256.210","N","N","Overcast","Daylight","No Injury Collision","","","Y","N","2","N","N","N","0","0"
"EB82457","10/26/2021 5:11:00 PM","Whatcom","Blaine","State Road","State Patrol","SR 548              ","BIRCH BAY LYNDEN    ","","9.000","N","N","Overcast","Daylight","Minor Injury Collision","","DITCH","Y","N","1","N","N","N","0","0"
"EB86455","10/27/2021 6:03:00 AM","Whatcom","Bellingham","State Road","State Patrol","SR 542              ","BELL CREEK          ","5883  ","","N","N","Raining","Dark-No Street Lights","No Injury Collision","","bear","Y","N","1","N","N","N","0","0"
"EB86459","10/27/2021 5:25:00 PM","Whatcom","Ferndale","State Road","State Patrol","I 5                 ","PORTAL WAY          ","","263.100","N","N","Overcast","Daylight","Minor Injury Collision","","","Y","N","3","Y","N","N","0","0"
"EB86456","10/27/2021 6:03:00 PM","Whatcom","Bellingham","State Road","State Patrol","SR 542              ","BELL CREEK          ","5833  ","","N","N","Raining","Dark-No Street Lights","No Injury Collision","","Earth Bank or Ledge","Y","N","1","N","N","N","0","0"
"EB86457","10/28/2021 11:45:00 AM","Whatcom","Bellingham","State Road","State Patrol","I-5                 ","IOWA ST             ","","253.700","N","N","Raining","Daylight","No Injury Collision","","Jersey Barrier","N","N","2","N","N","N","0","0"
"EB86457","10/28/2021 11:45:00 AM","Whatcom","Bellingham","State Road","State Patrol","I-5                 ","IOWA ST             ","","253.700","N","N","Raining","Daylight","No Injury Collision","","Jersey Barrier","Y","N","2","N","N","N","0","0"
"EB86449","10/28/2021 11:47:00 AM","Whatcom","Bellingham","State Road","State Patrol","I 5                 ","OHIO STREET         ","","254.100","N","N","Raining","Daylight","No Injury Collision","","","Y","N","2","N","N","N","0","0"
"EC19669","10/28/2021 1:33:00 PM","Whatcom","Bellingham","State Road","State Patrol","SR 542              ","CASEY RD            ","","24.000","N","N","Overcast","Daylight","No Injury Collision","","Tree or Stump","N","N","1","N","N","N","0","0"
"EC19669","10/28/2021 1:33:00 PM","Whatcom","Bellingham","State Road","State Patrol","SR 542              ","CASEY RD            ","","24.000","N","N","Overcast","Daylight","No Injury Collision","","Tree or Stump","Y","N","1","N","N","N","0","0"
"EB91308","10/28/2021 5:01:00 PM","Whatcom","Bellingham","State Road","State Patrol","I 5                 ","SUNSET              ","","255.000","N","N","Overcast","Daylight","No Injury Collision","","","Y","N","2","N","N","N","0","0"
"EB91309","10/28/2021 6:00:00 PM","Whatcom","Bellingham","State Road","State Patrol","I 5                 ","LAKEWAY DRIVE       ","","253.000","N","N","Overcast","Daylight","No Injury Collision","","","Y","N","2","N","N","N","0","0"
"EB86451","10/28/2021 6:21:00 PM","Whatcom","Bellingham","State Road","State Patrol","I 5                 ","IOWA ST             ","","253.500","N","N","Overcast","Dark-Street Lights On","No Injury Collision","","","Y","N","2","N","N","N","0","0"
"EB85356","10/29/2021 2:30:00 AM","Whatcom","Bellingham","State Road","State Patrol","I 5                 ","LAKEWAY DR          ","","252.700","N","N","Raining","Dark-Street Lights On","No Injury Collision","","deer","Y","N","1","N","N","N","0","0"