"Collision Report Number","Collision Date","County","City","Jurisdiction","Agency","Primary Trafficway","Secondary Trafficway","Block Number","Mile Post","School Zone","Intersection Related","Weather Condition","Lighting Condition","Injury Severity","Collision Type","Object Struck","Damage Threshold Met","Hit and Run","Motor Vehicles Involved","Passengers Involved","Commercial Carrier Involved","School Bus Involved","Pedestrians Involved","Pedalcyclists Involved"
"EB86450","10/30/2021 3:29:00 PM","Whatcom","Ferndale","State Road","State Patrol","INTERSTATE 5        ","PORTAL WAY          ","","263.000","N","N","Clear","Daylight","Serious Injury Collision","","","Y","N","2","Y","N","N","0","0"
"EB86454","10/30/2021 3:29:00 PM","Whatcom","Ferndale","State Road","State Patrol","INTERSTATE 5        ","PORTAL WAY          ","","263.000","N","N","Clear","Daylight","No Injury Collision","","","Y","N","2","Y","N","N","0","0"
"EB89227","10/30/2021 8:10:00 PM","Whatcom","Sumas","State Road","State Patrol","SR 542              ","PICTURE LAKE        ","","49.000","N","N","Clear","Dark-No Street Lights","No Injury Collision","","Concrete/Jersey Barrier","Y","N","1","Y","N","N","0","0"
"EB85363","10/30/2021 10:35:00 PM","Whatcom","Bellingham","State Road","State Patrol","SR 542              ","MISSION RD          ","","5.560","N","N","Clear","Dark-Street Lights On","No Injury Collision","","pole","Y","N","1","N","N","N","0","0"
"EB85371","10/31/2021 8:18:00 PM","Whatcom","Ferndale","State Road","State Patrol","I 5                 ","PORTAL WAY          ","","263.600","N","N","Clear","Dark-Street Lights On","No Injury Collision","","Metal Table","Y","N","2","N","N","N","0","0"
"EB86465","11/1/2021 12:00:00 AM","Whatcom","Bellingham","State Road","State Patrol","SR 539              ","LAUREL              ","","5.100","N","N","Overcast","Dark-Street Lights On","Minor Injury Collision","","","Y","N","2","N","N","N","0","0"
"EB86466","11/1/2021 7:20:00 AM","Whatcom","Blaine","State Road","State Patrol","INTERSTATE 5        ","SR 543              ","","275.000","N","N","Clear","Dawn","No Injury Collision","","cable barrier","Y","N","1","N","N","N","0","0"
"EB86463","11/1/2021 3:57:00 PM","Whatcom","Bellingham","State Road","State Patrol","SR 539              ","E SMITH ROAD        ","","3.200","N","Y","Raining","Daylight","No Injury Collision","","","Y","N","2","Y","N","N","0","0"
"EB85370","11/1/2021 5:35:00 PM","Whatcom","Ferndale","State Road","State Patrol","SR 548              ","SALASHAN LOOP       ","","0.050","N","N","Raining","Dark-No Street Lights","No Injury Collision","","","N","N","2","N","N","N","0","0"
"EB85370","11/1/2021 5:35:00 PM","Whatcom","Ferndale","State Road","State Patrol","SR 548              ","SALASHAN LOOP       ","","0.050","N","N","Raining","Dark-No Street Lights","No Injury Collision","","","Y","N","2","N","N","N","0","0"
"EB85372","11/1/2021 7:52:00 PM","Whatcom","Bellingham","State Road","State Patrol","I 5                 ","LAKEWAY DRIVE       ","","253.000","N","N","Overcast","Dark-Street Lights On","No Injury Collision","","","Y","N","2","N","Y","N","0","0"
"EB86460","11/2/2021 4:23:00 AM","Whatcom","Bellingham","State Road","State Patrol","SR 542              ","I 5                 ","","0.500","N","N","Overcast","Dark-Street Lights On","No Injury Collision","","","N","N","2","N","Y","N","0","0"
"EB86462","11/2/2021 4:38:00 PM","Whatcom","Ferndale","State Road","State Patrol","SR 548              ","OLSON ROAD          ","","1.930","N","Y","Raining","Dusk","Minor Injury Collision","","Utility Pole","Y","N","2","Y","N","N","0","0"
"EB86461","11/2/2021 10:50:00 PM","Whatcom","Bellingham","State Road","State Patrol","I 5                 ","OHIO ST             ","","253.800","N","N","Raining","Dark-No Street Lights","Fatal Collision","","Concrete/Jersey Barrier","N","N","4","Y","N","N","0","0"
"EB86461","11/2/2021 10:50:00 PM","Whatcom","Bellingham","State Road","State Patrol","I 5                 ","OHIO ST             ","","253.800","N","N","Raining","Dark-No Street Lights","Fatal Collision","","Concrete/Jersey Barrier","Y","N","4","Y","N","N","0","0"
"EB86467","11/4/2021 2:45:00 PM","Whatcom","Nooksack","State Road","State Patrol","SR 9                ","GALBRAITH ROAD      ","","72.050","N","N","Raining","Daylight","Minor Injury Collision","","","N","N","2","Y","Y","N","0","0"
"EB86467","11/4/2021 2:45:00 PM","Whatcom","Nooksack","State Road","State Patrol","SR 9                ","GALBRAITH ROAD      ","","72.050","N","N","Raining","Daylight","Minor Injury Collision","","","Y","N","2","Y","Y","N","0","0"
"EB97833","11/4/2021 11:43:00 PM","Whatcom","Bellingham","State Road","State Patrol","I-5                 ","SR 11               ","","259.000","N","N","Raining","Dark-No Street Lights","No Injury Collision","","deer","Y","N","1","N","N","N","0","0"
"EB86468","11/5/2021 9:10:00 AM","Whatcom","Bellingham","State Road","State Patrol","I-5                 ","SR 11               ","","248.200","N","N","Raining","Daylight","No Injury Collision","","Concrete/Jersey Barrier","Y","N","1","N","N","N","0","0"
"EB89223","11/5/2021 4:05:00 PM","Whatcom","Bellingham","State Road","State Patrol","I 5                 ","CHUCKANUT DRIVE     ","","251.000","N","N","Overcast","Daylight","No Injury Collision","","Guardrail","Y","N","2","N","N","N","0","0"
"EB91310","11/5/2021 9:45:00 PM","Whatcom","Blaine","State Road","State Patrol","I 5                 ","LOOMIS TRAIL RD     ","","272.930","N","N","Clear","Dark-No Street Lights","No Injury Collision","","deer","Y","N","1","Y","N","N","0","0"
"EB89228","11/6/2021 9:28:00 AM","Whatcom","Bellingham","State Road","State Patrol","I 5                 ","LAKEWAY DRIVE       ","","253.000","N","N","Raining","Daylight","No Injury Collision","","Cable Barrier","Y","N","1","N","Y","N","0","0"
"EB86469","11/6/2021 10:10:00 AM","Whatcom","Bellingham","State Road","State Patrol","I-5                 ","LAKEWAY DR          ","","253.300","N","N","Raining","Daylight","No Injury Collision","","cable barrier","Y","N","1","N","N","N","0","0"
"EB90974","11/6/2021 10:17:00 AM","Whatcom","Bellingham","State Road","State Patrol","I-5                 ","LAKEWAY DR          ","","253.000","N","N","Raining","Daylight","No Injury Collision","","","Y","Y","3","N","N","N","0","0"
"EB90974","11/6/2021 10:17:00 AM","Whatcom","Bellingham","State Road","State Patrol","I-5                 ","LAKEWAY DR          ","","253.000","N","N","Raining","Daylight","No Injury Collision","","","N","Y","3","N","N","N","0","0"
"EB89230","11/6/2021 12:14:00 PM","Whatcom","Bellingham","State Road","State Patrol","SR-542              ","GALENA CREEK BRDG   ","","50.000","N","N","Snowing","Daylight","Minor Injury Collision","","Tree or Stump","Y","N","1","Y","N","N","0","0"
"EB89229","11/6/2021 1:18:00 PM","Whatcom","Nooksack","State Road","State Patrol","SR 9                ","MASSEY ROAD         ","","89.000","N","N","Overcast","Daylight","No Injury Collision","","Roadway Ditch","N","N","1","N","Y","N","0","0"
"EB89229","11/6/2021 1:18:00 PM","Whatcom","Nooksack","State Road","State Patrol","SR 9                ","MASSEY ROAD         ","","89.000","N","N","Overcast","Daylight","No Injury Collision","","Roadway Ditch","Y","N","1","N","Y","N","0","0"
"EB89222","11/6/2021 5:04:00 PM","Whatcom","Sumas","State Road","State Patrol","SR 547              ","BISHOP RD           ","","7.600","N","N","Overcast","Daylight","No Injury Collision","","Ditch","Y","N","1","N","N","N","0","0"
"EB92520","11/6/2021 7:40:00 PM","Whatcom","Bellingham","State Road","State Patrol","SR 542              ","SALMON RIDGE RD     ","","50.810","N","N","Snowing","Dark-No Street Lights","No Injury Collision","","tree","Y","N","1","Y","N","N","0","0"
"EB89226","11/7/2021 12:28:00 PM","Whatcom","Bellingham","State Road","State Patrol","SR 542              ","","","49.000","N","N","Snowing","Daylight","Minor Injury Collision","","Over Embankment","N","N","1","Y","N","N","0","0"
"EB89226","11/7/2021 12:28:00 PM","Whatcom","Bellingham","State Road","State Patrol","SR 542              ","","","49.000","N","N","Snowing","Daylight","Minor Injury Collision","","Over Embankment","Y","N","1","Y","N","N","0","0"
"EB91313","11/7/2021 8:05:00 PM","Whatcom","Bellingham","State Road","State Patrol","I 5                 ","SR 539              ","","255.750","N","N","Overcast","Dark-Street Lights On","No Injury Collision","","deer","Y","N","1","N","N","N","0","0"
"EB91311","11/7/2021 10:06:00 PM","Whatcom","Bellingham","State Road","State Patrol","SR 542              ","BELLS CRK RD        ","","17.950","N","N","Overcast","Dark-No Street Lights","No Injury Collision","","ditch","Y","N","1","N","N","N","0","0"
"EB91314","11/7/2021 10:10:00 PM","Whatcom","Bellingham","State Road","State Patrol","SR 542              ","BELLS CRK RD        ","","18.020","N","N","Overcast","Dark-No Street Lights","No Injury Collision","","ditch","Y","N","1","N","N","N","0","0"
"EB98065","11/8/2021 6:58:00 AM","Whatcom","Ferndale","State Road","State Patrol","I 5                 ","PORTAL WAY          ","","262.000","N","N","Overcast","Dawn","No Injury Collision","","Earth Bank or Ledge","Y","N","1","N","N","N","0","0"
"EB92522","11/8/2021 5:05:00 PM","Whatcom","Bellingham","State Road","State Patrol","I 5                 ","SR 542              ","","254.450","N","N","Overcast","Dark-Street Lights On","Minor Injury Collision","","","Y","N","2","Y","N","N","0","0"
"EB91312","11/8/2021 6:12:00 PM","Whatcom","Ferndale","State Road","State Patrol","I 5                 ","SLATER RD           ","","261.100","N","N","Overcast","Dark-No Street Lights","No Injury Collision","","metal debris","Y","N","1","N","N","N","0","0"
"EB89232","11/9/2021 7:00:00 AM","Whatcom","Bellingham","State Road","State Patrol","I 5                 ","NORTH LAKE SAMISH   ","","247.000","N","N","Raining","Daylight","No Injury Collision","","Concrete/Jersey Barrier","N","N","1","N","N","N","0","0"
"EB89232","11/9/2021 7:00:00 AM","Whatcom","Bellingham","State Road","State Patrol","I 5                 ","NORTH LAKE SAMISH   ","","247.000","N","N","Raining","Daylight","No Injury Collision","","Concrete/Jersey Barrier","Y","N","1","N","N","N","0","0"
"EB89224","11/9/2021 11:30:00 AM","Whatcom","Ferndale","State Road","State Patrol","I 5                 ","SR 548              ","","265.900","N","N","Overcast","Daylight","No Injury Collision","","Cable Barrier","Y","N","1","N","N","N","0","0"
"EB90976","11/9/2021 3:09:00 PM","Whatcom","Bellingham","State Road","State Patrol","I-5                 ","N LAKE SAMISH       ","","245.000","N","N","Raining","Daylight","No Injury Collision","","WSDOT GUARDRAIL","Y","N","1","N","N","N","0","0"
"EB89234","11/10/2021 6:30:00 AM","Whatcom","Ferndale","State Road","State Patrol","I 5                 ","PORTAL WAY          ","","263.800","N","N","Overcast","Dark-Street Lights Off","No Injury Collision","","","Y","N","2","N","N","N","0","0"
"EB89235","11/10/2021 7:45:00 AM","Whatcom","Bellingham","State Road","State Patrol","I 5                 ","SUNSET DRIVE        ","","255.000","N","N","Raining","Daylight","No Injury Collision","","Guardrail","Y","N","2","N","N","N","0","0"
"EB89238","11/10/2021 8:10:00 AM","Whatcom","Bellingham","State Road","State Patrol","I 5                 ","SR 542              ","","255.000","N","N","Clear","Daylight","Minor Injury Collision","","","Y","N","2","Y","N","N","0","0"
"EB94135","11/10/2021 5:20:00 PM","Whatcom","Ferndale","State Road","State Patrol","I 5                 ","MAIN ST             ","","262.500","N","N","Raining","Dark-Street Lights On","No Injury Collision","","","Y","N","2","N","N","N","0","0"
"EB94488","11/10/2021 5:20:00 PM","Whatcom","Ferndale","State Road","State Patrol","I 5                 ","SMITH               ","","262.500","N","N","Raining","Dark-Street Lights On","No Injury Collision","","","Y","Y","2","N","N","N","0","0"
"EB91318","11/10/2021 5:31:00 PM","Whatcom","Bellingham","State Road","State Patrol","NB I-5              ","IOWA ST             ","","254.000","N","N","Overcast","Dusk","No Injury Collision","","","Y","N","3","N","Y","N","0","0"
"EB90975","11/10/2021 5:42:00 PM","Whatcom","Bellingham","State Road","State Patrol","I-5                 ","SMITH RD            ","","261.000","N","N","Overcast","Dark-No Street Lights","Minor Injury Collision","","","Y","N","2","N","N","N","0","0"
"EB93471","11/11/2021 3:59:00 PM","Whatcom","Bellingham","State Road","State Patrol","I-5                 ","MERIDIAN ST         ","","256.000","N","N","Raining","Daylight","No Injury Collision","","","Y","N","2","Y","Y","N","0","0"
"EB93471","11/11/2021 3:59:00 PM","Whatcom","Bellingham","State Road","State Patrol","I-5                 ","MERIDIAN ST         ","","256.000","N","N","Raining","Daylight","No Injury Collision","","","N","N","2","Y","Y","N","0","0"
"EB89236","11/12/2021 6:25:00 AM","Whatcom","Ferndale","State Road","State Patrol","I 5                 ","PORTAL WAY          ","","264.700","N","N","Overcast","Dark-No Street Lights","No Injury Collision","","deer","Y","N","1","N","N","N","0","0"
"EB89237","11/12/2021 11:55:00 AM","Whatcom","Bellingham","State Road","State Patrol","I 5                 ","CHUCKANUT DR        ","","251.000","N","Y","Raining","Daylight","No Injury Collision","","","Y","N","2","N","N","N","0","0"
"EB89704","11/12/2021 12:30:00 PM","Whatcom","Bellingham","State Road","State Patrol","I 5                 ","N LAKE SAMISH       ","","246.000","N","N","Raining","Daylight","No Injury Collision","","Guardrail","N","N","1","N","N","N","0","0"
"EB89704","11/12/2021 12:30:00 PM","Whatcom","Bellingham","State Road","State Patrol","I 5                 ","N LAKE SAMISH       ","","246.000","N","N","Raining","Daylight","No Injury Collision","","Guardrail","Y","N","1","N","N","N","0","0"
"EB89239","11/12/2021 12:35:00 PM","Whatcom","Bellingham","State Road","State Patrol","NB I5               ","SUNSET DRIVE        ","","255.100","N","N","Raining","Daylight","Minor Injury Collision","","","Y","N","3","Y","N","N","0","0"
"EB89240","11/12/2021 1:24:00 PM","Whatcom","Bellingham","State Road","State Patrol","I 5                 ","LAKEWAY DR          ","","253.000","N","N","Raining","Daylight","No Injury Collision","","","Y","N","3","N","Y","N","0","0"
"EB89241","11/12/2021 1:48:00 PM","Whatcom","Bellingham","State Road","State Patrol","I 5                 ","SR 542              ","","255.000","N","N","Raining","Daylight","No Injury Collision","","","Y","N","2","N","N","N","0","0"
"EB89241","11/12/2021 1:48:00 PM","Whatcom","Bellingham","State Road","State Patrol","I 5                 ","SR 542              ","","255.000","N","N","Raining","Daylight","No Injury Collision","","","N","N","2","N","N","N","0","0"
"EB91315","11/12/2021 4:59:00 PM","Whatcom","Bellingham","State Road","State Patrol","I 5                 ","SR 542              ","","255.300","N","N","Overcast","Dark-Street Lights On","No Injury Collision","","","Y","Y","2","N","N","N","0","0"
"EB91319","11/12/2021 4:59:00 PM","Whatcom","Bellingham","State Road","State Patrol","I 5                 ","SR 542              ","","255.300","N","N","Overcast","Dark-Street Lights On","No Injury Collision","","","Y","N","2","Y","N","N","0","0"
"EB90977","11/13/2021 1:52:00 PM","Whatcom","Sumas","State Road","State Patrol","SR 542              ","BIG RIVER BLVD      ","","24.900","N","N","Raining","Daylight","Unknown Injury Collision","","Tree or Stump","Y","N","1","N","N","N","0","0"
"EB98059","11/13/2021 1:56:00 PM","Whatcom","Ferndale","State Road","State Patrol","I 5                 ","SR 548              ","","267.000","N","N","Raining","Daylight","No Injury Collision","","Metal Sign Post","N","N","2","N","N","N","0","0"
"EB98059","11/13/2021 1:56:00 PM","Whatcom","Ferndale","State Road","State Patrol","I 5                 ","SR 548              ","","267.000","N","N","Raining","Daylight","No Injury Collision","","Metal Sign Post","Y","N","2","N","N","N","0","0"
"EB89242","11/13/2021 3:29:00 PM","Whatcom","Bellingham","State Road","State Patrol","I-5                 ","IOWA ST             ","","254.000","N","N","Raining","Daylight","No Injury Collision","","deer","Y","N","1","N","N","N","0","0"
"EB97832","11/13/2021 6:45:00 PM","Whatcom","Nooksack","State Road","State Patrol","SR 9                ","WILLIAMS LAKE RD    ","","78.680","N","N","Raining","Dark-No Street Lights","No Injury Collision","","Guardrail","Y","Y","1","N","N","N","0","0"
"EB92524","11/14/2021 2:56:00 AM","Whatcom","Bellingham","State Road","State Patrol","I 5                 ","OHIO ST             ","","253.820","N","N","Raining","Dark-Street Lights On","Unknown Injury Collision","","traffic pole","Y","Y","1","N","N","N","0","0"
"EB90978","11/14/2021 7:01:00 AM","Whatcom","Everson","State Road","State Patrol","SR 544              ","EVERSON GOSHEN RD   ","","5.100","N","N","Raining","Dawn","No Injury Collision","","Tree or Stump","Y","N","1","N","N","N","0","0"
"EB98061","11/14/2021 10:44:00 AM","Whatcom","Ferndale","State Road","State Patrol","I 5                 ","MAIN STREET         ","","261.000","N","N","Raining","Daylight","Minor Injury Collision","","Roadway Ditch","N","N","2","N","N","N","0","0"
"EB98061","11/14/2021 10:44:00 AM","Whatcom","Ferndale","State Road","State Patrol","I 5                 ","MAIN STREET         ","","261.000","N","N","Raining","Daylight","Minor Injury Collision","","Roadway Ditch","Y","N","2","N","N","N","0","0"
"EB98074","11/14/2021 3:17:00 PM","Whatcom","Sumas","State Road","State Patrol","SR 547              ","PEACEFUL VALLEY DR  ","","2.000","N","N","Raining","Daylight","Minor Injury Collision","","Utility Pole","Y","N","1","N","N","N","0","0"
"EB98074","11/14/2021 3:17:00 PM","Whatcom","Sumas","State Road","State Patrol","SR 547              ","PEACEFUL VALLEY DR  ","","2.000","N","N","Raining","Daylight","Minor Injury Collision","","Utility Pole","N","N","1","N","N","N","0","0"
"EB92523","11/14/2021 11:12:00 PM","Whatcom","Bellingham","State Road","State Patrol","I 5                 ","N LAKE SAMISH       ","","245.670","N","N","Raining","Dark-Street Lights On","No Injury Collision","","tree","Y","N","1","N","Y","N","0","0"
"EB92521","11/15/2021 1:00:00 AM","Whatcom","Bellingham","State Road","State Patrol","I 5                 ","N LAKE SAMISH       ","","245.800","N","N","Raining","Dark-No Street Lights","Serious Injury Collision","","tree and power line","N","N","1","N","N","N","0","0"
"EB92521","11/15/2021 1:00:00 AM","Whatcom","Bellingham","State Road","State Patrol","I 5                 ","N LAKE SAMISH       ","","245.800","N","N","Raining","Dark-No Street Lights","Serious Injury Collision","","tree and power line","Y","N","1","N","N","N","0","0"
"EB92491","11/15/2021 4:08:00 AM","Whatcom","Bellingham","State Road","State Patrol","I 5                 ","N LAKE SAMISH RD    ","","246.650","N","N","Raining","Dark-Street Lights On","No Injury Collision","","Guardrail","N","N","1","N","N","N","0","0"
"EB92491","11/15/2021 4:08:00 AM","Whatcom","Bellingham","State Road","State Patrol","I 5                 ","N LAKE SAMISH RD    ","","246.650","N","N","Raining","Dark-Street Lights On","No Injury Collision","","Guardrail","Y","N","1","N","N","N","0","0"
"EB96466","11/15/2021 8:45:00 AM","Whatcom","Bellingham","State Road","State Patrol","I 5                 ","NULLE               ","","243.000","N","N","Raining","Daylight","No Injury Collision","","","Y","N","2","N","N","N","0","0"
"EB93472","11/15/2021 7:39:00 PM","Whatcom","Ferndale","State Road","State Patrol","I-5                 ","SMITH RD            ","","261.000","N","Y","Overcast","Dark-No Street Lights","No Injury Collision","","","Y","N","2","Y","N","N","0","0"
"EB92492","11/15/2021 11:01:00 PM","Whatcom","Bellingham","State Road","State Patrol","I5                  ","CHUCKANUT DRIVE     ","","249.000","N","N","Overcast","Dark-No Street Lights","No Injury Collision","","","Y","N","2","N","Y","N","0","0"
"EB98865","11/16/2021 1:27:00 PM","Whatcom","Bellingham","State Road","State Patrol","I5                  ","N LAKE SAMISH DR    ","","245.600","N","N","Raining","Daylight","Minor Injury Collision","","Tree or Stump","Y","N","3","N","N","N","0","0"
"EB94519","11/16/2021 2:25:00 PM","Whatcom","Bellingham","State Road","State Patrol","SR-539              ","BIRCH BAY LYNDEN RD ","","10.000","N","N","Clear","Daylight","No Injury Collision","","","N","N","2","N","N","N","0","0"
"EB93469","11/17/2021 3:14:00 PM","Whatcom","Bellingham","State Road","State Patrol","SR-539              ","WISER LAKE RD       ","","8.000","N","N","Clear","Dark - Unknown Lighting","No Injury Collision","","Power Pole","Y","N","2","N","N","N","0","0"
"EB91316","11/17/2021 4:59:00 PM","Whatcom","Bellingham","State Road","State Patrol","SR539               ","HORTON RD           ","","2.000","N","Y","Clear","Dark-Street Lights On","No Injury Collision","","","Y","N","2","N","N","N","0","0"
"EB95602","11/17/2021 5:45:00 PM","Whatcom","Bellingham","State Road","State Patrol","I 5                 ","SUNSET              ","","255.300","N","N","Overcast","Dusk","Minor Injury Collision","","","Y","N","2","Y","N","N","0","0"
"EB92493","11/17/2021 6:05:00 PM","Whatcom","Bellingham","State Road","State Patrol","I5                  ","SUNSET DR           ","","256.000","N","N","Clear","Dark-Street Lights On","No Injury Collision","","","Y","N","2","N","N","N","0","0"
"EC05253","11/17/2021 6:18:00 PM","Whatcom","Bellingham","State Road","State Patrol","I 5                 ","IOWA                ","","253.700","N","N","Clear","Dark-Street Lights On","No Injury Collision","","","Y","N","2","N","N","N","0","0"
"EB92494","11/17/2021 6:24:00 PM","Whatcom","Bellingham","State Road","State Patrol","I5                  ","OHIO ST             ","","254.000","N","N","Clear","Dark-Street Lights On","No Injury Collision","","","Y","N","2","N","N","N","0","0"
"EB93466","11/18/2021 11:40:00 AM","Whatcom","Bellingham","State Road","State Patrol","SR-542              ","BRITTON RD          ","","3.000","N","N","Raining","Daylight","Minor Injury Collision","","Mailbox","Y","N","3","N","N","N","0","0"
"EB93466","11/18/2021 11:40:00 AM","Whatcom","Bellingham","State Road","State Patrol","SR-542              ","BRITTON RD          ","","3.000","N","N","Raining","Daylight","Minor Injury Collision","","Mailbox","N","N","3","N","N","N","0","0"
"EB93468","11/18/2021 12:20:00 PM","Whatcom","Bellingham","State Road","State Patrol","I 5                 ","SQAULICUM CREEK     ","","255.400","N","Y","Overcast","Daylight","No Injury Collision","","Concrete/Jersey Barrier","Y","N","1","N","N","N","0","0"
"EB93468","11/18/2021 12:20:00 PM","Whatcom","Bellingham","State Road","State Patrol","I 5                 ","SQAULICUM CREEK     ","","255.400","N","Y","Overcast","Daylight","No Injury Collision","","Concrete/Jersey Barrier","N","N","1","N","N","N","0","0"
"EB93463","11/18/2021 5:32:00 PM","Whatcom","Bellingham","State Road","State Patrol","I 5                 ","SLATER RD           ","","260.000","N","N","Overcast","Dark-No Street Lights","No Injury Collision","","","N","N","2","N","N","N","0","0"
"EB93463","11/18/2021 5:32:00 PM","Whatcom","Bellingham","State Road","State Patrol","I 5                 ","SLATER RD           ","","260.000","N","N","Overcast","Dark-No Street Lights","No Injury Collision","","","Y","N","2","N","N","N","0","0"
"EB98072","11/18/2021 6:01:00 PM","Whatcom","Bellingham","State Road","State Patrol","I 5                 ","SAMISH WAY          ","","253.600","N","N","Raining","Dark-No Street Lights","No Injury Collision","","","Y","N","2","N","Y","N","0","0"
"EB92526","11/18/2021 8:05:00 PM","Whatcom","Lynden","State Road","State Patrol","SR 539              ","SR 544              ","","7.530","N","Y","Raining","Dark-Street Lights On","No Injury Collision","","Round About Curbing","Y","N","2","N","N","N","0","0"
"EB93462","11/19/2021 4:45:00 AM","Whatcom","Nooksack","State Road","State Patrol","SR 9                ","POTTER ROAD         ","","77.400","N","Y","Overcast","Dark-Street Lights On","Minor Injury Collision","","Culvert","Y","N","1","N","N","N","0","0"
"EB93465","11/19/2021 9:20:00 AM","Whatcom","Bellingham","State Road","State Patrol","I 5                 ","CHUCKANUT DRIVE     ","","251.000","N","N","Overcast","Daylight","Minor Injury Collision","","Utility Pole","Y","N","1","N","N","N","0","0"
"EB92525","11/19/2021 4:41:00 PM","Whatcom","Bellingham","State Road","State Patrol","I 5                 ","BAKERVIEW RD        ","","257.800","N","N","Overcast","Dark-Street Lights On","No Injury Collision","","","Y","N","2","N","N","N","0","0"
"EB93464","11/19/2021 6:48:00 PM","Whatcom","Blaine","State Road","State Patrol","SR548               ","ANDERSON RD         ","","9.600","N","N","Overcast","Dark-No Street Lights","No Injury Collision","","Ditch","Y","N","1","N","N","N","0","0"
"EB92527","11/20/2021 3:37:00 AM","Whatcom","Ferndale","State Road","State Patrol","SR 548              ","OLSEN RD            ","","1.430","N","N","Overcast","Dark-Street Lights On","No Injury Collision","","ditch","Y","N","1","N","N","N","0","0"
"EB97831","11/21/2021 2:36:00 AM","Whatcom","Bellingham","State Road","State Patrol","I 5                 ","N LAKE SAMSIH       ","","245.000","N","N","Overcast","Dark-No Street Lights","No Injury Collision","","Guardrail","Y","N","1","N","N","N","0","0"
"EB97835","11/22/2021 1:26:00 PM","Whatcom","Bellingham","State Road","State Patrol","I5                  ","NULLE RD            ","","242.800","N","N","Overcast","Daylight","No Injury Collision","","Earth Bank or Ledge","Y","N","1","N","N","N","0","0"
"EB93467","11/22/2021 1:51:00 PM","Whatcom","Lynden","State Road","State Patrol","SR 539              ","SR546               ","","12.540","N","Y","Overcast","Daylight","Minor Injury Collision","","","Y","N","2","Y","N","N","0","0"
"EB92734","11/22/2021 4:26:00 PM","Whatcom","Bellingham","State Road","State Patrol","I 5                 ","SUNSET DRIVE        ","","255.000","N","N","Overcast","Daylight","No Injury Collision","","","Y","N","2","N","N","N","0","0"
"EB93470","11/22/2021 4:47:00 PM","Whatcom","Bellingham","State Road","State Patrol","I 5                 ","IOWA ST             ","","253.600","N","N","Overcast","Dark-Street Lights On","No Injury Collision","","","N","N","4","N","N","N","0","0"
"EB93470","11/22/2021 4:47:00 PM","Whatcom","Bellingham","State Road","State Patrol","I 5                 ","IOWA ST             ","","253.600","N","N","Overcast","Dark-Street Lights On","No Injury Collision","","","Y","N","4","N","N","N","0","0"
"EB98066","11/22/2021 6:43:00 PM","Whatcom","Ferndale","State Road","State Patrol","NB I5               ","PORTAL WAY          ","","263.500","N","Y","Clear","Dark-Street Lights On","No Injury Collision","","","Y","N","2","N","N","N","0","0"
"EB97837","11/23/2021 12:02:00 PM","Whatcom","Bellingham","State Road","State Patrol","I5                  ","SLATER RD           ","","259.800","N","N","Clear","Daylight","Serious Injury Collision","","Earth Bank or Ledge","Y","N","2","N","N","N","0","0"
"EB94520","11/23/2021 3:49:00 PM","Whatcom","Bellingham","State Road","State Patrol","I-5                 ","SUNSET DR           ","","254.000","N","N","Overcast","Daylight","No Injury Collision","","","Y","N","2","Y","Y","N","0","0"
"EB93473","11/23/2021 5:00:00 PM","Whatcom","Bellingham","State Road","State Patrol","I 5                 ","SUNSET DRIVE        ","","254.400","N","N","Clear","Dark-Street Lights On","No Injury Collision","","","Y","N","2","N","N","N","0","0"
"EB94525","11/23/2021 5:10:00 PM","Whatcom","Bellingham","State Road","State Patrol","I 5                 ","IOWA ST             ","","253.800","N","N","Clear","Dark-Street Lights On","Serious Injury Collision","","","Y","N","3","N","N","N","0","0"
"EB93388","11/23/2021 5:29:00 PM","Whatcom","Bellingham","State Road","State Patrol","I 5                 ","SUNSET DRIVE        ","","254.820","N","N","Clear","Dark-Street Lights On","No Injury Collision","","","Y","N","2","N","N","N","0","0"
"EB97834","11/24/2021 3:01:00 PM","Whatcom","Bellingham","State Road","State Patrol","I 5                 ","LAKEWAY DR          ","","252.500","N","N","Overcast","Daylight","No Injury Collision","","","Y","N","2","Y","N","N","0","0"
"EB94524","11/25/2021 5:00:00 PM","Whatcom","Bellingham","State Road","State Patrol","I 5                 ","NORTH LAKE SAMISH   ","","245.300","N","N","Raining","Dark-No Street Lights","No Injury Collision","","Guardrail","Y","N","1","N","N","N","0","0"
"EB94521","11/25/2021 7:30:00 PM","Whatcom","Bellingham","State Road","State Patrol","I 5                 ","LAKEWAY DRIVE       ","","253.000","N","N","Raining","Dark-Street Lights On","No Injury Collision","","Tree or Stump","Y","N","1","Y","N","N","0","0"
"EB94138","11/25/2021 10:22:00 PM","Whatcom","Bellingham","State Road","State Patrol","I 5                 ","SAMISH WAY          ","","251.570","N","N","Raining","Dark-Street Lights Off","No Injury Collision","","","Y","N","1","N","N","N","0","0"