"Collision Report Number","Collision Date","County","City","Jurisdiction","Agency","Primary Trafficway","Secondary Trafficway","Block Number","Mile Post","School Zone","Intersection Related","Weather Condition","Lighting Condition","Injury Severity","Collision Type","Object Struck","Damage Threshold Met","Hit and Run","Motor Vehicles Involved","Passengers Involved","Commercial Carrier Involved","School Bus Involved","Pedestrians Involved","Pedalcyclists Involved"
"EB94523","11/26/2021 4:40:00 AM","Whatcom","Nooksack","State Road","State Patrol","SR-9                ","GEORGE RD           ","","86.000","N","N","Raining","Dark-No Street Lights","No Injury Collision","","Pole","Y","N","1","N","N","N","0","0"
"EB94526","11/26/2021 3:00:00 PM","Whatcom","Bellingham","State Road","State Patrol","SR 9                ","PARK ROAD           ","","67.800","N","Y","Clear","Unknown","Unknown Injury Collision","","Guardrail","Y","Y","1","N","N","N","0","0"
"EB98070","11/26/2021 5:18:00 PM","Whatcom","Bellingham","State Road","State Patrol","I 5                 ","NULLE ROAD          ","","245.000","N","N","Overcast","Dark-No Street Lights","No Injury Collision","","Guardrail","Y","N","1","Y","N","N","0","0"
"EB97836","11/26/2021 5:40:00 PM","Whatcom","Bellingham","State Road","State Patrol","I 5                 ","N LAKE SAMISH       ","","244.750","N","N","Overcast","Dark-No Street Lights","No Injury Collision","","Guardrail","Y","N","1","N","N","N","0","0"
"EB97836","11/26/2021 5:40:00 PM","Whatcom","Bellingham","State Road","State Patrol","I 5                 ","N LAKE SAMISH       ","","244.750","N","N","Overcast","Dark-No Street Lights","No Injury Collision","","Guardrail","N","N","1","N","N","N","0","0"
"EB94522","11/27/2021 3:19:00 AM","Whatcom","Bellingham","State Road","State Patrol","SR 542              ","Y RD                ","2720  ","","N","N","Raining","Dark-Street Lights On","No Injury Collision","","Guardrail","Y","N","1","N","N","N","0","0"
"EB95604","11/27/2021 6:58:00 PM","Whatcom","Bellingham","State Road","State Patrol","SR 539              ","SMITH ROAD          ","","3.500","N","Y","Raining","Dark-Street Lights On","Minor Injury Collision","","","Y","N","2","N","N","N","0","0"
"EB98075","11/27/2021 8:08:00 PM","Whatcom","Bellingham","State Road","State Patrol","I 5                 ","BAKERVIEW ROAD      ","","258.000","N","N","Raining","Dark-No Street Lights","No Injury Collision","","Roadway Ditch","Y","N","1","N","N","N","0","0"
"EB94527","11/27/2021 8:43:00 PM","Whatcom","Ferndale","State Road","State Patrol","INTERSTATE 5        ","MAIN ST.            ","","262.200","N","N","Raining","Dark-Street Lights On","No Injury Collision","","Fence","Y","N","1","N","N","N","0","0"
"EB94528","11/27/2021 9:57:00 PM","Whatcom","Ferndale","State Road","State Patrol","INTERSTATE 5        ","MAIN ST             ","","262.200","N","N","Raining","Dark-Street Lights On","No Injury Collision","","Fence","Y","N","1","N","N","N","0","0"
"EB97853","11/28/2021 10:19:00 AM","Whatcom","Bellingham","State Road","State Patrol","I 5                 ","N LAKE SAMISH       ","","244.410","N","N","Raining","Daylight","No Injury Collision","","Guardrail","Y","N","1","N","N","N","0","0"
"EB97854","11/28/2021 12:19:00 PM","Whatcom","Bellingham","State Road","State Patrol","I 5                 ","N LAKE SAMISH       ","","244.410","N","N","Raining","Daylight","No Injury Collision","","Guardrail","Y","N","1","N","N","N","0","0"
"EB98071","11/28/2021 6:02:00 PM","Whatcom","Bellingham","State Road","State Patrol","SR 539              ","TEN MILE ROAD       ","","5.500","N","Y","Raining","Daylight","No Injury Collision","","Metal Sign Post","N","N","1","N","N","N","0","0"
"EB95605","11/28/2021 6:09:00 PM","Whatcom","Lynden","State Road","State Patrol","SR 546              ","BENDER              ","900   ","","N","N","Raining","Dark-Street Lights On","No Injury Collision","","DITCH","Y","N","2","N","N","N","0","0"
"EB98057","11/28/2021 7:58:00 PM","Whatcom","Bellingham","State Road","State Patrol","I 5                 ","NULLE ROAD          ","","243.000","N","N","Raining","Dark - Unknown Lighting","Minor Injury Collision","","","Y","N","2","Y","N","N","0","0"
"EB95603","11/28/2021 8:40:00 PM","Whatcom","Bellingham","State Road","State Patrol","INTERSTAE 5         ","NULLE RD            ","","242.900","N","N","Raining","Dark-Street Lights On","No Injury Collision","","","Y","N","3","Y","N","N","0","0"
"EB97855","11/29/2021 8:35:00 AM","Whatcom","Bellingham","State Road","State Patrol","I5                  ","NULLE RD            ","","244.000","N","N","Overcast","Daylight","No Injury Collision","","","Y","N","2","N","N","N","0","0"
"EB97855","11/29/2021 8:35:00 AM","Whatcom","Bellingham","State Road","State Patrol","I5                  ","NULLE RD            ","","244.000","N","N","Overcast","Daylight","No Injury Collision","","","N","N","2","N","N","N","0","0"
"EB98073","11/29/2021 4:03:00 PM","Whatcom","Ferndale","State Road","State Patrol","I 5                 ","MAIN ST             ","","262.000","N","N","Overcast","Dark-No Street Lights","No Injury Collision","","","Y","Y","3","N","N","N","0","0"
"EB98073","11/29/2021 4:03:00 PM","Whatcom","Ferndale","State Road","State Patrol","I 5                 ","MAIN ST             ","","262.000","N","N","Overcast","Dark-No Street Lights","No Injury Collision","","","N","Y","3","N","N","N","0","0"
"EB95606","11/29/2021 6:15:00 PM","Whatcom","Bellingham","State Road","State Patrol","I 5                 ","BAKERVIEW           ","","258.500","N","N","Overcast","Dark-No Street Lights","No Injury Collision","","","Y","Y","2","N","N","N","0","0"
"EB98067","11/30/2021 6:15:00 AM","Whatcom","Bellingham","State Road","State Patrol","I-5                 ","LAKEWAY DR          ","","253.000","N","N","Raining","Dark-Street Lights On","No Injury Collision","","CONCRETE WALL","Y","N","1","N","N","N","0","0"
"EB98067","11/30/2021 6:15:00 AM","Whatcom","Bellingham","State Road","State Patrol","I-5                 ","LAKEWAY DR          ","","253.000","N","N","Raining","Dark-Street Lights On","No Injury Collision","","CONCRETE WALL","N","N","1","N","N","N","0","0"
"EB98063","11/30/2021 7:33:00 AM","Whatcom","East Wenatchee","State Road","State Patrol","SR 542              ","SMITH RD.           ","","8.870","N","Y","Raining","Daylight","No Injury Collision","","Tree or Stump, Veterinary hospital","N","Y","1","N","N","N","0","0"
"EB98063","11/30/2021 7:33:00 AM","Whatcom","East Wenatchee","State Road","State Patrol","SR 542              ","SMITH RD.           ","","8.870","N","Y","Raining","Daylight","No Injury Collision","","Tree or Stump, Veterinary hospital","Y","Y","1","N","N","N","0","0"
"EB96299","12/1/2021 4:50:00 PM","Whatcom","Bellingham","State Road","State Patrol","SR 539              ","I 5                 ","","0.200","N","Y","Raining","Dark-Street Lights On","No Injury Collision","","","Y","N","2","N","N","N","0","0"
"EB98064","12/1/2021 5:25:00 PM","Whatcom","Bellingham","State Road","State Patrol","I 5                 ","BAKERVIEW RD        ","","259.000","N","N","Raining","Dark-No Street Lights","Minor Injury Collision","","","Y","N","2","Y","N","N","0","0"
"EB98110","12/1/2021 5:50:00 PM","Whatcom","Bellingham","State Road","State Patrol","I 5                 ","N LAKE SAMISH RD    ","","244.800","N","N","Raining","Dark-No Street Lights","No Injury Collision","","Guardrail","Y","N","1","N","N","N","0","0"
"EB98069","12/1/2021 6:30:00 PM","Whatcom","Bellingham","State Road","State Patrol","I 5                 ","BAKERVIEW           ","","258.500","N","N","Raining","Dark-Street Lights On","No Injury Collision","","","Y","Y","2","N","N","N","0","0"
"EB98068","12/1/2021 8:31:00 PM","Whatcom","Bellingham","State Road","State Patrol","I 5                 ","ALABAMA             ","","254.200","N","N","Raining","Dark-Street Lights On","No Injury Collision","","","Y","N","2","N","N","N","0","0"
"EB97856","12/3/2021 2:41:00 PM","Whatcom","Blaine","State Road","State Patrol","SR 548              ","HALL RD             ","","11.310","N","N","Clear","Daylight","No Injury Collision","","","Y","N","2","Y","N","N","0","0"
"EB96793","12/3/2021 5:11:00 PM","Whatcom","Ferndale","State Road","State Patrol","I 5                 ","SLATER ROAD         ","","260.120","N","N","Clear","Dark-No Street Lights","No Injury Collision","","","Y","N","2","N","N","N","0","0"
"EB98060","12/3/2021 5:31:00 PM","Whatcom","Ferndale","State Road","State Patrol","I 5                 ","MAIN STREET         ","","262.000","N","Y","Clear","Dark-Street Lights On","No Injury Collision","","","Y","N","2","N","Y","N","0","0"
"EB98060","12/3/2021 5:31:00 PM","Whatcom","Ferndale","State Road","State Patrol","I 5                 ","MAIN STREET         ","","262.000","N","Y","Clear","Dark-Street Lights On","No Injury Collision","","","N","N","2","N","Y","N","0","0"
"EB98078","12/3/2021 5:40:00 PM","Whatcom","Everson","State Road","State Patrol","SR 544              ","HANNEGAN ROAD       ","","1.800","N","N","Clear","Dark-No Street Lights","No Injury Collision","","","N","N","2","Y","N","N","0","0"
"EB98078","12/3/2021 5:40:00 PM","Whatcom","Everson","State Road","State Patrol","SR 544              ","HANNEGAN ROAD       ","","1.800","N","N","Clear","Dark-No Street Lights","No Injury Collision","","","Y","N","2","Y","N","N","0","0"
"EB98079","12/3/2021 5:59:00 PM","Whatcom","Ferndale","State Road","State Patrol","I 5                 ","PORTAL WAY          ","","263.000","N","N","Overcast","Dark-No Street Lights","No Injury Collision","","","Y","N","2","Y","N","N","0","0"
"EB98076","12/3/2021 10:48:00 PM","Whatcom","Bellingham","State Road","State Patrol","SR 542              ","SR 547              ","","27.000","N","N","Overcast","Dark-No Street Lights","No Injury Collision","","Tree or Stump","Y","N","1","N","N","N","0","0"
"EB97838","12/4/2021 3:35:00 PM","Whatcom","Bellingham","State Road","State Patrol","I 5                 ","SR 539              ","","256.750","N","N","Clear","Daylight","No Injury Collision","","","N","Y","2","N","N","N","0","0"
"EB97838","12/4/2021 3:35:00 PM","Whatcom","Bellingham","State Road","State Patrol","I 5                 ","SR 539              ","","256.750","N","N","Clear","Daylight","No Injury Collision","","","Y","Y","2","N","N","N","0","0"
"EB98080","12/4/2021 3:58:00 PM","Whatcom","Bellingham","State Road","State Patrol","I 5                 ","SR 11               ","","250.000","N","N","Raining","Daylight","Minor Injury Collision","","Roadway Ditch","Y","N","1","N","N","N","0","0"
"EB98077","12/4/2021 4:58:00 PM","Whatcom","Ferndale","State Road","State Patrol","I 5                 ","SLATER ROAD         ","","260.000","N","Y","Overcast","Dark-No Street Lights","No Injury Collision","","ditch","Y","N","2","N","N","N","0","0"
"EC12416","12/4/2021 5:16:00 PM","Whatcom","Bellingham","State Road","State Patrol","I 5                 ","SLATER RD           ","","259.650","N","N","Clear","Dark-Street Lights On","No Injury Collision","","","Y","N","2","Y","N","N","0","0"
"EC03077","12/4/2021 6:10:00 PM","Whatcom","Bellingham","State Road","State Patrol","STATE ROUTE 544     ","STATE ROUTE 539     ","","1.000","N","Y","Clear","Dark-Street Lights On","No Injury Collision","","","Y","Y","3","Y","N","N","0","0"
"EB99362","12/4/2021 10:34:00 PM","Whatcom","Bellingham","State Road","State Patrol","I5                  ","BAKERVIEW           ","","258.200","N","N","Clear","Dark-No Street Lights","Minor Injury Collision","","","Y","Y","2","N","N","N","0","0"
"EC19138","12/5/2021 7:39:00 AM","Whatcom","Ferndale","State Road","State Patrol","I5                  ","PORTAL WAY          ","","263.100","N","N","Clear","Daylight","No Injury Collision","","Concrete/Jersey Barrier","Y","N","1","N","N","N","0","0"
"EC19138","12/5/2021 7:39:00 AM","Whatcom","Ferndale","State Road","State Patrol","I5                  ","PORTAL WAY          ","","263.100","N","N","Clear","Daylight","No Injury Collision","","Concrete/Jersey Barrier","N","N","1","N","N","N","0","0"
"EC12417","12/5/2021 7:45:00 AM","Whatcom","Bellingham","State Road","State Patrol","SR 542              ","SR 9                ","","9.800","N","N","Clear","Daylight","No Injury Collision","","bridge barrier","N","N","1","N","N","N","0","0"
"EC12417","12/5/2021 7:45:00 AM","Whatcom","Bellingham","State Road","State Patrol","SR 542              ","SR 9                ","","9.800","N","N","Clear","Daylight","No Injury Collision","","bridge barrier","Y","N","1","N","N","N","0","0"
"EC05255","12/6/2021 5:21:00 AM","Whatcom","Ferndale","State Road","State Patrol","I 5                 ","PORTAL WAY          ","","263.560","N","N","Snowing","Dark-Street Lights On","No Injury Collision","","","Y","N","2","N","N","N","0","0"
"EB98081","12/6/2021 6:32:00 AM","Whatcom","Nooksack","State Road","State Patrol","SR 542              ","EASTWOOD RD         ","","22.000","N","N","Snowing","Dark-No Street Lights","No Injury Collision","","","Y","N","2","N","N","N","0","0"
"EC19137","12/6/2021 6:48:00 AM","Whatcom","Ferndale","State Road","State Patrol","I 5                 ","PORTAL WAY          ","","263.460","N","N","Snowing","Dawn","No Injury Collision","","Guardrail","Y","N","1","N","N","N","0","0"
"EC00784","12/6/2021 6:53:00 AM","Whatcom","Everson","State Road","State Patrol","STATE ROUTE 544     ","MECKLEM ROAD        ","","4.600","N","Y","Snowing","Dark-No Street Lights","Minor Injury Collision","","Tree","Y","N","1","Y","N","N","0","0"
"EC00782","12/6/2021 8:13:00 AM","Whatcom","Bellingham","State Road","State Patrol","I 5                 ","SLATER ROAD         ","","260.000","N","N","Snowing","Daylight","Minor Injury Collision","","","Y","N","2","Y","N","N","0","0"
"EB99363","12/9/2021 12:00:00 AM","Whatcom","Bellingham","State Road","State Patrol","I 5                 ","SUNSET DR           ","","255.000","N","N","Overcast","Dark-Street Lights On","No Injury Collision","","","Y","N","2","Y","N","N","0","0"
"EB99366","12/9/2021 4:02:00 AM","Whatcom","Bellingham","State Road","State Patrol","SR 542              ","Y RD                ","","6.000","N","N","Raining","Dark-No Street Lights","Minor Injury Collision","","Ditch","Y","N","1","N","N","N","0","0"
"EC12418","12/9/2021 12:20:00 PM","Whatcom","Bellingham","State Road","State Patrol","SR 542              ","KENDALL CREEK       ","","22.030","N","N","Overcast","Daylight","No Injury Collision","","","Y","N","2","N","N","N","0","0"
"EB99509","12/9/2021 1:15:00 PM","Whatcom","Blaine","State Road","State Patrol","I 5                 ","BIRCH BAY-LYNDEN RD ","","270.550","N","N","Sleet or Hail or Freezing Rain","Daylight","Minor Injury Collision","","Street Light Pole","Y","N","1","N","N","N","0","0"
"EC12422","12/9/2021 1:21:00 PM","Whatcom","","State Road","State Patrol","SB I-5              ","BIRCH BAY LYNDEN RD ","","270.000","N","N","Overcast","Daylight","No Injury Collision","","Guardrail","Y","N","1","N","N","N","0","0"
"EC12420","12/9/2021 3:18:00 PM","Whatcom","Lynden","State Road","State Patrol","SR 539              ","POLE RD             ","","7.540","N","N","Overcast","Daylight","No Injury Collision","","","Y","N","2","N","N","N","0","0"
"EC12421","12/9/2021 4:11:00 PM","Whatcom","Blaine","State Road","State Patrol","SR 548              ","DRAYTON HARBOR RD   ","","10.850","N","N","Overcast","Dusk","No Injury Collision","","","Y","N","2","N","N","N","0","0"
"EB99364","12/9/2021 4:45:00 PM","Whatcom","Bellingham","State Road","State Patrol","I 5                 ","IOWA STREET         ","","253.500","N","N","Raining","Dark-Street Lights On","Minor Injury Collision","","","N","N","3","N","N","N","0","0"
"EB99364","12/9/2021 4:45:00 PM","Whatcom","Bellingham","State Road","State Patrol","I 5                 ","IOWA STREET         ","","253.500","N","N","Raining","Dark-Street Lights On","Minor Injury Collision","","","Y","N","3","N","N","N","0","0"
"EB99365","12/9/2021 6:56:00 PM","Whatcom","Lynden","State Road","State Patrol","SR 539              ","SR 544              ","","","N","Y","Overcast","Dark-Street Lights On","No Injury Collision","","","Y","N","2","N","N","N","0","0"
"EC00783","12/10/2021 5:07:00 PM","Whatcom","Bellingham","State Road","State Patrol","I 5                 ","MERIDIAN STREE      ","","256.200","N","N","Overcast","Dark-No Street Lights","No Injury Collision","","","Y","N","2","N","N","N","0","0"
"EC00786","12/11/2021 12:55:00 AM","Whatcom","Lynden","State Road","State Patrol","SR 539              ","SR 544              ","","7.500","N","Y","Overcast","Dark-Street Lights On","Minor Injury Collision","","Light Pole","Y","Y","2","N","N","N","0","0"
"EB99367","12/11/2021 1:29:00 AM","Whatcom","Ferndale","State Road","State Patrol","INTERSTATE 5        ","SLATER RD           ","","260.100","N","N","Raining","Dark-Street Lights On","Minor Injury Collision","","","Y","N","2","Y","N","N","0","0"
"EC03081","12/12/2021 2:45:00 AM","Whatcom","Bellingham","State Road","State Patrol","INTERSTATE 5        ","N LAKE SAMISH RD    ","","245.700","N","N","Overcast","Dark-Street Lights On","No Injury Collision","","Over Embankment","Y","Y","2","Y","N","N","0","0"
"EC03082","12/13/2021 4:40:00 PM","Whatcom","Bellingham","State Road","State Patrol","STATE ROUTE 539     ","TEN MILE ROAD       ","","6.000","N","N","Overcast","Dark-Street Lights On","No Injury Collision","","Misc Object or Debris on Road","Y","N","1","N","Y","N","0","0"
"EC00578","12/14/2021 4:51:00 AM","Whatcom","Bellingham","State Road","State Patrol","I5                  ","NULLE RD            ","","244.100","N","N","Clear","Dark - Unknown Lighting","No Injury Collision","","NONE","Y","Y","2","N","N","N","0","0"
"EC05254","12/14/2021 12:49:00 PM","Whatcom","Bellingham","State Road","State Patrol","SR 542              ","VAUGHN AVE          ","","33.400","N","N","Clear","Daylight","No Injury Collision","","Guardrail","Y","N","1","N","N","N","0","0"
"EC03078","12/14/2021 3:23:00 PM","Whatcom","Bellingham","State Road","State Patrol","SR-542              ","SMITH RD            ","","8.870","N","Y","Clear","Daylight","Unknown Injury Collision","","Sign","Y","Y","1","N","N","N","0","0"
"EC00785","12/14/2021 5:25:00 PM","Whatcom","Bellingham","State Road","State Patrol","I 5                 ","SUNSET              ","","255.000","N","Y","Clear","Dark-Street Lights On","Minor Injury Collision","","","Y","N","2","Y","N","N","0","0"
"EC05258","12/15/2021 12:48:00 PM","Whatcom","Bellingham","State Road","State Patrol","I 5                 ","SR539               ","","257.000","N","N","Clear","Daylight","No Injury Collision","","","Y","N","4","N","N","N","0","0"
"EC03076","12/15/2021 1:08:00 PM","Whatcom","Bellingham","State Road","State Patrol","I-5                 ","SR-539              ","","256.000","N","N","Overcast","Daylight","No Injury Collision","","","Y","N","2","Y","N","N","0","0"
"EC03080","12/15/2021 1:08:00 PM","Whatcom","Bellingham","State Road","State Patrol","I-5                 ","SR-539              ","","256.000","N","N","Overcast","Daylight","No Injury Collision","","Guardrail","Y","N","2","Y","N","N","0","0"
"EC03080","12/15/2021 1:08:00 PM","Whatcom","Bellingham","State Road","State Patrol","I-5                 ","SR-539              ","","256.000","N","N","Overcast","Daylight","No Injury Collision","","Guardrail","N","N","2","Y","N","N","0","0"
"EC03079","12/15/2021 4:23:00 PM","Whatcom","Bellingham","State Road","State Patrol","I-5                 ","LAKEWAY DR          ","","253.000","N","N","Overcast","Dark-No Street Lights","No Injury Collision","","","Y","N","2","Y","N","N","0","0"
"EC00787","12/15/2021 5:08:00 PM","Whatcom","Ferndale","State Road","State Patrol","SR 548              ","I 5                 ","","0.100","N","Y","Clear","Dark-No Street Lights","No Injury Collision","","","Y","N","2","N","N","N","0","0"
"EC05244","12/16/2021 7:38:00 AM","Whatcom","Bellingham","State Road","State Patrol","I 5                 ","LAKEWAY DR          ","","252.800","N","N","Overcast","Daylight","No Injury Collision","","cable barrier","Y","Y","1","Y","N","N","0","0"
"EC05257","12/16/2021 12:32:00 PM","Whatcom","Bellingham","State Road","State Patrol","I 5                 ","SAMISH WAY          ","","252.450","N","N","Overcast","Daylight","No Injury Collision","","Guardrail, cable barrier","Y","N","2","N","Y","Y","0","0"
"EC05257","12/16/2021 12:32:00 PM","Whatcom","Bellingham","State Road","State Patrol","I 5                 ","SAMISH WAY          ","","252.450","N","N","Overcast","Daylight","No Injury Collision","","Guardrail, cable barrier","N","N","2","N","Y","Y","0","0"
"EC05260","12/16/2021 2:32:00 PM","Whatcom","Bellingham","State Road","State Patrol","SR 542              ","TRUCK RD            ","","15.120","N","N","Overcast","Daylight","Minor Injury Collision","","ditch w/ concrete culvert, Guardrail","Y","N","3","Y","Y","N","0","0"
"EC03088","12/16/2021 5:07:00 PM","Whatcom","Bellingham","State Road","State Patrol","I 5                 ","SUNSET              ","","255.000","N","N","Overcast","Dark-Street Lights On","No Injury Collision","","","Y","N","2","N","N","N","0","0"
"EC03085","12/16/2021 9:53:00 PM","Whatcom","Bellingham","State Road","State Patrol","SR 539              ","AXTON ROAD          ","","4.400","N","N","Clear","Dark-No Street Lights","No Injury Collision","","","Y","N","2","Y","N","N","0","0"
"EC03084","12/17/2021 3:44:00 PM","Whatcom","Lynden","State Road","State Patrol","SR 539              ","SR 544              ","","7.500","N","Y","Overcast","Dark-Street Lights On","No Injury Collision","","","Y","Y","2","N","N","N","0","0"
"EC03084","12/17/2021 3:44:00 PM","Whatcom","Lynden","State Road","State Patrol","SR 539              ","SR 544              ","","7.500","N","Y","Overcast","Dark-Street Lights On","No Injury Collision","","","N","Y","2","N","N","N","0","0"
"EC03083","12/17/2021 4:45:00 PM","Whatcom","Nooksack","State Road","State Patrol","SR 539              ","GEORGE RD           ","","86.500","N","N","Overcast","Dark-No Street Lights","No Injury Collision","","Farm equipment","N","N","2","N","N","N","0","0"
"EC03083","12/17/2021 4:45:00 PM","Whatcom","Nooksack","State Road","State Patrol","SR 539              ","GEORGE RD           ","","86.500","N","N","Overcast","Dark-No Street Lights","No Injury Collision","","Farm equipment","Y","N","2","N","N","N","0","0"
"EC03087","12/18/2021 1:48:00 AM","Whatcom","Everson","State Road","State Patrol","SR 544              ","EVERSON GOSHEN      ","","5.000","N","N","Snowing","Dark-No Street Lights","No Injury Collision","","Utility Pole","Y","N","1","N","N","N","0","0"
"EC03086","12/18/2021 11:58:00 AM","Whatcom","Nooksack","State Road","State Patrol","SR 542              ","SR 9                ","","9.980","N","Y","Raining","Daylight","No Injury Collision","","","N","N","2","N","N","N","0","0"
"EC03086","12/18/2021 11:58:00 AM","Whatcom","Nooksack","State Road","State Patrol","SR 542              ","SR 9                ","","9.980","N","Y","Raining","Daylight","No Injury Collision","","","Y","N","2","N","N","N","0","0"
"EC05256","12/18/2021 12:19:00 PM","Whatcom","Bellingham","State Road","State Patrol","I 5                 ","N LAKE SAMISH       ","","244.700","N","N","Raining","Daylight","No Injury Collision","","Guardrail","N","N","2","Y","N","N","0","0"
"EC05256","12/18/2021 12:19:00 PM","Whatcom","Bellingham","State Road","State Patrol","I 5                 ","N LAKE SAMISH       ","","244.700","N","N","Raining","Daylight","No Injury Collision","","Guardrail","Y","N","2","Y","N","N","0","0"
"EC03089","12/19/2021 8:15:00 AM","Whatcom","Nooksack","State Road","State Patrol","SR 542              ","SILVER LAKE RD      ","","24.900","N","N","Fog or Smog or Smoke","Daylight","No Injury Collision","","Utility Pole","N","N","2","Y","N","N","0","0"
"EC03089","12/19/2021 8:15:00 AM","Whatcom","Nooksack","State Road","State Patrol","SR 542              ","SILVER LAKE RD      ","","24.900","N","N","Fog or Smog or Smoke","Daylight","No Injury Collision","","Utility Pole","Y","N","2","Y","N","N","0","0"
"EC05245","12/19/2021 9:11:00 AM","Whatcom","Nooksack","State Road","State Patrol","SR 9                ","POTTER RD           ","","77.400","N","N","Fog or Smog or Smoke","Daylight","No Injury Collision","","Guardrail","Y","N","1","N","N","N","0","0"
"EC03090","12/19/2021 6:34:00 PM","Whatcom","Bellingham","State Road","State Patrol","STATE ROUTE 539     ","BEARD ROAD          ","","6.000","N","N","Overcast","Dark-No Street Lights","No Injury Collision","","","N","N","2","N","N","N","0","0"
"EC03090","12/19/2021 6:34:00 PM","Whatcom","Bellingham","State Road","State Patrol","STATE ROUTE 539     ","BEARD ROAD          ","","6.000","N","N","Overcast","Dark-No Street Lights","No Injury Collision","","","Y","N","2","N","N","N","0","0"
"EC03091","12/19/2021 7:44:00 PM","Whatcom","Everson","State Road","State Patrol","SR 544              ","NOON RD             ","","3.100","N","N","Severe Crosswind","Dark-No Street Lights","No Injury Collision","","","Y","N","1","N","N","N","0","0"
"EC09168","12/20/2021 2:48:00 PM","Whatcom","Bellingham","State Road","State Patrol","I 5                 ","OHIO                ","","254.000","N","N","Clear","Daylight","No Injury Collision","","","Y","N","2","N","N","N","0","0"
"EC09327","12/20/2021 2:49:00 PM","Whatcom","Bellingham","State Road","State Patrol","SR 539              ","TELEGRAPH RD        ","","1.000","N","N","Clear","Daylight","No Injury Collision","","","Y","N","2","Y","N","N","0","0"
"EC03253","12/20/2021 3:17:00 PM","Whatcom","Bellingham","State Road","State Patrol","I 5                 ","SUNSET DRIVE        ","","255.000","N","N","Clear","Daylight","No Injury Collision","","","Y","N","2","N","N","N","0","0"
"EC29094","12/20/2021 3:48:00 PM","Whatcom","Bellingham","State Road","State Patrol","I 5                 ","IOWA                ","","253.790","N","N","Overcast","Daylight","No Injury Collision","","","Y","N","2","N","N","N","0","0"
"EC09165","12/20/2021 8:03:00 PM","Whatcom","Bellingham","State Road","State Patrol","I 5                 ","NORTH LAKE SAMISH RD","","246.000","N","N","Clear","Dark-No Street Lights","No Injury Collision","","","Y","N","2","Y","N","N","0","0"
"EC09170","12/21/2021 6:11:00 AM","Whatcom","Bellingham","State Road","State Patrol","I-5                 ","SR-11               ","","249.000","N","N","Sleet or Hail or Freezing Rain","Dark-Street Lights Off","No Injury Collision","","Guardrail","Y","N","1","N","N","N","0","0"
"EC09170","12/21/2021 6:11:00 AM","Whatcom","Bellingham","State Road","State Patrol","I-5                 ","SR-11               ","","249.000","N","N","Sleet or Hail or Freezing Rain","Dark-Street Lights Off","No Injury Collision","","Guardrail","N","N","1","N","N","N","0","0"
"EC12419","12/21/2021 6:21:00 AM","Whatcom","","State Road","State Patrol","SB I-5              ","SR 11               ","","250.000","N","N","Sleet or Hail or Freezing Rain","Dawn","No Injury Collision","","Earth Bank or Ledge","Y","N","2","N","N","N","0","0"
"EC03547","12/21/2021 6:26:00 AM","Whatcom","Bellingham","State Road","State Patrol","I5                  ","SAMISH WAY          ","","246.230","N","N","Overcast","Dark-No Street Lights","Unknown Injury Collision","","DIRT EMBANKMENT","Y","N","1","N","N","N","0","0"
"EC04290","12/21/2021 6:26:00 AM","Whatcom","Bellingham","State Road","State Patrol","I5                  ","SAMISH WAY          ","","246.230","N","N","Overcast","Dark-No Street Lights","Fatal Collision","","NONE","Y","N","3","N","N","N","1","0"
"EC04290","12/21/2021 6:26:00 AM","Whatcom","Bellingham","State Road","State Patrol","I5                  ","SAMISH WAY          ","","246.230","N","N","Overcast","Dark-No Street Lights","Fatal Collision","","NONE","N","N","3","N","N","N","1","0"
"EC05246","12/21/2021 6:46:00 AM","Whatcom","Bellingham","State Road","State Patrol","I 5                 ","SR 11               ","","249.000","N","N","Raining","Dark-No Street Lights","Serious Injury Collision","","","Y","N","2","Y","Y","N","0","0"
"EC03394","12/21/2021 7:00:00 AM","Whatcom","Bellingham","State Road","State Patrol","I 5                 ","SAMISH WAY          ","","248.620","N","N","Raining","Dark-No Street Lights","No Injury Collision","","Tree or Stump","Y","N","1","N","N","N","0","0"
"EC09324","12/21/2021 7:19:00 AM","Whatcom","Bellingham","State Road","State Patrol","I 5                 ","SR 11               ","","249.000","N","N","Raining","Dark-No Street Lights","No Injury Collision","","Tree or Stump","Y","N","1","Y","N","N","0","0"
"EC05259","12/21/2021 1:32:00 PM","Whatcom","Bellingham","State Road","State Patrol","I 5                 ","SUNSET DR           ","","256.000","N","N","Clear","Daylight","No Injury Collision","","","Y","N","2","Y","N","N","0","0"
"EC09166","12/21/2021 3:29:00 PM","Whatcom","Sumas","State Road","State Patrol","SR-9                ","SR-546              ","","94.000","N","N","Sleet or Hail or Freezing Rain","Daylight","No Injury Collision","","Sign/Power Pole","N","N","1","N","N","N","0","0"