"Collision Report Number","Collision Date","County","City","Jurisdiction","Agency","Primary Trafficway","Secondary Trafficway","Block Number","Mile Post","School Zone","Intersection Related","Weather Condition","Lighting Condition","Injury Severity","Collision Type","Object Struck","Damage Threshold Met","Hit and Run","Motor Vehicles Involved","Passengers Involved","Commercial Carrier Involved","School Bus Involved","Pedestrians Involved","Pedalcyclists Involved"
"EC21603","2/18/2022 1:40:00 PM","Whatcom","Bellingham","State Road","State Patrol","SR 542              ","MITCHELL RD         ","","13.300","N","Y","Overcast","Daylight","No Injury Collision","","Metal Sign Post","Y","N","1","N","N","N","0","0"
"EC22290","2/18/2022 5:21:00 PM","Whatcom","Bellingham","State Road","State Patrol","I5                  ","IOWA ST             ","","253.600","N","N","Clear","Daylight","No Injury Collision","","","Y","N","3","N","N","N","0","0"
"EC24052","2/19/2022 1:37:00 PM","Whatcom","Bellingham","State Road","State Patrol","SR 542              ","HANNEGAN PASS RD    ","","46.500","N","Y","Snowing","Daylight","No Injury Collision","","","Y","N","2","N","N","N","0","0"
"EC24051","2/19/2022 1:48:00 PM","Whatcom","Bellingham","State Road","State Patrol","SR 542              ","HANNEGAN PASS ROAD  ","","47.500","N","N","Snowing","Daylight","Minor Injury Collision","","","Y","N","2","Y","N","N","0","0"
"EC24058","2/19/2022 3:25:00 PM","Whatcom","Bellingham","State Road","State Patrol","SR 539              ","LAUREL RD           ","","4.900","N","Y","Overcast","Daylight","No Injury Collision","","Metal Sign Post","Y","N","2","N","N","N","0","0"
"EC21827","2/20/2022 1:20:00 AM","Whatcom","Bellingham","State Road","State Patrol","I 5                 ","SAMISH WAY          ","","251.000","N","N","Overcast","Dark-No Street Lights","No Injury Collision","","Guardrail","Y","N","1","N","N","N","0","0"
"EC24055","2/20/2022 5:20:00 AM","Whatcom","Bellingham","State Road","State Patrol","SR 542              ","HILLARD ROAD        ","","11.400","N","N","Raining","Dark-No Street Lights","Unknown Injury Collision","","","Y","N","1","N","N","N","0","0"
"EC24056","2/21/2022 4:26:00 PM","Whatcom","Bellingham","State Road","State Patrol","SR 542              ","Y ROAD              ","","6.100","N","Y","Clear","Daylight","Minor Injury Collision","","","Y","N","2","N","N","N","0","0"
"EC24054","2/22/2022 5:17:00 AM","Whatcom","Bellingham","State Road","State Patrol","I 5                 ","N LAKE SAMISH       ","","247.000","N","N","Snowing","Dark-No Street Lights","No Injury Collision","","Guardrail","Y","N","1","N","N","N","0","0"
"EC24060","2/22/2022 5:30:00 AM","Whatcom","Bellingham","State Road","State Patrol","I 5                 ","SAMISH WAY          ","","247.000","N","N","Snowing","Dark-No Street Lights","No Injury Collision","","ditch / embankment","Y","N","1","N","N","N","0","0"
"EC31455","2/22/2022 5:30:00 AM","Whatcom","Bellingham","State Road","State Patrol","I 5                 ","SAMISH WAY          ","","247.000","N","N","Snowing","Dark-No Street Lights","Minor Injury Collision","","Ditch / embanckment","Y","N","1","N","N","N","0","0"
"EC23945","2/22/2022 5:50:00 AM","Whatcom","Bellingham","State Road","State Patrol","I 5                 ","N LAKE SAMISH       ","","247.000","N","N","Clear","Dark-No Street Lights","No Injury Collision","","Guardrail","Y","N","1","N","N","N","0","0"
"EC24057","2/22/2022 9:20:00 AM","Whatcom","Lynden","State Road","State Patrol","SR 546              ","DOUBLE DITCH ROAD   ","","1.000","N","Y","Severe Crosswind","Daylight","Minor Injury Collision","","Utility Pole","Y","N","1","N","N","N","0","0"
"EC24062","2/23/2022 2:29:00 PM","Whatcom","Bellingham","State Road","State Patrol","SR 539              ","LAUREL ROAD         ","","5.000","N","Y","Clear","Daylight","Minor Injury Collision","","","Y","N","3","Y","N","N","0","0"
"EC24064","2/23/2022 5:33:00 PM","Whatcom","Bellingham","State Road","State Patrol","I 5                 ","SR 542              ","","255.000","N","N","Overcast","Daylight","Minor Injury Collision","","Concrete/Jersey Barrier","Y","N","3","Y","N","N","0","0"
"EC24063","2/24/2022 7:10:00 AM","Whatcom","Nooksack","State Road","State Patrol","SR 9                ","COLE ROAD           ","","88.500","N","Y","Clear","Dawn","No Injury Collision","","Utility Pole","Y","N","1","N","N","N","0","0"
"EC24065","2/24/2022 7:40:00 AM","Whatcom","Blaine","State Road","State Patrol","I 5                 ","BIRCH BAY LYNDEN RD ","","268.000","N","N","Clear","Daylight","No Injury Collision","","Earth Bank or Ledge","Y","N","1","N","N","N","0","0"
"EC24061","2/24/2022 9:45:00 AM","Whatcom","Bellingham","State Road","State Patrol","INTERSTATE 5        ","SAMISH WAY          ","","250.000","N","N","Overcast","Daylight","No Injury Collision","","Roadway Ditch","Y","N","3","Y","N","N","0","0"
"EC24061","2/24/2022 9:45:00 AM","Whatcom","Bellingham","State Road","State Patrol","INTERSTATE 5        ","SAMISH WAY          ","","250.000","N","N","Overcast","Daylight","No Injury Collision","","Roadway Ditch","N","N","3","Y","N","N","0","0"
"EC24067","2/24/2022 12:15:00 PM","Whatcom","Bellingham","State Road","State Patrol","I 5                 ","KING STREET         ","","253.000","N","N","Clear","Daylight","No Injury Collision","","Guardrail / Stop Sign","Y","N","1","N","N","N","0","0"
"EC24066","2/24/2022 3:40:00 PM","Whatcom","Sumas","State Road","State Patrol","SR 542              ","WELCOME PASS FS RD  ","","44.000","N","N","Overcast","Daylight","No Injury Collision","","Earth Bank or Ledge","Y","N","1","N","N","N","0","0"
"EC25599","2/27/2022 2:50:00 AM","Whatcom","Bellingham","State Road","State Patrol","I 5                 ","SUNSET DR           ","","254.800","N","N","Raining","Dark-Street Lights On","No Injury Collision","","sign","Y","Y","1","Y","N","N","0","0"
"EC27820","2/27/2022 9:35:00 PM","Whatcom","Sumas","State Road","State Patrol","SR9                 ","MORGAN RD           ","","96.000","N","N","Raining","Dark-No Street Lights","Minor Injury Collision","","","Y","N","2","N","N","N","0","0"
"EC27822","2/28/2022 11:45:00 AM","Whatcom","Bellingham","State Road","State Patrol","I 5                 ","SR 11               ","","250.800","N","Y","Raining","Daylight","No Injury Collision","","","N","N","2","Y","N","N","0","0"
"EC27822","2/28/2022 11:45:00 AM","Whatcom","Bellingham","State Road","State Patrol","I 5                 ","SR 11               ","","250.800","N","Y","Raining","Daylight","No Injury Collision","","","Y","N","2","Y","N","N","0","0"
"EC31092","2/28/2022 4:27:00 PM","Whatcom","Ferndale","State Road","State Patrol","SR 548              ","GRANDVIEW           ","","5.900","N","Y","Raining","Daylight","No Injury Collision","","Sign","Y","Y","1","N","N","N","0","0"
"EC27825","3/1/2022 1:35:00 PM","Whatcom","Blaine","State Road","State Patrol","I 5                 ","PORTAL WAY          ","","273.900","N","N","Overcast","Daylight","No Injury Collision","","Concrete/Jersey Barrier","N","N","1","N","N","N","0","0"
"EC27825","3/1/2022 1:35:00 PM","Whatcom","Blaine","State Road","State Patrol","I 5                 ","PORTAL WAY          ","","273.900","N","N","Overcast","Daylight","No Injury Collision","","Concrete/Jersey Barrier","Y","N","1","N","N","N","0","0"
"EC27823","3/2/2022 7:19:00 AM","Whatcom","Bellingham","State Road","State Patrol","I 5                 ","SR 539              ","","256.000","N","N","Raining","Daylight","Minor Injury Collision","","Guardrail","Y","N","1","N","N","N","0","0"
"EC27823","3/2/2022 7:19:00 AM","Whatcom","Bellingham","State Road","State Patrol","I 5                 ","SR 539              ","","256.000","N","N","Raining","Daylight","Minor Injury Collision","","Guardrail","N","N","1","N","N","N","0","0"
"EC27824","3/2/2022 4:40:00 PM","Whatcom","Bellingham","State Road","State Patrol","SR-9                ","RUTSATZ RD          ","","78.000","N","N","Overcast","Daylight","No Injury Collision","","DITCH","Y","N","1","N","N","N","0","0"
"EC27826","3/3/2022 5:21:00 PM","Whatcom","Bellingham","State Road","State Patrol","I 5                 ","IOWA                ","","254.000","N","N","Overcast","Daylight","No Injury Collision","","","Y","N","2","Y","N","N","0","0"
"EC25601","3/3/2022 11:15:00 PM","Whatcom","Bellingham","State Road","State Patrol","SR 539              ","E BAKERVIEW RD      ","","0.040","N","Y","Clear","Dark-Street Lights On","No Injury Collision","","","Y","Y","2","N","N","N","0","0"
"EC29096","3/5/2022 7:54:00 PM","Whatcom","Nooksack","State Road","State Patrol","SR 9                ","STRAND RD           ","","74.700","N","N","Clear","Dark-No Street Lights","No Injury Collision","","elk","Y","N","1","N","N","N","0","0"
"EC29095","3/5/2022 11:48:00 PM","Whatcom","Nooksack","State Road","State Patrol","SR 9                ","POTTER RD           ","","77.000","N","N","Clear","Dark-Street Lights On","Minor Injury Collision","","power pole","Y","N","1","N","N","N","0","0"
"EC26691","3/7/2022 12:54:00 PM","Whatcom","Bellingham","State Road","State Patrol","SR 539              ","SR 544              ","","7.510","N","Y","Clear","Daylight","No Injury Collision","","","Y","N","2","N","N","N","0","0"
"EC29093","3/8/2022 5:26:00 PM","Whatcom","Bellingham","State Road","State Patrol","E SUNSET DR         ","VINING ST           ","","2.000","N","N","Clear","Daylight","No Injury Collision","","","Y","N","2","Y","N","N","0","0"
"EC31087","3/10/2022 7:42:00 AM","Whatcom","Everson","State Road","State Patrol","SR-9                ","SR-546              ","","93.600","N","Y","Clear","Daylight","No Injury Collision","","","Y","N","2","N","N","N","0","0"
"EC29097","3/10/2022 6:20:00 PM","Whatcom","Bellingham","State Road","State Patrol","I-5                 ","SLATER RD           ","","260.000","N","Y","Clear","Dusk","No Injury Collision","","","Y","N","2","Y","N","N","0","0"
"EC31094","3/11/2022 12:49:00 PM","Whatcom","Bellingham","State Road","State Patrol","I-5                 ","SUNSET DR           ","","254.000","N","N","Clear","Daylight","No Injury Collision","","Concrete Wall","N","N","1","N","N","N","0","0"
"EC31094","3/11/2022 12:49:00 PM","Whatcom","Bellingham","State Road","State Patrol","I-5                 ","SUNSET DR           ","","254.000","N","N","Clear","Daylight","No Injury Collision","","Concrete Wall","Y","N","1","N","N","N","0","0"
"EC29921","3/13/2022 8:49:00 AM","Whatcom","Ferndale","State Road","State Patrol","I 5                 ","MAIN ST             ","","262.090","N","N","Clear","Daylight","Unknown Injury Collision","","cable barrier","Y","Y","1","N","N","N","0","0"
"EC29099","3/14/2022 12:31:00 PM","Whatcom","Bellingham","State Road","State Patrol","SR 11               ","HILINE RD           ","","16.020","N","N","Overcast","Daylight","No Injury Collision","","deer","Y","N","1","N","N","N","0","0"
"EC29098","3/14/2022 3:21:00 PM","Whatcom","Bellingham","State Road","State Patrol","I 5                 ","AIRPORT DR          ","","257.640","N","N","Overcast","Daylight","No Injury Collision","","Guardrail","Y","N","2","Y","N","N","0","0"
"EC29098","3/14/2022 3:21:00 PM","Whatcom","Bellingham","State Road","State Patrol","I 5                 ","AIRPORT DR          ","","257.640","N","N","Overcast","Daylight","No Injury Collision","","Guardrail","N","N","2","Y","N","N","0","0"
"EC34104","3/14/2022 3:25:00 PM","Whatcom","Bellingham","State Road","State Patrol","I5                  ","SAMISH WAY          ","","246.100","N","N","Raining","Daylight","No Injury Collision","","","N","N","2","N","Y","N","0","0"
"EC34104","3/14/2022 3:25:00 PM","Whatcom","Bellingham","State Road","State Patrol","I5                  ","SAMISH WAY          ","","246.100","N","N","Raining","Daylight","No Injury Collision","","","Y","N","2","N","Y","N","0","0"
"EC31089","3/14/2022 6:45:00 PM","Whatcom","Bellingham","State Road","State Patrol","SR-539              ","AXTON RD            ","","4.000","N","N","Raining","Daylight","No Injury Collision","","","Y","Y","2","Y","N","N","0","0"
"EC31091","3/14/2022 6:58:00 PM","Whatcom","Ferndale","State Road","State Patrol","I-5                 ","GRANDVIEW RD        ","","268.000","N","N","Raining","Dusk","No Injury Collision","","DITCH/TREES","Y","N","1","N","N","N","0","0"
"EC31093","3/15/2022 1:28:00 AM","Whatcom","Blaine","State Road","State Patrol","I 5                 ","NB REST AREA        ","","267.700","N","Y","Overcast","Dark-Street Lights On","No Injury Collision","","","N","Y","2","N","N","N","0","0"
"EC31093","3/15/2022 1:28:00 AM","Whatcom","Blaine","State Road","State Patrol","I 5                 ","NB REST AREA        ","","267.700","N","Y","Overcast","Dark-Street Lights On","No Injury Collision","","","Y","Y","2","N","N","N","0","0"
"EC30910","3/15/2022 11:34:00 AM","Whatcom","Nooksack","State Road","State Patrol","SR 9                ","GEORGE RD           ","","86.540","N","N","Clear","Daylight","Fatal Collision","","","N","N","1","N","Y","N","1","0"
"EC29100","3/15/2022 4:34:00 PM","Whatcom","Ferndale","State Road","State Patrol","I 5                 ","SLATER RD           ","","259.850","N","N","Overcast","Daylight","No Injury Collision","","","Y","Y","3","Y","N","N","0","0"
"EC31088","3/15/2022 5:50:00 PM","Whatcom","Bellingham","State Road","State Patrol","SR-542              ","GALENA CREEK BRIDGE ","","50.000","N","N","Snowing","Daylight","No Injury Collision","","Embankment","Y","N","1","Y","N","N","0","0"
"EC31095","3/15/2022 7:36:00 PM","Whatcom","Bellingham","State Road","State Patrol","I 5                 ","IOWA ST             ","","153.700","N","N","Overcast","Daylight","No Injury Collision","","","Y","Y","2","Y","N","N","0","0"
"EC29922","3/16/2022 6:30:00 AM","Whatcom","Ferndale","State Road","State Patrol","SR 548              ","SALASHAN PKWY       ","","1.000","N","Y","Overcast","Dawn","No Injury Collision","","","Y","N","2","N","Y","N","0","0"
"EC29103","3/16/2022 6:51:00 AM","Whatcom","Bellingham","State Road","State Patrol","I 5                 ","MERIDIAN STREET     ","","256.000","N","N","Overcast","Daylight","No Injury Collision","","","Y","N","2","N","N","N","0","0"
"EC29102","3/16/2022 10:30:00 AM","Whatcom","Bellingham","State Road","State Patrol","SR 542              ","HATCHERY RD         ","","21.000","N","N","Overcast","Daylight","Minor Injury Collision","","ditch","Y","N","1","N","N","N","0","0"
"EC30911","3/17/2022 3:13:00 PM","Whatcom","Bellingham","State Road","State Patrol","I 5                 ","BAKERVIEW           ","","257.500","N","N","Overcast","Daylight","No Injury Collision","","","N","N","2","N","N","N","0","0"
"EC30911","3/17/2022 3:13:00 PM","Whatcom","Bellingham","State Road","State Patrol","I 5                 ","BAKERVIEW           ","","257.500","N","N","Overcast","Daylight","No Injury Collision","","","Y","N","2","N","N","N","0","0"
"EC31097","3/17/2022 10:09:00 PM","Whatcom","Bellingham","State Road","State Patrol","I 5                 ","NORTHWEST AVE       ","","257.100","N","N","Overcast","Dark-Street Lights On","No Injury Collision","","Cable Barrier","Y","N","2","N","N","N","0","0"
"EC31099","3/19/2022 3:50:00 AM","Whatcom","Lynden","State Road","State Patrol","SR 539              ","TEN MILE ROAD       ","","6.000","N","Y","Overcast","Dark-Street Lights On","No Injury Collision","","","Y","Y","2","N","N","N","0","0"
"EC30913","3/19/2022 5:56:00 AM","Whatcom","Bellingham","State Road","State Patrol","I 5                 ","BAKERVIEW RD        ","","257.500","N","N","Raining","Dark-Street Lights On","No Injury Collision","","Guardrail","Y","N","1","N","N","N","0","0"
"EC33100","3/19/2022 6:26:00 AM","Whatcom","Sumas","State Road","State Patrol","SR 547              ","REESE HILL RD       ","","5.000","N","N","Raining","Dark-No Street Lights","No Injury Collision","","Metal Sign Post","Y","N","1","N","N","N","0","0"
"EC31098","3/20/2022 1:42:00 AM","Whatcom","Bellingham","State Road","State Patrol","I 5                 ","BAKERVIEW ROAD      ","","257.700","N","N","Overcast","Dark-Street Lights On","Unknown Injury Collision","","Street Light Pole","Y","Y","1","N","N","N","0","0"
"EC31100","3/20/2022 8:42:00 PM","Whatcom","Bellingham","State Road","State Patrol","I 5                 ","SAMISH WAY          ","","252.300","N","N","Overcast","Dark-No Street Lights","No Injury Collision","","ditch / embankment","Y","N","1","N","N","N","0","0"
"EC31096","3/22/2022 4:17:00 PM","Whatcom","Lynden","State Road","State Patrol","SR 546              ","LINE ROAD           ","1257  ","","N","N","Overcast","Daylight","No Injury Collision","","Wood Sign Post","Y","N","1","N","N","N","0","0"
"EC31101","3/22/2022 11:24:00 PM","Whatcom","Lynden","State Road","State Patrol","SR 539              ","RIVER ROAD          ","","9.670","N","Y","Overcast","Dark-Street Lights On","No Injury Collision","","One way Sign and ditch","Y","Y","1","N","N","N","0","0"
"EC31454","3/23/2022 3:38:00 AM","Whatcom","Nooksack","State Road","State Patrol","SR 542              ","BELL CREEK RD       ","","19.500","N","N","Overcast","Dark-No Street Lights","No Injury Collision","","Ditch","Y","N","1","N","N","N","0","0"
"EC31380","3/23/2022 1:51:00 PM","Whatcom","Bellingham","State Road","State Patrol","SR 542              ","SR 9                ","","14.560","N","N","Raining","Daylight","No Injury Collision","","rocks, tree","Y","N","1","N","N","N","0","0"
"EC33266","3/23/2022 4:51:00 PM","Whatcom","Bellingham","State Road","State Patrol","SR 542              ","NOON ROAD           ","1700  ","","N","Y","Overcast","Daylight","Minor Injury Collision","","Mailbox","Y","N","2","N","N","N","0","0"
"EC33265","3/24/2022 7:20:00 PM","Whatcom","Ferndale","State Road","State Patrol","I 5                 ","SLATER              ","","260.000","N","N","Overcast","Dusk","No Injury Collision","","Roadway Ditch","Y","N","2","N","N","N","0","0"
"EC33267","3/25/2022 9:07:00 PM","Whatcom","Bellingham","State Road","State Patrol","SR 542              ","E 45TH DR           ","","12.100","N","N","Overcast","Dark-No Street Lights","No Injury Collision","","","Y","N","1","N","N","N","0","0"
"EC34846","3/26/2022 10:02:00 AM","Whatcom","Bellingham","State Road","State Patrol","SR 542              ","SILVER LAKE RD      ","7540  ","","N","N","Overcast","Daylight","No Injury Collision","","Rock Bank or Ledge","Y","Y","1","N","N","N","0","0"
"EC33269","3/26/2022 5:30:00 PM","Whatcom","Bellingham","State Road","State Patrol","SR 539              ","AXTON RD            ","","4.500","N","Y","Overcast","Daylight","No Injury Collision","","","Y","N","2","Y","N","N","0","0"
"EC35095","3/26/2022 10:58:00 PM","Whatcom","Bellingham","State Road","State Patrol","SR 539              ","TEN MILE RD         ","","6.000","N","Y","Overcast","Dark-Street Lights On","No Injury Collision","","Street Light Pole","Y","N","1","N","N","N","0","0"
"EC33268","3/27/2022 8:45:00 PM","Whatcom","Everson","State Road","State Patrol","SR 544              ","HANNEGAN ROAD       ","","1.900","N","Y","Overcast","Dark-Street Lights On","No Injury Collision","","","Y","N","2","Y","N","N","0","0"
"EC33270","3/27/2022 10:07:00 PM","Whatcom","Bellingham","State Road","State Patrol","I 5                 ","SUNSET              ","","254.000","N","N","Overcast","Dark-Street Lights On","No Injury Collision","","Concrete/Jersey Barrier","Y","N","1","Y","N","N","0","0"
"EC32609","3/28/2022 12:00:00 AM","Whatcom","Bellingham","State Road","State Patrol","SR 542              ","BELLS CRK RD        ","","18.520","N","N","Raining","Dark-No Street Lights","No Injury Collision","","tree","Y","N","1","N","N","N","0","0"
"EC32969","3/28/2022 1:45:00 PM","Whatcom","Nooksack","State Road","State Patrol","SR 9                ","LINDSAY ROAD        ","","92.370","N","Y","Overcast","Daylight","Minor Injury Collision","","","Y","N","2","Y","N","N","0","0"
"EC33271","3/28/2022 9:35:00 PM","Whatcom","Nooksack","State Road","State Patrol","SR 542              ","HATCHERY RD         ","","21.600","N","N","Clear","Dark-No Street Lights","Unknown Injury Collision","","Driveway / Bridge","Y","Y","1","N","N","N","0","0"
"EC35492","3/30/2022 9:00:00 PM","Whatcom","Blaine","State Road","State Patrol","SR548               ","DRAYTON HARBOR RD   ","","10.800","N","N","Overcast","Dark-No Street Lights","No Injury Collision","","deer","Y","N","1","N","N","N","0","0"
"EC33264","3/31/2022 4:27:00 AM","Whatcom","Everson","State Road","State Patrol","SR 544              ","GOLF VIEW DR        ","799   ","","N","N","Raining","Dark-No Street Lights","No Injury Collision","","ditch","Y","N","1","N","N","N","0","0"
"EC34841","3/31/2022 11:08:00 AM","Whatcom","Bellingham","State Road","State Patrol","SR 539              ","AXTON RD            ","","4.500","N","N","Clear","Daylight","No Injury Collision","","","Y","N","2","N","Y","N","0","0"
"EC35098","4/1/2022 11:55:00 PM","Whatcom","Lynden","State Road","State Patrol","SR 539              ","TEN MILE ROAD       ","","6.000","N","Y","Raining","Dark-Street Lights On","Minor Injury Collision","","Metal Sign Post","Y","N","1","Y","N","N","0","0"
"EC35493","4/2/2022 4:49:00 PM","Whatcom","Sumas","State Road","State Patrol","SR 547              ","EAGLES ROOST DR     ","","8.000","N","N","Overcast","Daylight","Fatal Collision","","Utility Pole","N","N","1","N","N","N","0","0"
"EC35096","4/3/2022 4:59:00 PM","Whatcom","Nooksack","State Road","State Patrol","SR 9                ","LIND ROAD           ","","85.900","N","N","Raining","Daylight","Serious Injury Collision","","Utility Pole","Y","N","1","Y","N","N","0","0"
"EC35899","4/4/2022 6:48:00 AM","Whatcom","Bellingham","State Road","State Patrol","SR 542              ","MOSQUITO LAKE RD    ","","16.850","N","Y","Overcast","Daylight","Minor Injury Collision","","","Y","N","2","Y","N","N","0","0"
"EC34843","4/4/2022 2:53:00 PM","Whatcom","Bellingham","State Road","State Patrol","SR 542              ","FOREST ST           ","","25.430","N","N","Raining","Daylight","No Injury Collision","","Tree or Stump","Y","N","1","N","N","N","0","0"
"EC37193","4/4/2022 4:24:00 PM","Whatcom","Bellingham","State Road","State Patrol","I 5                 ","NORTHWEST           ","","257.000","N","N","Clear","Daylight","No Injury Collision","","","Y","N","3","N","N","N","0","0"
"EC37193","4/4/2022 4:24:00 PM","Whatcom","Bellingham","State Road","State Patrol","I 5                 ","NORTHWEST           ","","257.000","N","N","Clear","Daylight","No Injury Collision","","","N","N","3","N","N","N","0","0"
"EC35097","4/4/2022 4:44:00 PM","Whatcom","Bellingham","State Road","State Patrol","SR 539              ","AXTON ROAD          ","","2.100","N","N","Raining","Daylight","No Injury Collision","","","Y","N","2","N","N","N","0","0"
"EC35094","4/4/2022 5:09:00 PM","Whatcom","Bellingham","State Road","State Patrol","SR 9                ","WILLIAMS LAKE RD    ","","78.000","N","N","Raining","Daylight","No Injury Collision","","Guardrail","Y","N","1","N","N","N","0","0"
"EC35100","4/4/2022 6:10:00 PM","Whatcom","Nooksack","State Road","State Patrol","SR 542              ","MARKEL ROAD         ","","20.000","N","N","Clear","Dusk","Unknown Injury Collision","","Earth Bank or Ledge","Y","N","1","N","N","N","0","0"
"EC34844","4/5/2022 11:34:00 AM","Whatcom","Bellingham","State Road","State Patrol","SR 542              ","MT BAKER LODGE RD   ","","54.400","N","N","Snowing","Daylight","No Injury Collision","","","N","N","2","N","N","N","0","0"
"EC34844","4/5/2022 11:34:00 AM","Whatcom","Bellingham","State Road","State Patrol","SR 542              ","MT BAKER LODGE RD   ","","54.400","N","N","Snowing","Daylight","No Injury Collision","","","Y","N","2","N","N","N","0","0"
"EC34845","4/5/2022 12:51:00 PM","Whatcom","Bellingham","State Road","State Patrol","I 5                 ","MERIDIAN ST         ","","256.070","N","N","Overcast","Daylight","No Injury Collision","","","Y","N","2","N","N","N","0","0"
"EC35102","4/5/2022 5:36:00 PM","Whatcom","Blaine","State Road","State Patrol","SR 548              ","ALDERSON ROAD       ","","7.500","N","N","Clear","Daylight","No Injury Collision","","","N","N","2","N","Y","N","0","0"
"EC35102","4/5/2022 5:36:00 PM","Whatcom","Blaine","State Road","State Patrol","SR 548              ","ALDERSON ROAD       ","","7.500","N","N","Clear","Daylight","No Injury Collision","","","Y","N","2","N","Y","N","0","0"
"EC37423","4/6/2022 2:26:00 PM","Whatcom","Bellingham","State Road","State Patrol","I 5                 ","OHIO ST             ","","253.620","N","N","Clear","Daylight","No Injury Collision","","Guardrail","Y","Y","2","N","Y","N","0","0"
"EC38580","4/6/2022 2:45:00 PM","Whatcom","Bellingham","State Road","State Patrol","NB 5                ","IOWA                ","","253.000","N","N","Overcast","Daylight","No Injury Collision","","Guardrail","N","N","2","N","N","N","0","0"
"EC38580","4/6/2022 2:45:00 PM","Whatcom","Bellingham","State Road","State Patrol","NB 5                ","IOWA                ","","253.000","N","N","Overcast","Daylight","No Injury Collision","","Guardrail","Y","N","2","N","N","N","0","0"
"EC35099","4/6/2022 4:24:00 PM","Whatcom","Bellingham","State Road","State Patrol","I 5                 ","SUNSET DR           ","","255.000","N","N","Clear","Daylight","No Injury Collision","","","Y","N","2","N","N","N","0","0"
"EC35101","4/6/2022 4:53:00 PM","Whatcom","Bellingham","State Road","State Patrol","SR 542              ","WATER STREET        ","","13.700","N","N","Overcast","Daylight","No Injury Collision","","Street Light Pole","Y","N","1","N","N","N","0","0"
"EC35103","4/6/2022 6:25:00 PM","Whatcom","Everson","State Road","State Patrol","SR 544              ","HANNEGAN            ","","2.000","N","N","Overcast","Daylight","No Injury Collision","","","Y","N","2","Y","N","N","0","0"
"EC35738","4/8/2022 5:34:00 AM","Whatcom","Sumas","State Road","State Patrol","SR 547              ","SUMAS RD            ","","9.400","N","N","Overcast","Dark-No Street Lights","No Injury Collision","","Utility Pole","Y","N","1","N","N","N","0","0"
"EC35737","4/8/2022 11:50:00 AM","Whatcom","Nooksack","State Road","State Patrol","SR 9                ","MASSEY RD           ","","89.300","N","Y","Overcast","Daylight","No Injury Collision","","","Y","N","2","N","N","N","0","0"
"EC36824","4/9/2022 1:43:00 PM","Whatcom","Bellingham","State Road","State Patrol","STATE ROUTE 9       ","","","78.000","N","N","Overcast","Daylight","No Injury Collision","","","Y","N","2","N","N","N","0","0"
"EC37195","4/9/2022 7:10:00 PM","Whatcom","Nooksack","State Road","State Patrol","SR9                 ","RUTSATZ RD          ","","78.100","N","N","Overcast","Daylight","No Injury Collision","","Utility Pole","Y","N","1","N","N","N","0","0"
"EC37198","4/11/2022 12:52:00 AM","Whatcom","Bellingham","State Road","State Patrol","SR 11               ","CHUCKANUT POINT ROAD","613   ","","N","N","Clear","Dark-No Street Lights","No Injury Collision","","Earth Bank or Ledge","Y","N","1","N","N","N","0","0"
"EC37422","4/11/2022 6:16:00 AM","Whatcom","Bellingham","State Road","State Patrol","I 5                 ","SR 539              ","","256.330","N","N","Clear","Dawn","No Injury Collision","","Guardrail","N","Y","1","N","N","N","0","0"
"EC37422","4/11/2022 6:16:00 AM","Whatcom","Bellingham","State Road","State Patrol","I 5                 ","SR 539              ","","256.330","N","N","Clear","Dawn","No Injury Collision","","Guardrail","Y","Y","1","N","N","N","0","0"
"EC37199","4/11/2022 6:34:00 PM","Whatcom","Bellingham","State Road","State Patrol","SR 542              ","BIG RIVER BLVD      ","7104  ","","N","N","Overcast","Daylight","No Injury Collision","","Tree or Stump","Y","N","1","N","N","N","0","0"
"EC38604","4/12/2022 5:30:00 AM","Whatcom","Bellingham","State Road","State Patrol","SR 542              ","COAL CREEK          ","","19.270","N","N","Overcast","Dark-No Street Lights","Minor Injury Collision","","Tree or Stump","Y","N","1","N","N","N","0","0"
"EC37424","4/12/2022 5:45:00 AM","Whatcom","Bellingham","State Road","State Patrol","SR 542              ","SMITH ROAD          ","","8.870","N","Y","Overcast","Dark - Unknown Lighting","No Injury Collision","","","Y","Y","2","N","N","N","0","0"
"EC37196","4/13/2022 5:19:00 PM","Whatcom","Bellingham","State Road","State Patrol","INTERSTATE 5        ","SUNSET WAY          ","","256.100","N","N","Clear","Daylight","No Injury Collision","","Concrete/Jersey Barrier","Y","N","2","Y","N","N","0","0"
"EC39320","4/13/2022 5:24:00 PM","Whatcom","Bellingham","State Road","State Patrol","SR 542              ","MARSHALL HILL ROAD  ","16    ","","N","N","Overcast","Daylight","Minor Injury Collision","","Tree or Stump","Y","N","1","N","N","N","0","0"
"EC37200","4/14/2022 4:08:00 PM","Whatcom","Bellingham","State Road","State Patrol","SR 539              ","SR 544              ","","7.400","N","Y","Clear","Daylight","No Injury Collision","","","Y","N","3","N","N","N","0","0"