"Collision Report Number","Collision Date","County","City","Jurisdiction","Agency","Primary Trafficway","Secondary Trafficway","Block Number","Mile Post","School Zone","Intersection Related","Weather Condition","Lighting Condition","Injury Severity","Collision Type","Object Struck","Damage Threshold Met","Hit and Run","Motor Vehicles Involved","Passengers Involved","Commercial Carrier Involved","School Bus Involved","Pedestrians Involved","Pedalcyclists Involved"
"EC38605","4/15/2022 1:06:00 PM","Whatcom","Bellingham","State Road","State Patrol","I 5                 ","SUNSET              ","","255.000","N","N","Overcast","Daylight","No Injury Collision","","","Y","N","2","N","N","N","0","0"
"EC39321","4/15/2022 5:19:00 PM","Whatcom","Ferndale","State Road","State Patrol","I 5                 ","SLATER ROAD         ","","260.000","N","Y","Clear","Daylight","No Injury Collision","","","Y","N","2","Y","N","N","0","0"
"EC39319","4/15/2022 7:05:00 PM","Whatcom","Lynden","State Road","State Patrol","SR 539              ","RIVER RD            ","","10.130","N","N","Overcast","Daylight","No Injury Collision","","Curb","N","N","2","N","N","N","0","0"
"EC39319","4/15/2022 7:05:00 PM","Whatcom","Lynden","State Road","State Patrol","SR 539              ","RIVER RD            ","","10.130","N","N","Overcast","Daylight","No Injury Collision","","Curb","Y","N","2","N","N","N","0","0"
"EC39322","4/15/2022 9:14:00 PM","Whatcom","Ferndale","State Road","State Patrol","I 5                 ","SLATER ROAD         ","","260.000","N","Y","Clear","Dark-No Street Lights","No Injury Collision","","","Y","N","2","Y","N","N","0","0"
"EC39325","4/15/2022 10:42:00 PM","Whatcom","Blaine","State Road","State Patrol","I 5                 ","LOOMIS TRAIL ROAD   ","","271.880","N","N","Overcast","Dark-No Street Lights","Minor Injury Collision","","","Y","N","1","N","N","N","0","0"
"EC40073","4/15/2022 10:42:00 PM","Whatcom","Blaine","State Road","State Patrol","I 5                 ","LOOMIS TRAIL RD     ","","271.880","N","N","Overcast","Dark-No Street Lights","No Injury Collision","","","Y","N","2","Y","N","N","0","0"
"EC40422","4/16/2022 3:40:00 PM","Whatcom","Bellingham","State Road","State Patrol","SR 542              ","BELL CREEK RD       ","","17.700","N","N","Overcast","Daylight","No Injury Collision","","Guardrail and sign","Y","N","1","N","N","N","0","0"
"EC39324","4/16/2022 6:30:00 PM","Whatcom","Blaine","State Road","State Patrol","I-5                 ","BIRCH BAY LYNDEN RD ","","270.230","N","N","Clear","Daylight","Unknown Injury Collision","","Guardrail","Y","N","1","N","N","N","0","0"
"EC39326","4/18/2022 6:32:00 PM","Whatcom","Bellingham","State Road","State Patrol","I 5                 ","SUNSET              ","","255.000","N","N","Raining","Daylight","No Injury Collision","","","Y","N","2","N","N","N","0","0"
"EC39541","4/19/2022 3:33:00 PM","Whatcom","Bellingham","State Road","State Patrol","SR 542              ","E SMITH RD          ","","8.280","N","N","Clear","Daylight","No Injury Collision","","","Y","N","2","N","N","N","0","0"
"EC40423","4/20/2022 5:11:00 AM","Whatcom","Bellingham","State Road","State Patrol","I 5                 ","SUNSET DR           ","","255.250","N","N","Clear","Dark-Street Lights On","Minor Injury Collision","","Guardrail","Y","N","1","N","N","N","0","0"
"EC42711","4/22/2022 4:20:00 PM","Whatcom","Blaine","State Road","State Patrol","SR 548              ","ANDERSON RD         ","","7.700","N","N","Overcast","Daylight","No Injury Collision","","","Y","N","2","N","N","N","0","0"
"EC41524","4/25/2022 2:58:00 PM","Whatcom","Bellingham","State Road","State Patrol","I 5                 ","SR 539              ","","256.100","N","N","Overcast","Daylight","No Injury Collision","","","Y","N","3","N","N","N","0","0"
"EC46585","4/25/2022 4:04:00 PM","Whatcom","Everson","State Road","State Patrol","SR 544              ","EVERSON GOSHEN RD   ","","5.100","N","Y","Clear","Daylight","No Injury Collision","","","Y","N","2","Y","Y","N","0","0"
"EC41637","4/25/2022 7:12:00 PM","Whatcom","Bellingham","State Road","State Patrol","I 5                 ","SUNSET              ","","255.000","N","Y","Overcast","Daylight","No Injury Collision","","","Y","N","2","Y","N","N","0","0"
"EC41525","4/26/2022 12:20:00 PM","Whatcom","Bellingham","State Road","State Patrol","I 5                 ","BAKERVIEW           ","","258.000","N","N","Overcast","Daylight","No Injury Collision","","Cable Barrier","Y","N","1","Y","N","N","0","0"
"EC41635","4/26/2022 4:46:00 PM","Whatcom","Ferndale","State Road","State Patrol","I 5                 ","PORTAL WAY          ","","263.000","N","N","Clear","Daylight","No Injury Collision","","","N","Y","2","N","N","N","0","0"
"EC41635","4/26/2022 4:46:00 PM","Whatcom","Ferndale","State Road","State Patrol","I 5                 ","PORTAL WAY          ","","263.000","N","N","Clear","Daylight","No Injury Collision","","","Y","Y","2","N","N","N","0","0"
"EC42710","4/27/2022 8:34:00 AM","Whatcom","Bellingham","State Road","State Patrol","I 5                 ","SUNSET              ","","255.250","N","N","Clear","Daylight","No Injury Collision","","Fence","Y","N","1","N","N","N","0","0"
"EC41526","4/27/2022 9:57:00 AM","Whatcom","Ferndale","State Road","State Patrol","I 5                 ","BIRCH BAY LYNDEN RD ","","268.800","N","N","Sleet or Hail or Freezing Rain","Daylight","No Injury Collision","","old barbed wire fence","Y","N","1","N","N","N","0","0"
"EC42713","4/27/2022 3:10:00 PM","Whatcom","Blaine","State Road","State Patrol","I 5                 ","LOOMIS TRAIL RD     ","","273.200","N","N","Overcast","Daylight","No Injury Collision","","Debris","N","N","2","N","N","N","0","0"
"EC42713","4/27/2022 3:10:00 PM","Whatcom","Blaine","State Road","State Patrol","I 5                 ","LOOMIS TRAIL RD     ","","273.200","N","N","Overcast","Daylight","No Injury Collision","","Debris","Y","N","2","N","N","N","0","0"
"EC41638","4/27/2022 6:42:00 PM","Whatcom","Ferndale","State Road","State Patrol","I 5                 ","GRANDVIEW           ","","265.800","N","N","Clear","Daylight","No Injury Collision","","CABLE BARRIER POSTS","Y","N","1","N","N","N","0","0"
"EC44175","4/28/2022 12:53:00 AM","Whatcom","Bellingham","State Road","State Patrol","SR 542              ","MARSHALL HILL RD    ","","15.800","N","N","Overcast","Dark-No Street Lights","Serious Injury Collision","","","Y","N","2","N","N","N","0","0"
"EC42712","4/29/2022 12:38:00 PM","Whatcom","Bellingham","State Road","State Patrol","SR542               ","BRITTON RD          ","","2.900","N","N","Overcast","Daylight","No Injury Collision","","","Y","N","2","N","N","N","0","0"
"EC43315","4/30/2022 6:09:00 AM","Whatcom","Bellingham","State Road","State Patrol","I 5                 ","N. LK. SAMISH       ","","246.000","N","N","Raining","Daylight","No Injury Collision","","Tree or Stump","Y","N","1","N","N","N","0","0"
"EC44171","4/30/2022 11:45:00 PM","Whatcom","Blaine","State Road","State Patrol","SR 548              ","LOOMIS TRAIL RD     ","","10.100","N","N","Overcast","Dark-No Street Lights","No Injury Collision","","Earth Bank or Ledge","Y","N","1","N","N","N","0","0"
"EC44881","5/1/2022 3:14:00 PM","Whatcom","Bellingham","State Road","State Patrol","I 5                 ","SUNSET              ","","255.100","N","N","Overcast","Daylight","No Injury Collision","","","Y","N","2","N","N","N","0","0"
"EC42714","5/2/2022 6:08:00 AM","Whatcom","Ferndale","State Road","State Patrol","I 5                 ","GRANDVIEW RD        ","","266.420","N","N","Raining","Daylight","No Injury Collision","","","Y","N","1","Y","N","N","0","0"
"EC43597","5/2/2022 1:36:00 PM","Whatcom","Bellingham","State Road","State Patrol","SR 9                ","STRAND ROAD         ","","75.100","N","N","Overcast","Daylight","No Injury Collision","","Earth Bank or Ledge","Y","N","1","N","Y","N","0","0"
"EC43314","5/3/2022 7:52:00 AM","Whatcom","Bellingham","State Road","State Patrol","SR 542              ","MARSHALL HILL RD    ","","16.430","N","N","Raining","Daylight","No Injury Collision","","ditch, rock","Y","N","1","N","N","N","0","0"
"EC45298","5/3/2022 5:22:00 PM","Whatcom","Bellingham","State Road","State Patrol","INTERSTATE 5        ","SR 539              ","","256.100","N","Y","Overcast","Daylight","Minor Injury Collision","","","Y","N","2","N","N","N","0","0"
"EC44172","5/3/2022 7:09:00 PM","Whatcom","Bellingham","State Road","State Patrol","I 5                 ","SAMISH WAY          ","","251.000","N","N","Raining","Daylight","Unknown Injury Collision","","CABLE BARRIER","Y","Y","1","N","N","N","0","0"
"EC45296","5/3/2022 8:06:00 PM","Whatcom","Bellingham","State Road","State Patrol","INTERSTATE 5        ","SAMISH WAY          ","","252.300","N","N","Overcast","Dusk","No Injury Collision","","Fence","Y","N","1","N","N","N","0","0"
"EC48655","5/4/2022 8:43:00 AM","Whatcom","Bellingham","State Road","State Patrol","I 5                 ","MERIDIAN ST         ","","256.260","N","N","Raining","Daylight","No Injury Collision","","","N","Y","4","Y","N","N","0","0"
"EC48655","5/4/2022 8:43:00 AM","Whatcom","Bellingham","State Road","State Patrol","I 5                 ","MERIDIAN ST         ","","256.260","N","N","Raining","Daylight","No Injury Collision","","","Y","Y","4","Y","N","N","0","0"
"EC44465","5/4/2022 11:33:00 AM","Whatcom","Nooksack","State Road","State Patrol","SR 9                ","SIPER RD            ","","85.100","N","Y","Overcast","Daylight","No Injury Collision","","","Y","N","2","N","N","N","0","0"
"EC44464","5/5/2022 3:00:00 PM","Whatcom","Bellingham","State Road","State Patrol","I 5                 ","LAKEWAY DRIVE       ","","253.600","N","N","Raining","Daylight","No Injury Collision","","","Y","N","2","Y","N","N","0","0"
"EC44467","5/5/2022 3:00:00 PM","Whatcom","Bellingham","State Road","State Patrol","I 5                 ","IOWA STREET         ","","253.800","N","N","Raining","Daylight","No Injury Collision","","","Y","N","2","N","Y","N","0","0"
"EC44880","5/5/2022 3:01:00 PM","Whatcom","Bellingham","State Road","State Patrol","I 5                 ","IOWA ST             ","","253.560","N","N","Raining","Daylight","Minor Injury Collision","","bridge barrier","Y","N","3","N","N","N","0","0"
"EC44466","5/5/2022 4:00:00 PM","Whatcom","Bellingham","State Road","State Patrol","I 5                 ","MERIDIAN STREET     ","","256.700","N","N","Raining","Daylight","No Injury Collision","","","Y","N","2","N","N","N","0","0"
"EC44468","5/5/2022 4:00:00 PM","Whatcom","Bellingham","State Road","State Patrol","I 5                 ","SUNSET DR           ","","255.200","N","N","Raining","Daylight","No Injury Collision","","","Y","N","2","Y","N","N","0","0"
"EC46588","5/5/2022 4:31:00 PM","Whatcom","Bellingham","State Road","State Patrol","I-5                 ","MERIDIAN ST         ","","257.000","N","N","Raining","Daylight","No Injury Collision","","","Y","N","2","Y","N","N","0","0"
"EC45299","5/5/2022 5:25:00 PM","Whatcom","Bellingham","State Road","State Patrol","INTERSTATE 5        ","SUNSET DRIVE        ","","255.500","N","N","Raining","Daylight","No Injury Collision","","","Y","N","3","N","N","N","0","0"
"EC44177","5/5/2022 6:47:00 PM","Whatcom","Bellingham","State Road","State Patrol","I 5                 ","SR 542              ","","254.600","N","N","Raining","Daylight","No Injury Collision","","","N","Y","2","Y","N","N","0","0"
"EC44177","5/5/2022 6:47:00 PM","Whatcom","Bellingham","State Road","State Patrol","I 5                 ","SR 542              ","","254.600","N","N","Raining","Daylight","No Injury Collision","","","Y","Y","2","Y","N","N","0","0"
"EC48659","5/6/2022 11:10:00 AM","Whatcom","Bellingham","State Road","State Patrol","I 5                 ","SR 11               ","","250.500","N","N","Overcast","Daylight","No Injury Collision","","Guardrail","N","N","1","N","N","N","0","0"
"EC48659","5/6/2022 11:10:00 AM","Whatcom","Bellingham","State Road","State Patrol","I 5                 ","SR 11               ","","250.500","N","N","Overcast","Daylight","No Injury Collision","","Guardrail","Y","N","1","N","N","N","0","0"
"EC44178","5/6/2022 9:16:00 PM","Whatcom","Nooksack","State Road","State Patrol","SR 542              ","SMITH RD            ","","8.870","N","Y","Overcast","Dark-Street Lights On","No Injury Collision","","","Y","N","2","Y","N","N","0","0"
"EC45302","5/6/2022 9:52:00 PM","Whatcom","Lynden","State Road","State Patrol","SR 539              ","RIVER RD            ","","9.670","N","Y","Overcast","Dark-Street Lights On","Minor Injury Collision","","stump","Y","N","1","N","N","N","0","0"
"EC46587","5/7/2022 12:08:00 PM","Whatcom","Ferndale","State Road","State Patrol","I 5                 ","GRANDVIEW           ","","264.300","N","N","Clear","Daylight","No Injury Collision","","Earth Bank or Ledge","N","N","2","Y","N","N","0","0"
"EC46587","5/7/2022 12:08:00 PM","Whatcom","Ferndale","State Road","State Patrol","I 5                 ","GRANDVIEW           ","","264.300","N","N","Clear","Daylight","No Injury Collision","","Earth Bank or Ledge","Y","N","2","Y","N","N","0","0"
"EC45300","5/8/2022 6:25:00 AM","Whatcom","Lynden","State Road","State Patrol","SR 544              ","SR 539              ","437   ","","N","N","Clear","Daylight","No Injury Collision","","Fence","Y","N","1","N","N","N","0","0"
"EC44882","5/8/2022 6:23:00 PM","Whatcom","Bellingham","State Road","State Patrol","SR 539              ","TEN MILE RD         ","","6.010","N","N","Clear","Daylight","No Injury Collision","","cement blocks","Y","N","1","Y","N","N","0","0"
"EC44879","5/9/2022 2:25:00 AM","Whatcom","Blaine","State Road","State Patrol","I 5                 ","LOOMIS TRAIL        ","","272.000","N","N","Overcast","Dark-No Street Lights","No Injury Collision","","Earth Bank or Ledge","Y","N","1","N","N","N","0","0"
"EC45303","5/9/2022 2:36:00 PM","Whatcom","Bellingham","State Road","State Patrol","I 5                 ","SR 11               ","","249.700","N","N","Clear","Daylight","No Injury Collision","","Deer","Y","N","1","Y","N","N","0","0"
"EC48657","5/9/2022 9:25:00 PM","Whatcom","Bellingham","State Road","State Patrol","I 5                 ","OLD FIRHAVEN PKWAY  ","","249.800","N","N","Overcast","Dark-No Street Lights","No Injury Collision","","","Y","Y","2","N","N","N","0","0"
"EC46586","5/10/2022 2:35:00 AM","Whatcom","Lynden","State Road","State Patrol","SRB 539             ","SR 546              ","","11.900","N","N","Overcast","Dark-No Street Lights","No Injury Collision","","Culvert","Y","N","1","N","N","N","0","0"
"EC48375","5/12/2022 3:18:00 PM","Whatcom","Ferndale","State Road","State Patrol","I 5                 ","MAIN ST             ","","262.100","N","N","Raining","Daylight","No Injury Collision","","","Y","N","2","N","N","N","0","0"
"EC46589","5/12/2022 5:18:00 PM","Whatcom","Bellingham","State Road","State Patrol","I 5                 ","SUNSET DRIVE        ","","255.000","N","N","Raining","Daylight","No Injury Collision","","","Y","N","2","N","N","N","0","0"
"EC47549","5/12/2022 5:30:00 PM","Whatcom","Bellingham","State Road","State Patrol","I 5                 ","IOWA                ","","254.000","N","N","Raining","Daylight","No Injury Collision","","","Y","N","2","N","N","N","0","0"
"EC48373","5/13/2022 3:27:00 AM","Whatcom","Sumas","State Road","State Patrol","SR 547              ","ASPEN LANE          ","8900  ","","N","N","Overcast","Dark-No Street Lights","Unknown Injury Collision","","Tree","Y","N","1","N","N","N","0","0"
"EC47466","5/13/2022 6:39:00 AM","Whatcom","Bellingham","State Road","State Patrol","I 5                 ","MERIDIAN            ","","256.000","N","Y","Clear","Daylight","No Injury Collision","","","Y","N","2","N","N","N","0","0"
"EC48378","5/14/2022 9:39:00 AM","Whatcom","Bellingham","State Road","State Patrol","I 5                 ","BAKERVIEW           ","","258.000","N","N","Raining","Daylight","No Injury Collision","","cable barrier","Y","N","1","N","N","N","0","0"
"EC47467","5/15/2022 4:41:00 PM","Whatcom","Bellingham","State Road","State Patrol","I 5                 ","BAKERVIEW RD        ","","257.600","N","Y","Raining","Daylight","No Injury Collision","","","Y","N","2","Y","N","N","0","0"
"EC46584","5/15/2022 4:50:00 PM","Whatcom","Bellingham","State Road","State Patrol","I 5                 ","NORTH LAKE SAMISH   ","","247.000","N","N","Raining","Daylight","No Injury Collision","","Tree or Stump","Y","N","1","N","N","N","0","0"
"EC48660","5/15/2022 5:41:00 PM","Whatcom","Bellingham","State Road","State Patrol","I 5                 ","N LAKE SAMISH       ","","246.000","N","N","Raining","Daylight","No Injury Collision","","","Y","N","2","Y","N","N","0","0"
"EC49662","5/16/2022 1:45:00 AM","Whatcom","Bellingham","State Road","State Patrol","I 5                 ","SAMISH WAY          ","","252.300","N","N","Overcast","Dark-Street Lights On","No Injury Collision","","","Y","Y","2","N","N","N","0","0"
"EC49487","5/16/2022 9:03:00 AM","Whatcom","Lynden","State Road","State Patrol","SR544               ","HANNEGAN RD         ","","1.970","N","Y","Overcast","Daylight","No Injury Collision","","","Y","N","2","Y","N","N","0","0"
"EC47468","5/16/2022 10:15:00 AM","Whatcom","Lynden","State Road","State Patrol","SR 546              ","SR 539              ","","","N","Y","Overcast","Daylight","Minor Injury Collision","","Traffic Signal Pole","Y","N","2","N","N","N","0","0"
"EC47468","5/16/2022 10:15:00 AM","Whatcom","Lynden","State Road","State Patrol","SR 546              ","SR 539              ","","","N","Y","Overcast","Daylight","Minor Injury Collision","","Traffic Signal Pole","N","N","2","N","N","N","0","0"
"EC47469","5/16/2022 1:51:00 PM","Whatcom","Lynden","State Road","State Patrol","SR 539              ","PRAIRIE RD          ","","13.600","N","N","Clear","Daylight","No Injury Collision","","Ditch","Y","N","1","N","N","N","0","0"
"EC48658","5/17/2022 12:48:00 AM","Whatcom","Everson","State Road","State Patrol","544                 ","VANDYK RD           ","7300  ","","N","N","Overcast","Dark-No Street Lights","No Injury Collision","","cow","Y","N","1","N","N","N","0","0"
"EC53141","5/17/2022 1:10:00 AM","Whatcom","Bellingham","State Road","State Patrol","SR 542              ","BRITTON RD          ","","2.900","N","N","Overcast","Dark-No Street Lights","No Injury Collision","","Ditch","Y","N","1","N","N","N","0","0"
"EC48656","5/17/2022 4:24:00 PM","Whatcom","Bellingham","State Road","State Patrol","I 5                 ","IOWA ST             ","","253.700","N","N","Clear","Daylight","No Injury Collision","","","Y","N","5","Y","N","N","0","0"
"EC48376","5/18/2022 7:45:00 AM","Whatcom","Bellingham","State Road","State Patrol","SR 542              ","TRUCK RD            ","","15.150","N","N","Raining","Daylight","No Injury Collision","","Earth Bank or Ledge","Y","N","1","N","Y","N","0","0"
"EC49054","5/18/2022 12:16:00 PM","Whatcom","Concrete","State Road","State Patrol","SR 20               ","LADDER CREEK LN     ","","123.900","N","N","Raining","Daylight","No Injury Collision","","Boulder","Y","N","1","N","N","N","0","0"
"EC53487","5/19/2022 8:06:00 AM","Whatcom","Lynden","State Road","State Patrol","STATE ROUTE 546     ","TRAPLINE ROAD       ","","5.700","N","N","Clear","Daylight","No Injury Collision","","","Y","N","3","N","N","N","0","0"
"EC48374","5/19/2022 10:26:00 AM","Whatcom","Bellingham","State Road","State Patrol","I 5                 ","SR 539              ","","256.100","N","N","Clear","Daylight","Minor Injury Collision","","CABLE BARRIER","Y","N","2","Y","N","N","0","0"
"EC49663","5/19/2022 4:54:00 PM","Whatcom","Bellingham","State Road","State Patrol","I 5                 ","SUNSET DR           ","","255.000","N","N","Clear","Daylight","No Injury Collision","","","Y","N","2","N","N","N","0","0"
"EC48661","5/19/2022 7:45:00 PM","Whatcom","Ferndale","State Road","State Patrol","I-5                 ","MAIN ST             ","","262.000","N","N","Clear","Daylight","Minor Injury Collision","","Earth Bank or Ledge","Y","N","1","N","N","N","0","0"
"EC48377","5/20/2022 12:50:00 PM","Whatcom","Bellingham","State Road","State Patrol","I-5                 ","MERIDIAN            ","","255.800","N","N","Clear","Daylight","No Injury Collision","","CABLE BARRIER","Y","N","1","N","N","N","0","0"
"EC48379","5/20/2022 2:06:00 PM","Whatcom","Bellingham","State Road","State Patrol","I 5                 ","SUNSET              ","","255.000","N","N","Clear","Daylight","No Injury Collision","","","Y","N","2","N","N","N","0","0"
"EC49488","5/21/2022 2:48:00 PM","Whatcom","Blaine","State Road","State Patrol","SR 548              ","LINCOLN ROAD        ","","9.950","N","Y","Clear","Daylight","No Injury Collision","","","Y","N","2","Y","N","N","0","0"
"EC49489","5/22/2022 4:58:00 AM","Whatcom","Bellingham","State Road","State Patrol","INTERSTATE 5        ","LAKEWAY DR          ","","253.000","N","N","Clear","Dawn","No Injury Collision","","","Y","N","2","N","N","N","0","0"
"EC49490","5/22/2022 11:07:00 AM","Whatcom","Blaine","State Road","State Patrol","I5                  ","SR 543              ","","275.000","N","N","Clear","Daylight","No Injury Collision","","Deer","Y","N","1","N","N","N","0","0"
"EC49491","5/23/2022 1:08:00 PM","Whatcom","Bellingham","State Road","State Patrol","I-5                 ","OHIO ST             ","","253.580","N","N","Overcast","Daylight","No Injury Collision","","Concrete/Jersey Barrier","Y","N","1","N","N","N","0","0"
"EC49491","5/23/2022 1:08:00 PM","Whatcom","Bellingham","State Road","State Patrol","I-5                 ","OHIO ST             ","","253.580","N","N","Overcast","Daylight","No Injury Collision","","Concrete/Jersey Barrier","N","N","1","N","N","N","0","0"
"EC51412","5/25/2022 12:08:00 PM","Whatcom","Sumas","State Road","State Patrol","SR547               ","BISHOP RD           ","","8.000","N","N","Overcast","Daylight","Minor Injury Collision","","Utility Pole, Tree","Y","N","1","N","N","N","0","0"
"EC51413","5/26/2022 9:52:00 AM","Whatcom","Blaine","State Road","State Patrol","I 5                 ","PEACE PORTAL DRIVE  ","","274.000","N","Y","Overcast","Daylight","No Injury Collision","","","N","N","2","N","N","N","0","0"
"EC51413","5/26/2022 9:52:00 AM","Whatcom","Blaine","State Road","State Patrol","I 5                 ","PEACE PORTAL DRIVE  ","","274.000","N","Y","Overcast","Daylight","No Injury Collision","","","Y","N","2","N","N","N","0","0"
"EC50389","5/26/2022 4:51:00 PM","Whatcom","Bellingham","State Road","State Patrol","I 5                 ","SR 539              ","","256.320","N","N","Raining","Daylight","No Injury Collision","","","Y","N","2","N","N","N","0","0"
"EC53142","5/27/2022 3:34:00 AM","Whatcom","Bellingham","State Road","State Patrol","I 5                 ","LAKEWAY DR          ","","253.170","N","N","Overcast","Dark-Street Lights On","No Injury Collision","","","Y","N","2","N","Y","N","0","0"
"EC51414","5/27/2022 10:00:00 AM","Whatcom","Bellingham","State Road","State Patrol","SR 11               ","CHUCKANUT CREST DR  ","","17.400","N","N","Overcast","Daylight","No Injury Collision","","Roadway Ditch","Y","N","1","N","N","N","0","0"
"EC53139","5/28/2022 3:26:00 AM","Whatcom","Blaine","State Road","State Patrol","I 5                 ","","","274.520","N","N","Overcast","Dark-No Street Lights","No Injury Collision","","cable barrier","Y","N","1","N","N","N","0","0"
"EC53143","5/28/2022 5:46:00 PM","Whatcom","Bellingham","State Road","State Patrol","I 5                 ","BAKERVIEW RD        ","","257.800","N","N","Raining","Daylight","No Injury Collision","","deer","Y","N","1","Y","N","N","0","0"
"EC53140","5/29/2022 5:30:00 PM","Whatcom","Blaine","State Road","State Patrol","SR 548              ","ALDERSON RD         ","","7.700","N","N","Overcast","Daylight","No Injury Collision","","ditch","Y","N","1","Y","N","N","0","0"
"EC51411","5/30/2022 12:26:00 PM","Whatcom","Bellingham","State Road","State Patrol","SR9                 ","TURKINGTON RD       ","","72.100","N","N","Overcast","Daylight","No Injury Collision","","","Y","N","2","Y","N","N","0","0"
"EC51415","5/31/2022 8:25:00 AM","Whatcom","Bellingham","State Road","State Patrol","I 5                 ","SR 542              ","","256.800","N","Y","Overcast","Daylight","No Injury Collision","","","Y","N","3","N","N","N","0","0"
"EC51415","5/31/2022 8:25:00 AM","Whatcom","Bellingham","State Road","State Patrol","I 5                 ","SR 542              ","","256.800","N","Y","Overcast","Daylight","No Injury Collision","","","N","N","3","N","N","N","0","0"
"EC52063","6/1/2022 1:41:00 PM","Whatcom","Bellingham","State Road","State Patrol","I 5                 ","SR 11               ","","248.700","N","N","Clear","Daylight","Minor Injury Collision","","Earth Bank or Ledge","N","N","2","N","Y","N","0","0"
"EC52063","6/1/2022 1:41:00 PM","Whatcom","Bellingham","State Road","State Patrol","I 5                 ","SR 11               ","","248.700","N","N","Clear","Daylight","Minor Injury Collision","","Earth Bank or Ledge","Y","N","2","N","Y","N","0","0"
"EC53491","6/1/2022 3:16:00 PM","Whatcom","Bellingham","State Road","State Patrol","SR 542              ","MITCHELL WAY        ","","13.000","N","Y","Clear","Daylight","No Injury Collision","","","Y","N","2","Y","N","N","0","0"
"EC53145","6/1/2022 4:32:00 PM","Whatcom","Everson","State Road","State Patrol","SR 544              ","EVERSON GOSHEN      ","","5.010","N","Y","Overcast","Daylight","No Injury Collision","","","Y","N","2","Y","N","N","0","0"
"EC53144","6/2/2022 1:31:00 AM","Whatcom","Bellingham","State Road","State Patrol","I 5                 ","SLATER RD           ","","259.710","N","N","Overcast","Dark-No Street Lights","No Injury Collision","","Fence","Y","N","1","N","N","N","0","0"
"EC53490","6/2/2022 1:18:00 PM","Whatcom","Bellingham","State Road","State Patrol","SR 542              ","CEDARVILLE ROAD     ","","9.550","N","Y","Clear","Daylight","No Injury Collision","","mailbox, power pole,","Y","N","1","N","N","N","0","0"
"EC53146","6/2/2022 9:22:00 PM","Whatcom","Bellingham","State Road","State Patrol","I 5                 ","ALABAMA ST          ","","254.450","N","N","Clear","Dark-Street Lights On","No Injury Collision","","concrete wall","Y","N","1","N","N","N","0","0"
"EC55760","6/3/2022 8:07:00 AM","Whatcom","Bellingham","State Road","State Patrol","I-5                 ","MERIDIAN ST         ","","256.400","N","N","Raining","Daylight","No Injury Collision","","Guardrail","Y","N","1","N","N","N","0","0"
"EC53488","6/3/2022 12:33:00 PM","Whatcom","Sedro-Woolley","State Road","State Patrol","SR 9                ","OLD STONE WAY       ","","71.030","N","N","Raining","Daylight","No Injury Collision","","Earth Bank or Ledge","Y","N","1","N","N","N","0","0"
"EC53377","6/3/2022 3:04:00 PM","Whatcom","Concrete","State Road","State Patrol","SR 20               ","DIABLO ST           ","","126.900","N","N","Raining","Daylight","No Injury Collision","","","N","N","3","Y","N","N","0","0"
"EC53377","6/3/2022 3:04:00 PM","Whatcom","Concrete","State Road","State Patrol","SR 20               ","DIABLO ST           ","","126.900","N","N","Raining","Daylight","No Injury Collision","","","Y","N","3","Y","N","N","0","0"
"EC53489","6/5/2022 9:13:00 AM","Whatcom","Bellingham","State Road","State Patrol","STATE ROUTE 539     ","W KING TUT ROAD     ","","6.000","N","N","Overcast","Daylight","Unknown Injury Collision","","Roadway Ditch","Y","Y","1","N","N","N","0","0"
"EC52867","6/5/2022 12:12:00 PM","Whatcom","Bellingham","State Road","State Patrol","INTERSTATE 5        ","ALABAMA ST          ","","254.100","N","N","Raining","Daylight","No Injury Collision","","Guardrail","Y","N","2","Y","N","N","0","0"
"EC52866","6/5/2022 12:41:00 PM","Whatcom","Bellingham","State Road","State Patrol","I 5                 ","IOWA ST             ","","253.800","N","N","Raining","Daylight","No Injury Collision","","","Y","N","2","Y","N","N","0","0"
"EC52869","6/5/2022 12:45:00 PM","Whatcom","Bellingham","State Road","State Patrol","INTERSTATE 5        ","OHIO ST.            ","","254.100","N","N","Raining","Daylight","No Injury Collision","","","Y","N","2","N","N","N","0","0"
"EC52865","6/5/2022 1:21:00 PM","Whatcom","Bellingham","State Road","State Patrol","I 5                 ","SR 539              ","","256.200","N","N","Raining","Daylight","No Injury Collision","","","Y","N","2","N","N","N","0","0"
"EC52868","6/5/2022 3:57:00 PM","Whatcom","Ferndale","State Road","State Patrol","SR 548              ","VISTA DR            ","","0.900","N","N","Raining","Daylight","Minor Injury Collision","","Roadway Ditch","Y","N","2","Y","Y","N","0","0"
"EC53492","6/5/2022 4:26:00 PM","Whatcom","Nooksack","State Road","State Patrol","STATE ROUTE 9       ","POTTER ROAD         ","","77.000","N","N","Raining","Daylight","No Injury Collision","","Traffic cone","Y","N","2","N","N","N","0","0"
"EC53492","6/5/2022 4:26:00 PM","Whatcom","Nooksack","State Road","State Patrol","STATE ROUTE 9       ","POTTER ROAD         ","","77.000","N","N","Raining","Daylight","No Injury Collision","","Traffic cone","N","N","2","N","N","N","0","0"