"Collision Report Number","Collision Date","County","City","Jurisdiction","Agency","Primary Trafficway","Secondary Trafficway","Block Number","Mile Post","School Zone","Intersection Related","Weather Condition","Lighting Condition","Injury Severity","Collision Type","Object Struck","Damage Threshold Met","Hit and Run","Motor Vehicles Involved","Passengers Involved","Commercial Carrier Involved","School Bus Involved","Pedestrians Involved","Pedalcyclists Involved"
"EC52870","6/6/2022 5:06:00 AM","Whatcom","Bellingham","State Road","State Patrol","I 5                 ","LAKEWAY             ","","253.100","N","N","Overcast","Daylight","No Injury Collision","","Guardrail","Y","N","1","N","N","N","0","0"
"EC55763","6/6/2022 1:23:00 PM","Whatcom","Nooksack","State Road","State Patrol","STATE ROUTE 9       ","POTTER ROAD         ","","76.000","N","N","Overcast","Unknown","Unknown Injury Collision","","Tree or Stump","Y","Y","1","N","N","N","0","0"
"EC53486","6/7/2022 9:30:00 AM","Whatcom","Bellingham","State Road","State Patrol","SR 539              ","LAUREL RD           ","","5.100","N","N","Clear","Daylight","No Injury Collision","","","Y","N","2","Y","N","N","0","0"
"EC54422","6/7/2022 5:15:00 PM","Whatcom","Bellingham","State Road","State Patrol","SR 542              ","FINSRUD RD          ","","11.050","N","N","Overcast","Daylight","No Injury Collision","","railway crossing arm","Y","Y","1","N","N","N","0","0"
"EC54422","6/7/2022 5:15:00 PM","Whatcom","Bellingham","State Road","State Patrol","SR 542              ","FINSRUD RD          ","","11.050","N","N","Overcast","Daylight","No Injury Collision","","railway crossing arm","N","Y","1","N","N","N","0","0"
"EC54424","6/7/2022 7:06:00 PM","Whatcom","Blaine","State Road","State Patrol","I 5                 ","LOOMIS TRAIL        ","","271.000","N","N","Clear","Daylight","No Injury Collision","","deer","Y","N","1","N","N","N","0","0"
"EC54421","6/7/2022 7:25:00 PM","Whatcom","Bellingham","State Road","State Patrol","SR 542              ","SR 547              ","","22.880","N","N","Raining","Daylight","No Injury Collision","","sign post","Y","Y","1","N","N","N","0","0"
"EC60146","6/8/2022 10:05:00 AM","Whatcom","Nooksack","State Road","State Patrol","SR 9                ","STRAND RD           ","","75.400","N","N","Overcast","Daylight","No Injury Collision","","Power Pole","Y","N","1","N","N","N","0","0"
"EC55759","6/8/2022 12:15:00 PM","Whatcom","Nooksack","State Road","State Patrol","SR 542              ","CEDARVILLE ROAD     ","","9.600","N","N","Clear","Daylight","Minor Injury Collision","","","Y","N","2","N","N","N","0","0"
"EC54423","6/8/2022 5:20:00 PM","Whatcom","Nooksack","State Road","State Patrol","SR 542              ","MOSQUITO LK ROAD    ","","17.000","N","N","Clear","Daylight","No Injury Collision","","","Y","N","3","Y","N","N","0","0"
"EC55761","6/9/2022 6:10:00 AM","Whatcom","Bellingham","State Road","State Patrol","SR 542              ","BRITTON ROAD        ","1510  ","","N","N","Overcast","Daylight","No Injury Collision","","POLE","Y","N","1","N","N","N","0","0"
"EC55892","6/9/2022 7:00:00 AM","Whatcom","Bellingham","State Road","State Patrol","I 5                 ","NORTHWEST           ","","256.900","N","N","Raining","Daylight","No Injury Collision","","GUARDRAIL AND CABLE BARRIER","Y","N","1","N","N","N","0","0"
"EC61839","6/9/2022 7:08:00 AM","Whatcom","Bellingham","State Road","State Patrol","I-5                 ","NORTHWEST DR        ","","257.000","N","N","Raining","Daylight","No Injury Collision","","","N","N","2","Y","N","N","0","0"
"EC61839","6/9/2022 7:08:00 AM","Whatcom","Bellingham","State Road","State Patrol","I-5                 ","NORTHWEST DR        ","","257.000","N","N","Raining","Daylight","No Injury Collision","","","Y","N","2","Y","N","N","0","0"
"EC55764","6/9/2022 1:00:00 PM","Whatcom","Bellingham","State Road","State Patrol","I 5                 ","MERIDIAN            ","","256.000","N","Y","Raining","Daylight","No Injury Collision","","Guardrail","N","N","1","N","N","N","0","0"
"EC55764","6/9/2022 1:00:00 PM","Whatcom","Bellingham","State Road","State Patrol","I 5                 ","MERIDIAN            ","","256.000","N","Y","Raining","Daylight","No Injury Collision","","Guardrail","Y","N","1","N","N","N","0","0"
"EC55766","6/9/2022 2:45:00 PM","Whatcom","Bellingham","State Road","State Patrol","I 5                 ","IOWA STREET         ","","254.000","N","N","Raining","Daylight","No Injury Collision","","","Y","N","2","N","Y","N","0","0"
"EC55770","6/9/2022 2:54:00 PM","Whatcom","Bellingham","State Road","State Patrol","I-5                 ","LAKEWAY DR          ","","253.000","N","N","Raining","Daylight","No Injury Collision","","","Y","N","2","Y","N","N","0","0"
"EC55771","6/9/2022 2:54:00 PM","Whatcom","Bellingham","State Road","State Patrol","I-5                 ","LAKEWAY DR          ","","253.000","N","N","Raining","Daylight","No Injury Collision","","","Y","N","2","Y","N","N","0","0"
"EC56723","6/9/2022 2:56:00 PM","Whatcom","Everson","State Road","State Patrol","SR 9                ","SR 546              ","8675  ","","N","N","Raining","Daylight","No Injury Collision","","Roadway Ditch","Y","N","1","N","N","N","0","0"
"EC55765","6/9/2022 3:13:00 PM","Whatcom","Bellingham","State Road","State Patrol","I-5                 ","IOWA ST             ","","254.000","N","N","Raining","Daylight","No Injury Collision","","Guardrail","N","N","2","N","N","N","0","0"
"EC55765","6/9/2022 3:13:00 PM","Whatcom","Bellingham","State Road","State Patrol","I-5                 ","IOWA ST             ","","254.000","N","N","Raining","Daylight","No Injury Collision","","Guardrail","Y","N","2","N","N","N","0","0"
"EC55769","6/9/2022 3:54:00 PM","Whatcom","Ferndale","State Road","State Patrol","I-5                 ","SLATER RD           ","","260.000","N","N","Raining","Daylight","No Injury Collision","","","Y","N","2","N","N","N","0","0"
"EC62523","6/9/2022 4:14:00 PM","Whatcom","Nooksack","State Road","State Patrol","SR 9                ","SIPER RD            ","","86.000","N","N","Overcast","Daylight","Minor Injury Collision","","","Y","N","2","N","Y","N","0","0"
"EC54425","6/9/2022 5:49:00 PM","Whatcom","Bellingham","State Road","State Patrol","I 5                 ","STATE ST            ","","254.100","N","N","Raining","Daylight","No Injury Collision","","","Y","N","2","N","N","N","0","0"
"EC54428","6/9/2022 6:35:00 PM","Whatcom","Bellingham","State Road","State Patrol","I 5                 ","SLATER RD           ","","259.850","N","N","Raining","Daylight","Minor Injury Collision","","ditch","Y","N","1","N","N","N","0","0"
"EC55767","6/10/2022 4:42:00 PM","Whatcom","Bellingham","State Road","State Patrol","I 5                 ","SAMISH WAY          ","","252.000","N","N","Overcast","Daylight","No Injury Collision","","Cable Barrier","Y","N","1","N","Y","N","0","0"
"EC55623","6/10/2022 4:47:00 PM","Whatcom","Bellingham","State Road","State Patrol","I 5                 ","SUNSET DR           ","","254.600","N","N","Raining","Daylight","No Injury Collision","","","Y","N","3","N","N","N","0","0"
"EC55622","6/10/2022 6:01:00 PM","Whatcom","Bellingham","State Road","State Patrol","I 5                 ","SAMISH WAY          ","","252.500","N","N","Raining","Daylight","No Injury Collision","","","N","N","2","Y","N","N","0","0"
"EC55622","6/10/2022 6:01:00 PM","Whatcom","Bellingham","State Road","State Patrol","I 5                 ","SAMISH WAY          ","","252.500","N","N","Raining","Daylight","No Injury Collision","","","Y","N","2","Y","N","N","0","0"
"EC54427","6/10/2022 10:10:00 PM","Whatcom","Everson","State Road","State Patrol","SR 544              ","HANNEGAN RD         ","","2.500","N","N","Raining","Dark-No Street Lights","No Injury Collision","","PHONE POLE","Y","N","1","N","N","N","0","0"
"EC54429","6/11/2022 1:31:00 AM","Whatcom","Blaine","State Road","State Patrol","I 5                 ","BIRCH BAY LYNDEN RD ","","271.500","N","N","Raining","Dark-No Street Lights","No Injury Collision","","Bushes","N","N","1","N","Y","N","0","0"
"EC55768","6/11/2022 2:02:00 PM","Whatcom","Sumas","State Road","State Patrol","SR 547              ","REESE HILL RD       ","","5.000","N","N","Clear","Daylight","Unknown Injury Collision","","Stump","Y","N","1","N","N","N","0","0"
"EC60147","6/11/2022 2:12:00 PM","Whatcom","Bellingham","State Road","State Patrol","STATE ROUTE 539     ","AXTON ROAD          ","","4.000","N","N","Clear","Daylight","No Injury Collision","","","Y","N","2","N","N","N","0","0"
"EC55624","6/12/2022 6:32:00 PM","Whatcom","Ferndale","State Road","State Patrol","I 5                 ","MAIN ST             ","","262.570","N","N","Overcast","Daylight","No Injury Collision","","Metal Sign Post","Y","N","1","Y","N","N","0","0"
"EC56724","6/14/2022 4:15:00 PM","Whatcom","Bellingham","State Road","State Patrol","I5                  ","MERIDIAN STREET     ","","256.200","N","N","Clear","Daylight","No Injury Collision","","","N","N","2","Y","N","N","0","0"
"EC56724","6/14/2022 4:15:00 PM","Whatcom","Bellingham","State Road","State Patrol","I5                  ","MERIDIAN STREET     ","","256.200","N","N","Clear","Daylight","No Injury Collision","","","Y","N","2","Y","N","N","0","0"
"EC56626","6/15/2022 5:15:00 PM","Whatcom","Bellingham","State Road","State Patrol","I 5                 ","IOWA STREET         ","","254.000","N","N","Overcast","Daylight","No Injury Collision","","","N","N","2","Y","N","N","0","0"
"EC56626","6/15/2022 5:15:00 PM","Whatcom","Bellingham","State Road","State Patrol","I 5                 ","IOWA STREET         ","","254.000","N","N","Overcast","Daylight","No Injury Collision","","","Y","N","2","Y","N","N","0","0"
"ED02764","6/15/2022 6:19:00 PM","Whatcom","Ferndale","State Road","State Patrol","SR 548              ","BLAINE RD           ","","5.980","N","Y","Overcast","Daylight","No Injury Collision","","Street Light Pole","N","N","1","N","N","N","0","0"
"ED02764","6/15/2022 6:19:00 PM","Whatcom","Ferndale","State Road","State Patrol","SR 548              ","BLAINE RD           ","","5.980","N","Y","Overcast","Daylight","No Injury Collision","","Street Light Pole","Y","N","1","N","N","N","0","0"
"EC56625","6/15/2022 10:37:00 PM","Whatcom","Bellingham","State Road","State Patrol","I 5                 ","NORTHWEST DRIVE     ","","257.700","N","N","Clear","Dark-Street Lights On","No Injury Collision","","","Y","N","2","N","N","N","0","0"
"EC56725","6/16/2022 11:13:00 AM","Whatcom","Bellingham","State Road","State Patrol","I 5                 ","SUNSET DRIVE        ","","255.000","N","N","Overcast","Daylight","Minor Injury Collision","","","Y","N","2","N","Y","N","0","0"
"EC56725","6/16/2022 11:13:00 AM","Whatcom","Bellingham","State Road","State Patrol","I 5                 ","SUNSET DRIVE        ","","255.000","N","N","Overcast","Daylight","Minor Injury Collision","","","N","N","2","N","Y","N","0","0"
"EC60149","6/16/2022 12:21:00 PM","Whatcom","Blaine","State Road","State Patrol","I 5                 ","PORTAL WAY          ","","274.000","N","N","Clear","Daylight","No Injury Collision","","Cable Barrier","N","N","3","N","Y","N","0","0"
"EC60149","6/16/2022 12:21:00 PM","Whatcom","Blaine","State Road","State Patrol","I 5                 ","PORTAL WAY          ","","274.000","N","N","Clear","Daylight","No Injury Collision","","Cable Barrier","Y","N","3","N","Y","N","0","0"
"EC56627","6/16/2022 8:37:00 PM","Whatcom","Bellingham","State Road","State Patrol","I 5                 ","LAKEWAY DR          ","","252.650","N","N","Overcast","Daylight","No Injury Collision","","Guardrail","Y","N","1","Y","N","N","0","0"
"EC57365","6/17/2022 12:11:00 AM","Whatcom","Bellingham","State Road","State Patrol","I 5                 ","SAMISH WAY          ","","252.320","N","N","Overcast","Dark-Street Lights Off","No Injury Collision","","deer","Y","N","1","Y","N","N","0","0"
"EC56726","6/17/2022 5:39:00 AM","Whatcom","Bellingham","State Road","State Patrol","I-5                 ","SR 11               ","","251.000","N","N","Overcast","Daylight","No Injury Collision","","deer","Y","N","1","N","N","N","0","0"
"EC60148","6/17/2022 10:50:00 AM","Whatcom","Bellingham","State Road","State Patrol","SR 542              ","W VAN WYCK ROAD     ","1825  ","","N","N","Overcast","Daylight","No Injury Collision","","Mailbox","Y","N","1","N","N","N","0","0"
"EC59315","6/17/2022 5:00:00 PM","Whatcom","Bellingham","State Road","State Patrol","I 5                 ","SR 11               ","","249.910","N","N","Clear","Daylight","No Injury Collision","","","N","Y","2","N","N","N","0","0"
"EC66258","6/19/2022 1:30:00 AM","Whatcom","Bellingham","State Road","State Patrol","SR 542              ","CASEY RD            ","","25.000","N","N","Other","Dark-No Street Lights","No Injury Collision","","Tree or Stump","Y","N","1","N","N","N","0","0"
"EC64209","6/19/2022 4:40:00 PM","Whatcom","Bellingham","State Road","State Patrol","I 5                 ","BAKERVIEW           ","","257.800","N","N","Overcast","Daylight","No Injury Collision","","","Y","N","2","N","N","N","0","0"
"EC60760","6/20/2022 9:37:00 AM","Whatcom","Ferndale","State Road","State Patrol","I 5                 ","MAIN STREET         ","","262.000","N","N","Clear","Daylight","Minor Injury Collision","","","Y","N","2","N","Y","N","0","0"
"EC59318","6/20/2022 6:11:00 PM","Whatcom","Bellingham","State Road","State Patrol","I 5                 ","SUNSET DRIVE        ","","254.500","N","N","Clear","Daylight","No Injury Collision","","Concrete/Jersey Barrier","N","N","2","N","N","N","0","0"
"EC59318","6/20/2022 6:11:00 PM","Whatcom","Bellingham","State Road","State Patrol","I 5                 ","SUNSET DRIVE        ","","254.500","N","N","Clear","Daylight","No Injury Collision","","Concrete/Jersey Barrier","Y","N","2","N","N","N","0","0"
"EC59316","6/20/2022 7:21:00 PM","Whatcom","Nooksack","State Road","State Patrol","SR 542              ","MOSQUITO LAKE RD    ","","16.990","N","N","Overcast","Daylight","Minor Injury Collision","","Tree or Stump","Y","N","1","N","N","N","0","0"
"EC60944","6/22/2022 5:25:00 PM","Whatcom","Ferndale","State Road","State Patrol","SR 548              ","SALASHAN PKWY       ","2393  ","","N","N","Overcast","Daylight","No Injury Collision","","","Y","N","2","N","N","N","0","0"
"EC58388","6/22/2022 5:52:00 PM","Whatcom","Bellingham","State Road","State Patrol","SR 542              ","MP 11               ","","10.000","N","N","Clear","Daylight","No Injury Collision","","","Y","N","2","Y","N","N","0","0"
"EC60150","6/23/2022 11:33:00 AM","Whatcom","Ferndale","State Road","State Patrol","I 5                 ","MAIN STREET         ","","262.000","N","N","Clear","Daylight","No Injury Collision","","","Y","N","2","N","N","N","0","0"
"EC59319","6/24/2022 10:07:00 AM","Whatcom","Bellingham","State Road","State Patrol","I 5                 ","SUNSET DR           ","","255.000","N","N","Clear","Daylight","No Injury Collision","","","Y","N","2","N","N","N","0","0"
"EC61840","6/24/2022 2:20:00 PM","Whatcom","Bellingham","State Road","State Patrol","I-5                 ","LAKEWAY DR          ","","253.000","N","N","Clear","Daylight","No Injury Collision","","Guardrail and Cable Barrier","Y","N","1","N","N","N","0","0"
"EC60151","6/24/2022 2:27:00 PM","Whatcom","Bellingham","State Road","State Patrol","I 5                 ","SAMISH WAY          ","","252.000","N","N","Clear","Daylight","Minor Injury Collision","","Cable Barrier","Y","N","1","N","N","N","0","0"
"EC59320","6/24/2022 2:58:00 PM","Whatcom","Bellingham","State Road","State Patrol","I 5                 ","SUNSET DR           ","","255.220","N","N","Clear","Daylight","Minor Injury Collision","","","Y","N","4","Y","N","N","0","0"
"EC60152","6/25/2022 1:53:00 PM","Whatcom","Nooksack","State Road","State Patrol","SR 9                ","SIPER ROAD          ","","85.200","N","N","Clear","Daylight","No Injury Collision","","Utility Pole / Fence","Y","N","1","N","Y","N","0","0"
"EC60153","6/25/2022 2:09:00 PM","Whatcom","Ferndale","State Road","State Patrol","I 5                 ","PORTAL WAY          ","","263.000","N","N","Clear","Daylight","No Injury Collision","","Tree or Stump","Y","N","1","N","N","N","0","0"
"EC60945","6/26/2022 7:05:00 PM","Whatcom","Bellingham","State Road","State Patrol","I 5                 ","SR 539              ","","255.750","N","N","Clear","Daylight","No Injury Collision","","cable barrier","N","Y","3","N","N","N","0","0"
"EC60945","6/26/2022 7:05:00 PM","Whatcom","Bellingham","State Road","State Patrol","I 5                 ","SR 539              ","","255.750","N","N","Clear","Daylight","No Injury Collision","","cable barrier","Y","Y","3","N","N","N","0","0"
"EC60942","6/26/2022 9:33:00 PM","Whatcom","Blaine","State Road","State Patrol","I 5                 ","BIRCH BAY LYNDEN RD ","","270.850","N","N","Clear","Dusk","No Injury Collision","","deer","Y","N","1","Y","N","N","0","0"
"EC60947","6/26/2022 9:33:00 PM","Whatcom","Blaine","State Road","State Patrol","I 5                 ","BIRCH BAY LYNDEN RD ","","270.850","N","N","Clear","Dusk","No Injury Collision","","deer","Y","N","1","Y","N","N","0","0"
"EC60154","6/27/2022 12:50:00 PM","Whatcom","Blaine","State Road","State Patrol","SR 548              ","BIRCH BAY LYNDEN RD ","","8.960","N","Y","Clear","Daylight","No Injury Collision","","","Y","N","2","N","Y","N","0","0"
"EC60154","6/27/2022 12:50:00 PM","Whatcom","Blaine","State Road","State Patrol","SR 548              ","BIRCH BAY LYNDEN RD ","","8.960","N","Y","Clear","Daylight","No Injury Collision","","","N","N","2","N","Y","N","0","0"
"EC60014","6/27/2022 5:35:00 PM","Whatcom","Ferndale","State Road","State Patrol","I 5                 ","LYNDEN BIRCH BAY    ","","268.900","N","N","Overcast","Daylight","No Injury Collision","","","Y","N","2","N","Y","N","0","0"
"EC60762","6/29/2022 7:30:00 AM","Whatcom","Bellingham","State Road","State Patrol","I 5                 ","SLATER RD           ","","259.000","N","N","Overcast","Daylight","No Injury Collision","","","Y","N","2","N","N","N","0","0"
"EC60946","6/30/2022 8:23:00 PM","Whatcom","Bellingham","State Road","State Patrol","I 5                 ","LAKEWAY DR          ","","253.000","N","N","Clear","Daylight","Fatal Collision","","Guardrail, Cement Barrier","Y","N","2","Y","N","N","0","0"
"EC64208","7/1/2022 10:14:00 AM","Whatcom","Bellingham","State Road","State Patrol","I-5                 ","SUNSET              ","","254.700","N","N","Clear","Daylight","No Injury Collision","","","Y","N","2","N","N","N","0","0"
"EC62525","7/1/2022 6:10:00 PM","Whatcom","Lynden","State Road","State Patrol","SR 539              ","MERIDIAN MEADOWS LN ","","7.100","N","N","Overcast","Daylight","No Injury Collision","","Ditch","Y","N","1","N","N","N","0","0"
"EC60954","7/2/2022 6:12:00 PM","Whatcom","Ferndale","State Road","State Patrol","I 5                 ","MP 268              ","","268.220","N","N","Clear","Daylight","No Injury Collision","","Wood Sign Post","N","N","1","N","N","N","0","0"
"EC60954","7/2/2022 6:12:00 PM","Whatcom","Ferndale","State Road","State Patrol","I 5                 ","MP 268              ","","268.220","N","N","Clear","Daylight","No Injury Collision","","Wood Sign Post","Y","N","1","N","N","N","0","0"
"EC62526","7/2/2022 7:18:00 PM","Whatcom","Nooksack","State Road","State Patrol","SR 9                ","MOSQUITO LAKE RD    ","","73.190","N","N","Clear","Daylight","No Injury Collision","","metal fence, mailbox","Y","N","1","N","N","N","0","0"
"EC62524","7/2/2022 7:42:00 PM","Whatcom","Blaine","State Road","State Patrol","SR 548              ","DRAYTON HARBOR RD   ","","10.850","N","Y","Clear","Daylight","No Injury Collision","","","Y","N","1","N","N","N","0","0"
"EC62529","7/2/2022 11:15:00 PM","Whatcom","Bellingham","State Road","State Patrol","I 5                 ","SR 539              ","","256.260","N","N","Clear","Dark-Street Lights On","No Injury Collision","","sign","Y","N","1","N","N","N","0","0"
"EC62528","7/3/2022 11:40:00 AM","Whatcom","Bellingham","State Road","State Patrol","SR539               ","SMITH RD            ","","3.500","N","N","Raining","Daylight","No Injury Collision","","","Y","N","4","N","N","N","0","0"
"EC66257","7/3/2022 9:08:00 PM","Whatcom","Everson","State Road","State Patrol","SR 544              ","EVERSON GOSHEN RD   ","","5.100","N","Y","Overcast","Dark-Street Lights On","No Injury Collision","","Over Embankment","N","N","1","N","N","N","0","0"
"EC66257","7/3/2022 9:08:00 PM","Whatcom","Everson","State Road","State Patrol","SR 544              ","EVERSON GOSHEN RD   ","","5.100","N","Y","Overcast","Dark-Street Lights On","No Injury Collision","","Over Embankment","Y","N","1","N","N","N","0","0"
"EC64210","7/4/2022 6:55:00 PM","Whatcom","Bellingham","State Road","State Patrol","I-5                 ","BAKERVIEW RD        ","","257.000","N","N","Clear","Daylight","No Injury Collision","","Guardrail","Y","N","1","N","N","N","0","0"
"EC62530","7/5/2022 5:03:00 AM","Whatcom","Lynden","State Road","State Patrol","SR 539              ","SR 544              ","","8.570","N","Y","Overcast","Dawn","No Injury Collision","","","Y","N","2","N","N","N","0","0"
"EC62531","7/5/2022 1:41:00 PM","Whatcom","Nooksack","State Road","State Patrol","SR 9                ","STRAND ROAD         ","","75.000","N","N","Clear","Daylight","Serious Injury Collision","","","Y","N","1","N","N","N","0","0"
"EC64212","7/6/2022 5:55:00 PM","Whatcom","Lynden","State Road","State Patrol","SR 539              ","SR544               ","","7.510","N","Y","Overcast","Daylight","Minor Injury Collision","","","Y","N","2","Y","N","N","0","0"
"EC62527","7/7/2022 11:42:00 AM","Whatcom","Nooksack","State Road","State Patrol","SR 9                ","LINDSAY RD          ","","92.370","N","Y","Clear","Daylight","No Injury Collision","","","Y","N","2","N","N","N","0","0"
"EC62532","7/7/2022 1:35:00 PM","Whatcom","Bellingham","State Road","State Patrol","SR 542              ","BELLIS CREEK RD     ","","18.000","N","N","Overcast","Daylight","Minor Injury Collision","","","Y","N","1","N","N","N","0","0"
"EC64264","7/7/2022 4:30:00 PM","Whatcom","Bellingham","State Road","State Patrol","I 5                 ","IOWA ST             ","","254.100","N","N","Clear","Daylight","No Injury Collision","","Guardrail","Y","N","2","N","Y","N","0","0"
"EC64211","7/7/2022 5:31:00 PM","Whatcom","Bellingham","State Road","State Patrol","I 5                 ","SR 539              ","","256.000","N","N","Clear","Daylight","No Injury Collision","","","Y","Y","3","N","N","N","0","0"
"EC64211","7/7/2022 5:31:00 PM","Whatcom","Bellingham","State Road","State Patrol","I 5                 ","SR 539              ","","256.000","N","N","Clear","Daylight","No Injury Collision","","","N","Y","3","N","N","N","0","0"
"EC64214","7/8/2022 4:55:00 PM","Whatcom","Bellingham","State Road","State Patrol","I 5                 ","STATE ROUTE 539     ","","256.000","N","N","Clear","Daylight","Minor Injury Collision","","","N","N","2","N","N","N","0","0"
"EC64214","7/8/2022 4:55:00 PM","Whatcom","Bellingham","State Road","State Patrol","I 5                 ","STATE ROUTE 539     ","","256.000","N","N","Clear","Daylight","Minor Injury Collision","","","Y","N","2","N","N","N","0","0"
"EC64384","7/8/2022 4:58:00 PM","Whatcom","Bellingham","State Road","State Patrol","I 5                 ","MERIDIAN STREET     ","","256.800","N","N","Clear","Daylight","No Injury Collision","","","Y","N","2","N","N","N","0","0"
"EC64386","7/9/2022 2:12:00 PM","Whatcom","Sumas","State Road","State Patrol","SR 547              ","FROST RD            ","","6.650","N","N","Clear","Daylight","Serious Injury Collision","","","Y","N","2","Y","N","N","0","0"
"EC64265","7/9/2022 3:26:00 PM","Whatcom","Bellingham","State Road","State Patrol","I 5                 ","SR 542              ","","255.250","N","N","Clear","Daylight","No Injury Collision","","","Y","N","2","N","N","N","0","0"
"EC64215","7/10/2022 6:05:00 PM","Whatcom","Nooksack","State Road","State Patrol","SR 9                ","STRAND ROAD         ","","75.500","N","N","Clear","Daylight","Serious Injury Collision","","Utility Box","Y","N","1","N","N","N","0","0"
"EC64215","7/10/2022 6:05:00 PM","Whatcom","Nooksack","State Road","State Patrol","SR 9                ","STRAND ROAD         ","","75.500","N","N","Clear","Daylight","Serious Injury Collision","","Utility Box","N","N","1","N","N","N","0","0"
"EC65887","7/11/2022 1:25:00 PM","Whatcom","Bellingham","State Road","State Patrol","SR539               ","HORTON              ","","1.750","N","N","Overcast","Daylight","No Injury Collision","","","Y","Y","2","N","N","N","0","0"
"EC66259","7/12/2022 5:02:00 PM","Whatcom","Blaine","State Road","State Patrol","SR 548              ","BIRCH BAY LYNDEN RD ","","8.960","N","Y","Clear","Daylight","No Injury Collision","","","Y","N","2","N","N","N","0","0"
"EC68716","7/13/2022 4:56:00 AM","Whatcom","Blaine","State Road","State Patrol","I 5                 ","CUSTER SCHOOL RD    ","","268.920","N","N","Clear","Dawn","Minor Injury Collision","","","Y","N","2","N","Y","N","0","0"
"EC66260","7/13/2022 10:10:00 PM","Whatcom","Lynden","State Road","State Patrol","SR544               ","HANNEGAN RD         ","","1.700","N","N","Clear","Dark-No Street Lights","No Injury Collision","","Cow","Y","N","1","N","N","N","0","0"
"EC65886","7/14/2022 8:15:00 AM","Whatcom","Bellingham","State Road","State Patrol","I 5                 ","OLD FAIRHAVEN PKWY  ","","249.200","N","N","Clear","Daylight","No Injury Collision","","Tire","Y","N","1","N","N","N","0","0"
"EC64385","7/14/2022 8:18:00 AM","Whatcom","Bellingham","State Road","State Patrol","I 5                 ","SR 11               ","","249.000","N","N","Clear","Daylight","No Injury Collision","","","Y","N","2","Y","N","N","0","0"
"EC66262","7/14/2022 5:10:00 PM","Whatcom","Bellingham","State Road","State Patrol","I 5                 ","SR542               ","","255.000","N","Y","Clear","Daylight","No Injury Collision","","","N","N","2","N","N","N","0","0"
"EC68720","7/15/2022 3:30:00 AM","Whatcom","Sedro-Woolley","State Road","State Patrol","SR 9                ","DORAN RD            ","","69.000","N","N","Clear","Dark-No Street Lights","No Injury Collision","","Fence","Y","N","1","N","N","N","0","0"
"EC73515","7/16/2022 1:28:00 AM","Whatcom","Ferndale","State Road","State Patrol","I 5                 ","SR 548              ","","265.000","N","N","Clear","Dark - Unknown Lighting","Minor Injury Collision","","cable barrier","Y","N","1","N","N","N","0","0"
"EC68114","7/16/2022 2:40:00 AM","Whatcom","Blaine","State Road","State Patrol","INTERSTATE 5        ","D ST                ","","276.300","N","N","Overcast","Dark-Street Lights On","Minor Injury Collision","","Guardrail","N","N","1","N","N","N","0","0"
"EC68114","7/16/2022 2:40:00 AM","Whatcom","Blaine","State Road","State Patrol","INTERSTATE 5        ","D ST                ","","276.300","N","N","Overcast","Dark-Street Lights On","Minor Injury Collision","","Guardrail","Y","N","1","N","N","N","0","0"
"EC68116","7/17/2022 1:00:00 AM","Whatcom","Bellingham","State Road","State Patrol","SR 9                ","MALENG RD           ","","70.300","N","N","Clear","Dark-No Street Lights","Minor Injury Collision","","Roadway Ditch","N","N","1","N","N","N","0","0"
"EC68116","7/17/2022 1:00:00 AM","Whatcom","Bellingham","State Road","State Patrol","SR 9                ","MALENG RD           ","","70.300","N","N","Clear","Dark-No Street Lights","Minor Injury Collision","","Roadway Ditch","Y","N","1","N","N","N","0","0"
"ED01195","7/18/2022 5:23:00 PM","Whatcom","Bellingham","State Road","State Patrol","BAKERVIEW           ","ARCTIC              ",".     ","","N","N","Clear","Daylight","No Injury Collision","","","Y","N","2","N","N","N","0","0"
"EC65888","7/19/2022 11:41:00 AM","Whatcom","Bellingham","State Road","State Patrol","I 5                 ","IOWA ST             ","","253.400","N","N","Clear","Daylight","No Injury Collision","","cable barrier","Y","N","1","N","N","N","0","0"
"EC68117","7/19/2022 5:45:00 PM","Whatcom","Bellingham","State Road","State Patrol","I 5                 ","SR 539              ","","256.300","N","N","Clear","Daylight","No Injury Collision","","","Y","N","2","N","N","N","0","0"
"EC68115","7/19/2022 11:12:00 PM","Whatcom","Nooksack","State Road","State Patrol","SR 542              ","EASTWOOD RD         ","","22.100","N","N","Clear","Dark-No Street Lights","No Injury Collision","","Tree or Stump","Y","Y","1","Y","N","N","0","0"
"EC69266","7/21/2022 1:46:00 PM","Whatcom","Concrete","State Road","State Patrol","SR 20               ","LADDER CREEK LN     ","","124.700","N","N","Clear","Daylight","Minor Injury Collision","","Roadway Ditch","Y","N","1","Y","N","N","0","0"
"EC68118","7/21/2022 5:54:00 PM","Whatcom","Lynden","State Road","State Patrol","SR 539              ","SR 544              ","","7.500","N","Y","Clear","Daylight","No Injury Collision","","","N","N","2","N","N","N","0","0"
"EC68118","7/21/2022 5:54:00 PM","Whatcom","Lynden","State Road","State Patrol","SR 539              ","SR 544              ","","7.500","N","Y","Clear","Daylight","No Injury Collision","","","Y","N","2","N","N","N","0","0"