"Collision Report Number","Collision Date","County","City","Jurisdiction","Agency","Primary Trafficway","Secondary Trafficway","Block Number","Mile Post","School Zone","Intersection Related","Weather Condition","Lighting Condition","Injury Severity","Collision Type","Object Struck","Damage Threshold Met","Hit and Run","Motor Vehicles Involved","Passengers Involved","Commercial Carrier Involved","School Bus Involved","Pedestrians Involved","Pedalcyclists Involved"
"EC73514","7/21/2022 5:57:00 PM","Whatcom","Ferndale","State Road","State Patrol","I-5                 ","NOOKSACK RIVER      ","","262.000","N","N","Clear","Daylight","No Injury Collision","","Guardrail","Y","N","2","N","N","N","0","0"
"EC68718","7/23/2022 3:50:00 PM","Whatcom","Bellingham","State Road","State Patrol","SR 539              ","AXTON RD            ","","5.000","N","N","Clear","Daylight","No Injury Collision","","","Y","N","2","N","N","N","0","0"
"EC68120","7/23/2022 7:36:00 PM","Whatcom","Bellingham","State Road","State Patrol","SR 539              ","AXTON ROAD          ","","4.490","N","Y","Clear","Daylight","No Injury Collision","","","Y","N","2","Y","N","N","0","0"
"EC68119","7/24/2022 12:02:00 AM","Whatcom","Lynden","State Road","State Patrol","SR 546              ","NORTHWOOD RD        ","","3.500","N","Y","Clear","Dark-Street Lights On","No Injury Collision","","","Y","N","2","N","N","N","0","0"
"EC68719","7/24/2022 12:30:00 AM","Whatcom","Bellingham","State Road","State Patrol","SR542               ","E SMITH RD          ","","8.800","N","N","Clear","Dark-No Street Lights","Unknown Injury Collision","","Ditch and tree","Y","N","1","N","N","N","0","0"
"EC68121","7/25/2022 1:54:00 AM","Whatcom","Lynden","State Road","State Patrol","SR 546              ","DOUBLE DITCH ROAD   ","","1.000","N","N","Clear","Dark-Street Lights On","Minor Injury Collision","","Utility Pole","N","Y","2","N","N","N","0","0"
"EC68121","7/25/2022 1:54:00 AM","Whatcom","Lynden","State Road","State Patrol","SR 546              ","DOUBLE DITCH ROAD   ","","1.000","N","N","Clear","Dark-Street Lights On","Minor Injury Collision","","Utility Pole","Y","Y","2","N","N","N","0","0"
"EC68717","7/26/2022 6:40:00 AM","Whatcom","Nooksack","State Road","State Patrol","SR 9                ","SOUTHPASS ROAD      ","","90.300","N","N","Clear","Daylight","No Injury Collision","","Utility Pole","Y","N","1","N","Y","N","0","0"
"EC68721","7/26/2022 11:24:00 AM","Whatcom","Ferndale","State Road","State Patrol","I 5                 ","PORTAL WAY          ","","264.150","N","N","Clear","Daylight","No Injury Collision","","deer","Y","N","1","N","N","N","0","0"
"EC73521","7/26/2022 6:27:00 PM","Whatcom","Bellingham","State Road","State Patrol","I-5                 ","SUNSET DR           ","","255.000","N","N","Clear","Daylight","No Injury Collision","","","Y","N","2","N","N","N","0","0"
"EC73523","7/27/2022 5:25:00 PM","Whatcom","Blaine","State Road","State Patrol","SR548               ","ALDERSON RD         ","","7.700","N","Y","Clear","Daylight","Minor Injury Collision","","trailer","N","N","2","N","N","N","0","0"
"EC73523","7/27/2022 5:25:00 PM","Whatcom","Blaine","State Road","State Patrol","SR548               ","ALDERSON RD         ","","7.700","N","Y","Clear","Daylight","Minor Injury Collision","","trailer","Y","N","2","N","N","N","0","0"
"EC73644","7/28/2022 7:33:00 AM","Whatcom","Ferndale","State Road","State Patrol","I 5                 ","MAIN ST             ","","261.980","N","N","Clear","Daylight","No Injury Collision","","","Y","N","2","N","N","N","0","0"
"EC73517","7/28/2022 4:24:00 PM","Whatcom","Nooksack","State Road","State Patrol","SR 542              ","MARKET RD           ","","20.100","N","N","Clear","Daylight","No Injury Collision","","","Y","N","2","N","N","N","0","0"
"EC73642","7/28/2022 4:24:00 PM","Whatcom","Bellingham","State Road","State Patrol","I 5                 ","SLATER RD           ","","259.500","N","N","Clear","Daylight","No Injury Collision","","","Y","N","2","Y","N","N","0","0"
"EC73524","7/28/2022 6:03:00 PM","Whatcom","Bellingham","State Road","State Patrol","SR 542              ","MARKEL ROAD         ","","18.000","N","N","Clear","Daylight","Serious Injury Collision","","Earth Bank or Ledge","Y","N","1","N","N","N","0","0"
"EC73643","7/29/2022 3:27:00 PM","Whatcom","Bellingham","State Road","State Patrol","SR 539              ","SMITH RD            ","","3.490","N","N","Clear","Daylight","No Injury Collision","","","Y","N","2","Y","Y","N","0","0"
"EC73643","7/29/2022 3:27:00 PM","Whatcom","Bellingham","State Road","State Patrol","SR 539              ","SMITH RD            ","","3.490","N","N","Clear","Daylight","No Injury Collision","","","N","N","2","Y","Y","N","0","0"
"EC70370","7/30/2022 7:56:00 AM","Whatcom","Bellingham","State Road","State Patrol","SR 539              ","WISER LAKE RD       ","","8.560","N","Y","Clear","Daylight","No Injury Collision","","CURB","Y","N","1","N","N","N","0","0"
"EC70372","7/30/2022 10:42:00 AM","Whatcom","Bellingham","State Road","State Patrol","I 5                 ","LAKEWAY DR.         ","","252.810","N","N","Clear","Daylight","Minor Injury Collision","","","Y","N","2","Y","N","N","0","0"
"EC73525","7/30/2022 11:07:00 PM","Whatcom","Bellingham","State Road","State Patrol","SR 542              ","E 23RD AVE          ","2306  ","","N","N","Clear","Dark-No Street Lights","No Injury Collision","","mailbox, earth embankment","Y","N","1","Y","N","N","0","0"
"EC69707","8/1/2022 6:40:00 AM","Whatcom","Ferndale","State Road","State Patrol","SR 548              ","VISTA DRIVE         ","","1.100","N","N","Clear","Daylight","No Injury Collision","","","N","N","2","N","Y","N","0","0"
"EC69707","8/1/2022 6:40:00 AM","Whatcom","Ferndale","State Road","State Patrol","SR 548              ","VISTA DRIVE         ","","1.100","N","N","Clear","Daylight","No Injury Collision","","","Y","N","2","N","Y","N","0","0"
"EC73645","8/2/2022 8:59:00 AM","Whatcom","Bellingham","State Road","State Patrol","SR 542              ","SR 547              ","","22.630","N","N","Clear","Daylight","Minor Injury Collision","","","Y","N","2","N","N","N","0","0"
"EC71624","8/2/2022 1:40:00 PM","Whatcom","Bellingham","State Road","State Patrol","I 5                 ","NULLE RD            ","","243.910","N","N","Clear","Daylight","No Injury Collision","","","N","Y","2","N","Y","N","0","0"
"EC71624","8/2/2022 1:40:00 PM","Whatcom","Bellingham","State Road","State Patrol","I 5                 ","NULLE RD            ","","243.910","N","N","Clear","Daylight","No Injury Collision","","","Y","Y","2","N","Y","N","0","0"
"EC73646","8/2/2022 2:18:00 PM","Whatcom","Bellingham","State Road","State Patrol","SR 539              ","KELLY RD            ","","2.480","N","Y","Clear","Daylight","No Injury Collision","","","Y","N","2","Y","N","N","0","0"
"EC73647","8/2/2022 3:35:00 PM","Whatcom","Bellingham","State Road","State Patrol","I-5                 ","N LAKE SAMISH DR    ","","247.000","N","N","Clear","Daylight","No Injury Collision","","Guardrail","Y","N","1","Y","N","N","0","0"
"EC73518","8/3/2022 5:04:00 PM","Whatcom","Bellingham","State Road","State Patrol","SR 539              ","SMITH RD            ","","3.500","N","Y","Clear","Daylight","No Injury Collision","","","Y","N","2","N","N","N","0","0"
"EC73522","8/3/2022 7:37:00 PM","Whatcom","Bellingham","State Road","State Patrol","I 5                 ","SR 539              ","","256.200","N","Y","Clear","Daylight","No Injury Collision","","","Y","N","2","N","N","N","0","0"
"EC73649","8/4/2022 3:18:00 PM","Whatcom","Bellingham","State Road","State Patrol","SR 539              ","LAUREL ROAD         ","","5.000","N","Y","Overcast","Daylight","No Injury Collision","","","Y","N","2","N","N","N","0","0"
"EC73516","8/4/2022 4:36:00 PM","Whatcom","Bellingham","State Road","State Patrol","I 5                 ","SR 11               ","","249.800","N","N","Clear","Daylight","No Injury Collision","","","N","Y","3","N","N","N","0","0"
"EC73516","8/4/2022 4:36:00 PM","Whatcom","Bellingham","State Road","State Patrol","I 5                 ","SR 11               ","","249.800","N","N","Clear","Daylight","No Injury Collision","","","Y","Y","3","N","N","N","0","0"
"EC73519","8/4/2022 5:40:00 PM","Whatcom","Bellingham","State Road","State Patrol","I 5                 ","SR 542              ","","255.100","N","N","Clear","Daylight","No Injury Collision","","","Y","N","2","N","N","N","0","0"
"EC73520","8/4/2022 5:40:00 PM","Whatcom","Bellingham","State Road","State Patrol","I 5                 ","SR 542              ","","255.100","N","N","Clear","Daylight","No Injury Collision","","","Y","N","2","N","N","N","0","0"
"EC73910","8/4/2022 5:47:00 PM","Whatcom","Bellingham","State Road","State Patrol","STATE ROUTE 539     ","AXTON ROAD          ","","4.500","N","Y","Clear","Daylight","No Injury Collision","","","Y","Y","2","Y","N","N","0","0"
"EC73527","8/4/2022 6:05:00 PM","Whatcom","Bellingham","State Road","State Patrol","INTERSTATE 5        ","IOWA ST             ","","254.100","N","N","Clear","Daylight","No Injury Collision","","","Y","N","2","N","N","N","0","0"
"EC73528","8/4/2022 6:45:00 PM","Whatcom","Bellingham","State Road","State Patrol","I 5                 ","SR 539              ","","255.700","N","N","Clear","Daylight","No Injury Collision","","","Y","N","2","N","N","N","0","0"
"EC80560","8/5/2022 11:49:00 AM","Whatcom","Bellingham","State Road","State Patrol","I-5                 ","BAKERVIEW RD        ","","258.100","N","N","Clear","Daylight","No Injury Collision","","","Y","N","2","Y","N","N","0","0"
"EC73526","8/6/2022 6:28:00 PM","Whatcom","Bellingham","State Road","State Patrol","I 5                 ","SR 11               ","","249.000","N","N","Clear","Daylight","No Injury Collision","","Roadway Ditch and brush","Y","N","1","N","N","N","0","0"
"EC73529","8/7/2022 9:30:00 PM","Whatcom","Blaine","State Road","State Patrol","I 5                 ","PEACE PORTAL DRIVE  ","","273.500","N","N","Clear","Dark-No Street Lights","No Injury Collision","","Deer","Y","N","1","Y","N","N","0","0"
"EC73530","8/7/2022 9:40:00 PM","Whatcom","Blaine","State Road","State Patrol","I 5                 ","PEACE PORTAL DRIVE  ","","273.000","N","N","Clear","Dark-No Street Lights","Serious Injury Collision","","","Y","N","2","Y","N","N","0","0"
"EC73650","8/8/2022 1:01:00 PM","Whatcom","Sumas","State Road","State Patrol","SR 546              ","VAN BUREN RD        ","","8.000","N","Y","Clear","Daylight","Minor Injury Collision","","","Y","N","3","Y","N","N","0","0"
"EC73651","8/8/2022 1:30:00 PM","Whatcom","Bellingham","State Road","State Patrol","SR 542              ","CASEY RD            ","","23.230","N","N","Clear","Daylight","No Injury Collision","","","Y","Y","2","N","N","N","0","0"
"EC73648","8/9/2022 7:41:00 AM","Whatcom","Bellingham","State Road","State Patrol","I 5                 ","SAMISH WAY          ","","247.700","N","N","Clear","Daylight","No Injury Collision","","","Y","N","2","N","N","N","0","0"
"EC73531","8/9/2022 4:36:00 PM","Whatcom","Nooksack","State Road","State Patrol","SR 542              ","MOSQUITO LAKE RD    ","","16.850","N","Y","Overcast","Daylight","No Injury Collision","","","Y","N","3","Y","N","N","0","0"
"EC73652","8/10/2022 10:30:00 AM","Whatcom","Everson","State Road","State Patrol","SR 544              ","NOON ROAD           ","","3.920","N","N","Clear","Daylight","No Injury Collision","","Metal Sign Post","Y","N","1","N","N","N","0","0"
"EC73532","8/11/2022 12:22:00 AM","Whatcom","Sumas","State Road","State Patrol","SR547               ","RESSE HILL RD       ","","5.000","N","Y","Clear","Dark-No Street Lights","No Injury Collision","","sign","Y","N","1","N","N","N","0","0"
"EC73909","8/12/2022 2:38:00 PM","Whatcom","Bellingham","State Road","State Patrol","I-5                 ","BAKERVIEW           ","","258.300","N","N","Clear","Daylight","No Injury Collision","","blackberry bush","Y","N","1","N","N","N","0","0"
"EC78725","8/13/2022 12:12:00 PM","Whatcom","Bellingham","State Road","State Patrol","I 5                 ","SR539               ","","256.100","N","N","Clear","Daylight","No Injury Collision","","","Y","N","3","Y","N","N","0","0"
"EC74863","8/13/2022 12:49:00 PM","Whatcom","Bellingham","State Road","State Patrol","I 5                 ","SUNSET              ","","254.700","N","N","Clear","Daylight","No Injury Collision","","","Y","N","2","N","N","N","0","0"
"EC74229","8/13/2022 12:50:00 PM","Whatcom","Bellingham","State Road","State Patrol","I 5                 ","IOWA STREET         ","","254.000","N","N","Clear","Daylight","No Injury Collision","","","Y","N","2","Y","Y","N","0","0"
"EC80322","8/14/2022 10:25:00 PM","Whatcom","Bellingham","State Road","State Patrol","I-5                 ","N LAKE SAMISH RD    ","","247.000","N","N","Clear","Dark-No Street Lights","Unknown Injury Collision","","","Y","N","1","N","N","N","0","0"
"EC77392","8/15/2022 7:30:00 AM","Whatcom","Sumas","State Road","State Patrol","SR547               ","EAGLE ROOST DR      ","","7.600","N","N","Clear","Daylight","No Injury Collision","","Ditch","Y","N","1","N","N","N","0","0"
"EC74860","8/15/2022 4:45:00 PM","Whatcom","Bellingham","State Road","State Patrol","I 5                 ","MERIDIAN STREET     ","","256.000","N","N","Clear","Daylight","No Injury Collision","","","Y","N","2","N","N","N","0","0"
"EC74860","8/15/2022 4:45:00 PM","Whatcom","Bellingham","State Road","State Patrol","I 5                 ","MERIDIAN STREET     ","","256.000","N","N","Clear","Daylight","No Injury Collision","","","N","N","2","N","N","N","0","0"
"EC80323","8/15/2022 5:53:00 PM","Whatcom","Bellingham","State Road","State Patrol","I 5                 ","NORTHWEST DR        ","","257.000","N","N","Clear","Daylight","No Injury Collision","","","Y","N","2","N","N","N","0","0"
"EC74861","8/16/2022 8:02:00 AM","Whatcom","Bellingham","State Road","State Patrol","I 5                 ","LAKE SAMISH         ","","248.000","N","N","Clear","Daylight","No Injury Collision","","","Y","N","1","N","N","N","0","0"
"EC78721","8/16/2022 8:20:00 AM","Whatcom","Bellingham","State Road","State Patrol","SR542               ","MARSHALL HILL RD    ","","13.200","N","N","Clear","Daylight","No Injury Collision","","","Y","N","2","N","N","N","0","0"
"EC74862","8/16/2022 8:59:00 AM","Whatcom","Everson","State Road","State Patrol","SR 544              ","HANNEGAN RD         ","","1.970","N","N","Clear","Daylight","No Injury Collision","","","N","N","2","N","N","N","0","0"
"EC74862","8/16/2022 8:59:00 AM","Whatcom","Everson","State Road","State Patrol","SR 544              ","HANNEGAN RD         ","","1.970","N","N","Clear","Daylight","No Injury Collision","","","Y","N","2","N","N","N","0","0"
"EC74864","8/16/2022 11:09:00 AM","Whatcom","Bellingham","State Road","State Patrol","SR 542              ","Y RD                ","","6.000","N","N","Clear","Daylight","No Injury Collision","","ditch","Y","N","1","N","N","N","0","0"
"EC80320","8/16/2022 3:53:00 PM","Whatcom","Lynden","State Road","State Patrol","SR 539              ","SR 544              ","","7.500","N","Y","Clear","Daylight","No Injury Collision","","","Y","N","2","N","Y","N","0","0"
"EC80320","8/16/2022 3:53:00 PM","Whatcom","Lynden","State Road","State Patrol","SR 539              ","SR 544              ","","7.500","N","Y","Clear","Daylight","No Injury Collision","","","N","N","2","N","Y","N","0","0"
"EC80321","8/16/2022 10:35:00 PM","Whatcom","Lynden","State Road","State Patrol","SR 539              ","RIVER ROAD          ","","10.000","N","N","Clear","Dark-Street Lights On","No Injury Collision","","","Y","N","2","Y","N","N","0","0"
"EC80319","8/17/2022 5:55:00 PM","Whatcom","Bellingham","State Road","State Patrol","SR 539              ","SMITH RD            ","","3.500","N","Y","Clear","Daylight","No Injury Collision","","","Y","N","2","N","N","N","0","0"
"EC80325","8/18/2022 3:00:00 PM","Whatcom","Blaine","State Road","State Patrol","I 5                 ","D STREET            ","","276.000","N","N","Clear","Daylight","No Injury Collision","","","N","N","1","N","Y","N","0","0"
"EC78889","8/18/2022 4:30:00 PM","Whatcom","Bellingham","State Road","State Patrol","I5                  ","NULLE RD            ","","243.200","N","N","Clear","Daylight","No Injury Collision","","Trees, Bushes","Y","N","1","N","N","N","0","0"
"EC80332","8/18/2022 5:00:00 PM","Whatcom","Lynden","State Road","State Patrol","SR 546              ","NORTHWOOD RD        ","","4.400","N","N","Clear","Daylight","No Injury Collision","","Fence","Y","N","1","N","Y","N","0","0"
"EC76175","8/18/2022 5:19:00 PM","Whatcom","Bellingham","State Road","State Patrol","I 5                 ","SR 539              ","","256.740","N","N","Clear","Daylight","No Injury Collision","","","Y","N","3","N","N","N","0","0"
"EC77393","8/19/2022 11:28:00 AM","Whatcom","Ferndale","State Road","State Patrol","I 5                 ","SLATER RD           ","","260.460","N","N","Overcast","Daylight","No Injury Collision","","","Y","N","1","N","N","N","0","0"
"EC78881","8/19/2022 4:50:00 PM","Whatcom","Concrete","State Road","State Patrol","SR 20               ","DIABLO DAM RD       ","","134.500","N","N","Clear","Daylight","No Injury Collision","","Trees","Y","N","1","N","N","N","0","0"
"EC80331","8/20/2022 5:16:00 PM","Whatcom","Bellingham","State Road","State Patrol","I 5                 ","SR 539              ","","256.200","N","N","Clear","Daylight","No Injury Collision","","","Y","N","2","N","N","N","0","0"
"EC76710","8/22/2022 3:00:00 PM","Whatcom","Concrete","State Road","State Patrol","SR 20               ","DIABLO LAKE         ","","126.500","N","N","Clear","Daylight","Minor Injury Collision","","","Y","N","1","N","N","N","0","0"
"EC80326","8/22/2022 5:00:00 PM","Whatcom","Bellingham","State Road","State Patrol","I 5                 ","IOWA ST             ","","253.900","N","N","Clear","Daylight","No Injury Collision","","","Y","N","2","N","N","N","0","0"
"EC80335","8/23/2022 1:15:00 AM","Whatcom","Ferndale","State Road","State Patrol","I 5                 ","MAIN ST             ","","262.700","N","N","Clear","Dark-No Street Lights","No Injury Collision","","CABLE BARRIER","Y","N","1","N","N","N","0","0"
"EC80328","8/23/2022 1:18:00 AM","Whatcom","Bellingham","State Road","State Patrol","I-5                 ","SAMISH WAY          ","","252.000","N","N","Clear","Dark-No Street Lights","No Injury Collision","","deer","Y","N","1","N","Y","N","0","0"
"EC78722","8/23/2022 7:05:00 AM","Whatcom","Everson","State Road","State Patrol","SR 544              ","NOON RD             ","","4.000","N","Y","Clear","Daylight","Minor Injury Collision","","","Y","N","3","Y","N","N","0","0"
"EC78723","8/23/2022 2:30:00 PM","Whatcom","Bellingham","State Road","State Patrol","I 5                 ","SUNSET              ","","254.700","N","N","Clear","Daylight","No Injury Collision","","","Y","Y","2","N","N","N","0","0"
"EC77391","8/25/2022 5:42:00 AM","Whatcom","Bellingham","State Road","State Patrol","I 5                 ","FRIDAY CREEK        ","","242.000","N","N","Clear","Dawn","No Injury Collision","","Guardrail","Y","N","1","N","N","N","0","0"
"EC78726","8/25/2022 12:22:00 PM","Whatcom","Bellingham","State Road","State Patrol","SR 539              ","KELLY RD            ","","2.500","N","N","Clear","Daylight","No Injury Collision","","","Y","N","2","N","N","N","0","0"
"EC78599","8/25/2022 5:08:00 PM","Whatcom","Bellingham","State Road","State Patrol","I-5                 ","PEACE PORTAL WAY    ","","27.000","N","N","Clear","Daylight","Minor Injury Collision","","","Y","N","2","N","N","N","0","0"
"EC80327","8/25/2022 5:30:00 PM","Whatcom","Nooksack","State Road","State Patrol","SR 9                ","HOMESTEADER ROAD    ","","74.000","N","N","Clear","Daylight","No Injury Collision","","","Y","N","2","N","N","N","0","0"
"EC78720","8/26/2022 8:00:00 AM","Whatcom","Bellingham","State Road","State Patrol","SR 9                ","HOMSTEADER RD       ","","74.500","N","N","Clear","Daylight","No Injury Collision","","Power Pole","N","N","2","N","Y","N","0","0"
"EC78720","8/26/2022 8:00:00 AM","Whatcom","Bellingham","State Road","State Patrol","SR 9                ","HOMSTEADER RD       ","","74.500","N","N","Clear","Daylight","No Injury Collision","","Power Pole","Y","N","2","N","Y","N","0","0"
"EC80329","8/27/2022 10:04:00 PM","Whatcom","Lynden","State Road","State Patrol","SR 539              ","RIVER ROAD          ","","9.700","N","Y","Clear","Dark-Street Lights On","No Injury Collision","","","Y","N","2","Y","N","N","0","0"
"EC80563","8/28/2022 5:40:00 PM","Whatcom","Lynden","State Road","State Patrol","SR 539              ","H STREET            ","","14.550","N","Y","Clear","Daylight","No Injury Collision","","","Y","N","2","N","N","N","0","0"
"EC80333","8/29/2022 10:33:00 AM","Whatcom","Bellingham","State Road","State Patrol","I 5                 ","SR 539              ","","256.000","N","Y","Clear","Daylight","No Injury Collision","","","N","Y","2","N","Y","N","0","0"
"EC80333","8/29/2022 10:33:00 AM","Whatcom","Bellingham","State Road","State Patrol","I 5                 ","SR 539              ","","256.000","N","Y","Clear","Daylight","No Injury Collision","","","Y","Y","2","N","Y","N","0","0"
"EC80559","8/29/2022 9:08:00 PM","Whatcom","Bellingham","State Road","State Patrol","I 5                 ","SR 11               ","","249.960","N","N","Clear","Dark-No Street Lights","Minor Injury Collision","","Roadway Ditch","Y","N","1","N","N","N","0","0"
"EC80334","8/30/2022 8:40:00 AM","Whatcom","Bellingham","State Road","State Patrol","I-5                 ","NULLE RD            ","","242.000","N","Y","Clear","Daylight","No Injury Collision","","Guardrail","N","N","3","N","N","N","0","0"
"EC80334","8/30/2022 8:40:00 AM","Whatcom","Bellingham","State Road","State Patrol","I-5                 ","NULLE RD            ","","242.000","N","Y","Clear","Daylight","No Injury Collision","","Guardrail","Y","N","3","N","N","N","0","0"
"EC89994","8/30/2022 9:28:00 AM","Whatcom","Blaine","State Road","State Patrol","SR 548              ","ANDERSON RD         ","8300  ","","N","N","Overcast","Unknown","Unknown Injury Collision","","Fence","Y","Y","1","N","N","N","0","0"
"EC80561","8/30/2022 7:27:00 PM","Whatcom","Bellingham","State Road","State Patrol","SR 539              ","TEN MILE RD         ","","6.000","N","N","Clear","Daylight","No Injury Collision","","roundabout","Y","N","1","N","N","N","0","0"
"EC80562","8/31/2022 5:30:00 PM","Whatcom","Bellingham","State Road","State Patrol","I 5                 ","CHUCKANUT DRIVE     ","","250.000","N","N","Clear","Daylight","No Injury Collision","","","Y","N","1","N","N","N","0","0"
"EC85006","9/1/2022 4:35:00 PM","Whatcom","Bellingham","State Road","State Patrol","I 5                 ","SAMISH WAY          ","","251.970","N","N","Clear","Daylight","No Injury Collision","","","Y","N","2","N","Y","N","0","0"
"EC85569","9/1/2022 7:19:00 PM","Whatcom","Ferndale","State Road","State Patrol","SR 548              ","KICKERVILLE RD      ","","4.000","N","N","Clear","Daylight","Minor Injury Collision","","Fence","Y","N","1","Y","N","N","0","0"
"EC84994","9/1/2022 10:41:00 PM","Whatcom","Ferndale","State Road","State Patrol","I 5                 ","PORTAL WAY          ","","263.100","N","N","Clear","Dark-Street Lights On","Minor Injury Collision","","Bridge Rail","Y","N","2","N","N","N","0","0"
"EC81342","9/2/2022 4:12:00 PM","Whatcom","Bellingham","State Road","State Patrol","I 5                 ","SUNSET DRIVE        ","","255.000","N","N","Clear","Daylight","Minor Injury Collision","","","Y","N","2","Y","N","N","0","0"
"EC80565","9/2/2022 9:45:00 PM","Whatcom","Blaine","State Road","State Patrol","I 5                 ","BIRCHBAY LYNDEN RD  ","","270.500","N","N","Clear","Dark-Street Lights On","No Injury Collision","","Sign","Y","N","2","Y","N","N","0","0"
"EC84995","9/3/2022 2:20:00 AM","Whatcom","Blaine","State Road","State Patrol","SR 548              ","HALL RD             ","","11.400","N","N","Overcast","Dark-No Street Lights","No Injury Collision","","Ditch","Y","N","1","N","N","N","0","0"
"EC84996","9/3/2022 5:49:00 PM","Whatcom","Bellingham","State Road","State Patrol","SR 11               ","HILINE RD           ","","15.900","N","N","Clear","Daylight","No Injury Collision","","Earth Bank or Ledge","Y","N","1","Y","N","N","0","0"
"EC84993","9/3/2022 9:10:00 PM","Whatcom","Bellingham","State Road","State Patrol","SR 542              ","CEDARVILLE RD       ","","10.600","N","Y","Overcast","Dark-Street Lights On","No Injury Collision","","","Y","Y","2","N","N","N","0","0"
"EC84997","9/4/2022 4:36:00 PM","Whatcom","Sumas","State Road","State Patrol","SR 547              ","OVERLAND TRAIL      ","","1.530","N","N","Overcast","Daylight","Minor Injury Collision","","","Y","N","2","N","N","N","0","0"
"EC81343","9/4/2022 5:09:00 PM","Whatcom","Ferndale","State Road","State Patrol","I 5                 ","PORTAL WAY          ","","262.000","N","Y","Raining","Daylight","No Injury Collision","","Concrete/Jersey Barrier","Y","N","1","N","N","N","0","0"
"EC84991","9/4/2022 10:35:00 PM","Whatcom","Bellingham","State Road","State Patrol","SR 542              ","CEDARVILLE RD       ","","9.100","N","N","Clear","Dark-No Street Lights","No Injury Collision","","Ditch","Y","N","1","N","N","N","0","0"
"EC84998","9/5/2022 1:45:00 AM","Whatcom","Bellingham","State Road","State Patrol","SR542               ","Y RD                ","","6.100","N","N","Clear","Dark-No Street Lights","Serious Injury Collision","","Ditch","Y","N","1","N","N","N","0","0"
"EC84989","9/5/2022 8:13:00 PM","Whatcom","Bellingham","State Road","State Patrol","SR 542              ","BELLS CREEK RD      ","","17.300","N","N","Clear","Dark-No Street Lights","No Injury Collision","","DEER","Y","N","1","N","N","N","0","0"
"EC84990","9/6/2022 12:59:00 AM","Whatcom","Ferndale","State Road","State Patrol","I5                  ","GRANDVIEW RD        ","","266.000","N","N","Clear","Dark-No Street Lights","No Injury Collision","","","Y","N","1","N","N","N","0","0"
"EC83579","9/6/2022 7:49:00 AM","Whatcom","Ferndale","State Road","State Patrol","I-5                 ","SLATER RD           ","","259.000","N","N","Clear","Daylight","No Injury Collision","","","Y","N","4","N","N","N","0","0"
"EC83579","9/6/2022 7:49:00 AM","Whatcom","Ferndale","State Road","State Patrol","I-5                 ","SLATER RD           ","","259.000","N","N","Clear","Daylight","No Injury Collision","","","N","N","4","N","N","N","0","0"
"EC85331","9/6/2022 8:41:00 AM","Whatcom","Ferndale","State Road","State Patrol","I 5                 ","MAIN STREET         ","","262.770","N","N","Clear","Daylight","No Injury Collision","","","N","N","2","N","N","N","0","0"
"EC85331","9/6/2022 8:41:00 AM","Whatcom","Ferndale","State Road","State Patrol","I 5                 ","MAIN STREET         ","","262.770","N","N","Clear","Daylight","No Injury Collision","","","Y","N","2","N","N","N","0","0"
"EC82824","9/6/2022 2:17:00 PM","Whatcom","Concrete","State Road","State Patrol","SR 20               ","COLONIAL CREEK CAMPG","","130.300","N","N","Clear","Daylight","Serious Injury Collision","","","Y","N","3","N","N","N","0","0"
"EC84999","9/6/2022 5:22:00 PM","Whatcom","Bellingham","State Road","State Patrol","I-5                 ","LAKEWAY DR          ","","255.000","N","N","Clear","Daylight","No Injury Collision","","","N","N","4","N","N","N","0","0"
"EC84999","9/6/2022 5:22:00 PM","Whatcom","Bellingham","State Road","State Patrol","I-5                 ","LAKEWAY DR          ","","255.000","N","N","Clear","Daylight","No Injury Collision","","","Y","N","4","N","N","N","0","0"
"EC85003","9/6/2022 9:15:00 PM","Whatcom","Bellingham","State Road","State Patrol","SR 542              ","HATCHERY RD         ","","20.620","N","N","Clear","Dark-No Street Lights","Minor Injury Collision","","Guardrail","Y","N","1","N","N","N","0","0"
"EC82472","9/8/2022 7:45:00 AM","Whatcom","Ferndale","State Road","State Patrol","I 5                 ","PORTAL WAY          ","","263.500","N","N","Clear","Daylight","No Injury Collision","","","Y","N","2","Y","N","N","0","0"
"EC85332","9/8/2022 8:09:00 AM","Whatcom","Bellingham","State Road","State Patrol","I 5                 ","GUIDE MERIDIAN      ","","256.200","N","N","Clear","Daylight","Minor Injury Collision","","","Y","N","2","N","N","N","0","0"
"EC85001","9/8/2022 7:31:00 PM","Whatcom","Bellingham","State Road","State Patrol","I 5                 ","SAMISH WAY          ","","251.000","N","N","Clear","Dark-No Street Lights","No Injury Collision","","cable barrier","Y","N","1","N","N","N","0","0"
"EC85002","9/8/2022 8:35:00 PM","Whatcom","Bellingham","State Road","State Patrol","SR 542              ","MARSHALL HILL RD    ","","16.090","N","N","Clear","Dark-No Street Lights","No Injury Collision","","","Y","N","2","Y","N","N","0","0"
"EC85000","9/9/2022 4:43:00 PM","Whatcom","Lynden","State Road","State Patrol","SR 544              ","HANNEGAN RD         ","","1.870","N","N","Clear","Daylight","No Injury Collision","","","Y","N","2","N","N","N","0","0"