"Collision Report Number","Collision Date","County","City","Jurisdiction","Agency","Primary Trafficway","Secondary Trafficway","Block Number","Mile Post","School Zone","Intersection Related","Weather Condition","Lighting Condition","Injury Severity","Collision Type","Object Struck","Damage Threshold Met","Hit and Run","Motor Vehicles Involved","Passengers Involved","Commercial Carrier Involved","School Bus Involved","Pedestrians Involved","Pedalcyclists Involved"
"EC85007","9/9/2022 5:40:00 PM","Whatcom","Bellingham","State Road","State Patrol","I 5                 ","BAKERVIEW ROAD      ","","259.000","N","N","Clear","Daylight","No Injury Collision","","","Y","N","2","N","N","N","0","0"
"EC90186","9/9/2022 6:59:00 PM","Whatcom","Lynden","State Road","State Patrol","SR 539              ","WISER LAKE RD       ","","8.600","N","Y","Overcast","Daylight","Minor Injury Collision","","Yield sign, Traffic Circle, Tree","Y","N","1","N","N","N","0","0"
"EC84134","9/11/2022 1:30:00 PM","Whatcom","Bellingham","State Road","State Patrol","I 5                 ","IOWA ST             ","","253.800","N","N","Clear","Daylight","Minor Injury Collision","","","Y","N","3","Y","N","N","0","0"
"EC84135","9/13/2022 9:58:00 AM","Whatcom","Bellingham","State Road","State Patrol","I 5                 ","LAKEWAY             ","","253.000","N","N","Clear","Daylight","Minor Injury Collision","","","Y","N","2","N","N","N","0","0"
"EC84557","9/13/2022 4:24:00 PM","Whatcom","Lynden","State Road","State Patrol","SR 546              ","VINUP RD            ","","2.000","N","Y","Clear","Daylight","No Injury Collision","","","Y","N","2","N","N","N","0","0"
"EC85330","9/14/2022 2:10:00 PM","Whatcom","Bellingham","State Road","State Patrol","I 5                 ","LAKEWAY             ","","252.600","N","N","Clear","Daylight","No Injury Collision","","","Y","N","2","N","N","N","0","0"
"EC84558","9/15/2022 4:48:00 PM","Whatcom","Lynden","State Road","State Patrol","SR 539              ","SR 546              ","","12.200","N","N","Overcast","Daylight","Minor Injury Collision","","","Y","N","2","Y","N","N","0","0"
"EC88583","9/17/2022 5:23:00 AM","Whatcom","Bellingham","State Road","State Patrol","I 5                 ","SAMISH WAY          ","","252.000","N","N","Overcast","Dark-No Street Lights","No Injury Collision","","Guardrail","Y","N","1","N","N","N","0","0"
"EC88580","9/17/2022 11:43:00 AM","Whatcom","Blaine","State Road","State Patrol","STATE ROUTE 548     ","BIRCH BAY LYNDEN RD ","","9.000","N","N","Clear","Daylight","No Injury Collision","","Deer","Y","N","1","N","N","N","0","0"
"EC84559","9/17/2022 1:00:00 PM","Whatcom","Bellingham","State Road","State Patrol","I-5                 ","SR 539              ","","256.000","N","N","Overcast","Daylight","Minor Injury Collision","","","Y","N","3","Y","N","N","0","0"
"EC85568","9/17/2022 10:42:00 PM","Whatcom","Bellingham","State Road","State Patrol","I 5                 ","SUNSET              ","","254.800","N","N","Clear","Dark-Street Lights On","No Injury Collision","","Jersey Barrier","Y","N","1","N","N","N","0","0"
"EC85005","9/18/2022 3:36:00 PM","Whatcom","Bellingham","State Road","State Patrol","I 5                 ","SUNSET              ","","255.000","N","N","Clear","Daylight","Minor Injury Collision","","","Y","N","2","N","N","N","0","0"
"EC87885","9/18/2022 10:40:00 PM","Whatcom","Ferndale","State Road","State Patrol","I 5                 ","PORTAL WAY          ","","262.900","N","Y","Clear","Dark-No Street Lights","Minor Injury Collision","","Over Embankment","Y","N","1","N","N","N","0","0"
"EC88581","9/19/2022 9:36:00 AM","Whatcom","Bellingham","State Road","State Patrol","STATE ROUTE 542     ","SMITH ROAD          ","","9.000","N","N","Clear","Daylight","Minor Injury Collision","","","Y","N","2","N","N","N","0","0"
"EC88582","9/19/2022 10:51:00 AM","Whatcom","Bellingham","State Road","State Patrol","STATE ROUTE 542     ","KELLY ROAD          ","","7.400","N","Y","Clear","Daylight","No Injury Collision","","","Y","N","2","N","Y","N","0","0"
"EC85570","9/20/2022 5:21:00 AM","Whatcom","Bellingham","State Road","State Patrol","I 5                 ","SUNSET DR           ","","255.000","N","N","Clear","Dark-Street Lights On","No Injury Collision","","DEER","Y","N","1","N","N","N","0","0"
"EC87429","9/20/2022 9:54:00 PM","Whatcom","Ferndale","State Road","State Patrol","I 5                 ","MAIN ST             ","","262.850","N","N","Clear","Dark-Street Lights On","No Injury Collision","","deer","Y","N","1","N","N","N","0","0"
"EC88584","9/21/2022 12:00:00 AM","Whatcom","Sedro-Woolley","State Road","State Patrol","1810 SR 9           ","ROTHENBUHLER RD     ","","71.000","N","N","Clear","Dark-No Street Lights","Unknown Injury Collision","","stone wall","Y","Y","1","N","N","N","0","0"
"EC90185","9/21/2022 7:23:00 AM","Whatcom","Nooksack","State Road","State Patrol","SR 542              ","SR 9                ","","14.500","N","N","Clear","Daylight","No Injury Collision","","Metal Sign Post","Y","N","1","N","N","N","0","0"
"EC87431","9/21/2022 5:43:00 PM","Whatcom","Lynden","State Road","State Patrol","SR 546              ","LINE RD             ","","3.040","N","N","Clear","Daylight","Minor Injury Collision","","","Y","N","2","Y","N","N","0","0"
"EC88586","9/22/2022 3:23:00 PM","Whatcom","Bellingham","State Road","State Patrol","I-5                 ","SUNSET DR           ","","254.000","N","N","Clear","Daylight","No Injury Collision","","Guardrail","Y","N","2","N","N","N","0","0"
"EC88586","9/22/2022 3:23:00 PM","Whatcom","Bellingham","State Road","State Patrol","I-5                 ","SUNSET DR           ","","254.000","N","N","Clear","Daylight","No Injury Collision","","Guardrail","N","N","2","N","N","N","0","0"
"EC87430","9/22/2022 3:48:00 PM","Whatcom","Bellingham","State Road","State Patrol","I 5                 ","LAKEWAY DR          ","","252.950","N","N","Clear","Daylight","No Injury Collision","","cable barrier","Y","N","1","N","N","N","0","0"
"EC88585","9/25/2022 12:58:00 AM","Whatcom","Sumas","State Road","State Patrol","SR 547              ","EAGLE ROOST DRIVE   ","","9.000","N","N","Clear","Dark-No Street Lights","No Injury Collision","","Utility Pole","Y","Y","1","N","N","N","0","0"
"EC88585","9/25/2022 12:58:00 AM","Whatcom","Sumas","State Road","State Patrol","SR 547              ","EAGLE ROOST DRIVE   ","","9.000","N","N","Clear","Dark-No Street Lights","No Injury Collision","","Utility Pole","N","Y","1","N","N","N","0","0"
"EC87432","9/25/2022 4:05:00 PM","Whatcom","Bellingham","State Road","State Patrol","I 5                 ","LAKEWAY DR          ","","253.340","N","N","Clear","Daylight","No Injury Collision","","","Y","N","2","N","N","N","0","0"
"EC87433","9/25/2022 4:54:00 PM","Whatcom","Ferndale","State Road","State Patrol","I 5                 ","PORTAL WAY          ","","263.500","N","N","Clear","Daylight","No Injury Collision","","cable barrier","Y","N","1","N","N","N","0","0"
"EC90187","9/26/2022 12:06:00 PM","Whatcom","Bellingham","State Road","State Patrol","I 5                 ","SUNSET              ","","255.200","N","N","Clear","Daylight","Minor Injury Collision","","","Y","N","2","N","Y","N","0","0"
"EC90183","9/26/2022 6:12:00 PM","Whatcom","Bellingham","State Road","State Patrol","SR542               ","WATER ST            ","","13.800","N","N","Clear","Daylight","No Injury Collision","","","Y","Y","2","N","N","N","0","0"
"EC90184","9/27/2022 6:40:00 PM","Whatcom","Bellingham","State Road","State Patrol","I 5                 ","LAKEWAY             ","","253.200","N","N","Clear","Dusk","No Injury Collision","","","Y","N","2","Y","N","N","0","0"
"EC88587","9/28/2022 5:08:00 AM","Whatcom","Blaine","State Road","State Patrol","I-5                 ","WEST RD             ","","274.000","N","N","Overcast","Dark-No Street Lights","Minor Injury Collision","","Wood Sign Post","Y","N","1","N","Y","N","0","0"
"EC97652","9/29/2022 8:24:00 PM","Whatcom","Ferndale","State Road","State Patrol","I 5                 ","PORTAL WAY          ","","263.400","N","N","Clear","Dark-No Street Lights","No Injury Collision","","Roadway Ditch","Y","N","1","N","N","N","0","0"
"EC90189","9/30/2022 3:51:00 PM","Whatcom","Bellingham","State Road","State Patrol","I 5                 ","SR 539              ","","256.200","N","N","Overcast","Daylight","No Injury Collision","","","N","N","4","Y","N","N","0","0"
"EC90189","9/30/2022 3:51:00 PM","Whatcom","Bellingham","State Road","State Patrol","I 5                 ","SR 539              ","","256.200","N","N","Overcast","Daylight","No Injury Collision","","","Y","N","4","Y","N","N","0","0"
"EC90182","9/30/2022 5:20:00 PM","Whatcom","Ferndale","State Road","State Patrol","I 5                 ","PORTAL WAY          ","","263.000","N","N","Clear","Daylight","No Injury Collision","","","N","N","2","Y","N","N","0","0"
"EC90182","9/30/2022 5:20:00 PM","Whatcom","Ferndale","State Road","State Patrol","I 5                 ","PORTAL WAY          ","","263.000","N","N","Clear","Daylight","No Injury Collision","","","Y","N","2","Y","N","N","0","0"
"EC89975","9/30/2022 5:25:00 PM","Whatcom","Ferndale","State Road","State Patrol","I 5                 ","PORTAL WAY          ","","263.500","N","N","Clear","Daylight","No Injury Collision","","","Y","N","2","Y","N","N","0","0"
"EC89995","10/1/2022 9:35:00 AM","Whatcom","Everson","State Road","State Patrol","STATE ROUTE 544     ","RASPBERRY DRIVE     ","","2.600","N","N","Clear","Daylight","Minor Injury Collision","","","Y","N","2","Y","N","N","0","0"
"EC90188","10/1/2022 11:12:00 PM","Whatcom","Bellingham","State Road","State Patrol","SR 9                ","WILLIAMS LK RD      ","","77.900","N","N","Clear","Dark-No Street Lights","No Injury Collision","","Guardrail, Ditch","Y","N","1","N","N","N","0","0"
"EC92304","10/2/2022 12:00:00 AM","Whatcom","Burlington","State Road","State Patrol","I5                  ","NULLE RD            ","","242.800","N","N","Clear","Dark - Unknown Lighting","Unknown Injury Collision","","Guardrail/brush","Y","N","1","N","N","N","0","0"
"EC94293","10/2/2022 5:29:00 AM","Whatcom","Bellingham","State Road","State Patrol","I-5                 ","BAKERVIEW RD        ","","259.000","N","N","Clear","Dark-No Street Lights","Minor Injury Collision","","","Y","N","3","N","N","N","0","0"
"EC90192","10/2/2022 4:26:00 PM","Whatcom","Ferndale","State Road","State Patrol","I 5                 ","PORTAL WAY          ","","265.210","N","N","Clear","Daylight","No Injury Collision","","CABLE BARRIER","Y","N","1","Y","N","N","0","0"
"EC90191","10/2/2022 6:39:00 PM","Whatcom","Bellingham","State Road","State Patrol","I 5                 ","SLATER RD           ","","259.000","N","N","Clear","Daylight","No Injury Collision","","","Y","N","1","N","N","N","0","0"
"EC90190","10/2/2022 7:15:00 PM","Whatcom","Bellingham","State Road","State Patrol","SR539               ","SMITH RD            ","","3.500","N","Y","Clear","Dark-Street Lights On","Minor Injury Collision","","","Y","N","2","N","N","N","0","0"
"EC90193","10/3/2022 9:38:00 AM","Whatcom","Everson","State Road","State Patrol","SR 544              ","HANNEGAN RD         ","1272  ","","N","N","Clear","Daylight","No Injury Collision","","","Y","N","2","N","Y","N","0","0"
"EC93843","10/3/2022 5:17:00 PM","Whatcom","Ferndale","State Road","State Patrol","I 5                 ","PORTAL WAY          ","","263.050","N","N","Clear","Daylight","Minor Injury Collision","","","Y","N","3","N","N","N","0","0"
"EC89710","10/4/2022 6:58:00 AM","Whatcom","","State Road","State Patrol","SR-539              ","W AXTON ROAD        ","","5.000","N","Y","Clear","Daylight","No Injury Collision","","","N","N","2","N","N","N","0","0"
"EC89710","10/4/2022 6:58:00 AM","Whatcom","","State Road","State Patrol","SR-539              ","W AXTON ROAD        ","","5.000","N","Y","Clear","Daylight","No Injury Collision","","","Y","N","2","N","N","N","0","0"
"ED00076","10/5/2022 4:02:00 PM","Whatcom","Bellingham","State Road","State Patrol","I 5                 ","GRANDVIEW           ","","265.980","N","Y","Clear","Daylight","No Injury Collision","","","Y","N","2","N","N","N","0","0"
"EC92265","10/6/2022 5:13:00 PM","Whatcom","","State Road","State Patrol","SR 20               ","GORGE CREEK BRIDGE  ","","123.500","N","N","Clear","Dusk","No Injury Collision","","Concrete/Jersey Barrier","Y","N","1","Y","N","N","0","0"
"EC92265","10/6/2022 5:13:00 PM","Whatcom","","State Road","State Patrol","SR 20               ","GORGE CREEK BRIDGE  ","","123.500","N","N","Clear","Dusk","No Injury Collision","","Concrete/Jersey Barrier","N","N","1","Y","N","N","0","0"
"EC97653","10/6/2022 5:40:00 PM","Whatcom","Bellingham","State Road","State Patrol","I 5                 ","BAKERVIEW           ","","258.000","N","N","Clear","Daylight","Minor Injury Collision","","Guardrail","Y","N","2","Y","N","N","0","0"
"EC91995","10/6/2022 5:55:00 PM","Whatcom","Bellingham","State Road","State Patrol","I 5                 ","BAKERVIEW RD        ","","257.700","N","N","Clear","Daylight","No Injury Collision","","","Y","N","3","Y","N","N","0","0"
"EC92308","10/6/2022 8:59:00 PM","Whatcom","Bellingham","State Road","State Patrol","I 5                 ","LAKEWAY             ","","252.850","N","N","Clear","Dark - Unknown Lighting","Fatal Collision","","CABLE BARRIER","Y","Y","4","N","Y","N","0","0"
"EC96899","10/7/2022 6:35:00 AM","Whatcom","Bellingham","State Road","State Patrol","I 5                 ","BAKERVIEW ROAD      ","","258.700","N","N","Clear","Dark-No Street Lights","Fatal Collision","","Pedestrian","N","N","1","N","N","N","1","0"
"EC96899","10/7/2022 6:35:00 AM","Whatcom","Bellingham","State Road","State Patrol","I 5                 ","BAKERVIEW ROAD      ","","258.700","N","N","Clear","Dark-No Street Lights","Fatal Collision","","Pedestrian","Y","N","1","N","N","N","1","0"
"EC94296","10/7/2022 10:38:00 AM","Whatcom","Bellingham","State Road","State Patrol","STATE ROUTE 539     ","STATE ROUTE 544     ","","7.500","N","Y","Clear","Daylight","Minor Injury Collision","","","Y","N","2","N","N","N","0","0"
"EC91996","10/7/2022 5:21:00 PM","Whatcom","Bellingham","State Road","State Patrol","I 5                 ","IOWA                ","","254.000","N","N","Clear","Daylight","No Injury Collision","","","Y","N","2","N","N","N","0","0"
"EC93310","10/7/2022 10:59:00 PM","Whatcom","Lynden","State Road","State Patrol","SR 539              ","POLE RD             ","","7.590","N","N","Clear","Dark-Street Lights On","No Injury Collision","","","Y","N","2","N","N","N","0","0"
"EC93311","10/8/2022 12:08:00 AM","Whatcom","Blaine","State Road","State Patrol","I 5                 ","LOOMIS TRAIL        ","","270.990","N","N","Clear","Dark-No Street Lights","Minor Injury Collision","","","Y","N","1","Y","N","N","0","0"
"EC91366","10/8/2022 2:25:00 PM","Whatcom","Bellingham","State Road","State Patrol","I 5                 ","SR 542              ","","255.440","N","N","Clear","Daylight","No Injury Collision","","","Y","N","2","Y","N","N","0","0"
"EC92305","10/9/2022 12:30:00 PM","Whatcom","Concrete","State Road","State Patrol","SR 20               ","GORGE CREEK         ","","123.470","N","N","Fog or Smog or Smoke","Daylight","Minor Injury Collision","","","Y","N","1","N","N","N","0","0"
"EC92306","10/10/2022 12:09:00 AM","Whatcom","Nooksack","State Road","State Patrol","STATE ROUTE 9       ","LINDSAY RD          ","","92.020","N","N","Fog or Smog or Smoke","Dark-No Street Lights","Unknown Injury Collision","","Utility Pole","Y","Y","1","N","N","N","0","0"
"EC92173","10/10/2022 5:19:00 PM","Whatcom","Bellingham","State Road","State Patrol","I 5                 ","IOWA ST             ","","253.790","N","N","Clear","Daylight","Minor Injury Collision","","","Y","N","2","N","N","N","0","0"
"EC91990","10/10/2022 10:46:00 PM","Whatcom","Bellingham","State Road","State Patrol","I 5                 ","SUNSET              ","","254.820","N","Y","Clear","Dark-Street Lights On","No Injury Collision","","","Y","N","2","Y","N","N","0","0"
"EC94297","10/11/2022 7:01:00 AM","Whatcom","Bellingham","State Road","State Patrol","SR 542              ","HILLARD RD          ","","10.000","N","N","Clear","Dawn","No Injury Collision","","deer","Y","N","1","N","N","N","0","0"
"EC92212","10/11/2022 7:45:00 AM","Whatcom","Bellingham","State Road","State Patrol","I 5                 ","BAKERVIEW RD        ","","257.660","N","N","Clear","Daylight","No Injury Collision","","","N","Y","2","N","N","N","0","0"
"EC92212","10/11/2022 7:45:00 AM","Whatcom","Bellingham","State Road","State Patrol","I 5                 ","BAKERVIEW RD        ","","257.660","N","N","Clear","Daylight","No Injury Collision","","","Y","Y","2","N","N","N","0","0"
"EC94295","10/11/2022 9:41:00 AM","Whatcom","Bellingham","State Road","State Patrol","I 5                 ","FAIRHAVEN           ","","249.000","N","N","Clear","Daylight","Minor Injury Collision","","","Y","N","2","N","N","N","0","0"
"EC94294","10/11/2022 4:26:00 PM","Whatcom","Lynden","State Road","State Patrol","SR 546              ","LINE RD             ","","3.000","N","Y","Clear","Daylight","No Injury Collision","","","Y","N","2","N","Y","N","0","0"
"EC94300","10/11/2022 5:30:00 PM","Whatcom","Lynden","State Road","State Patrol","SR 539              ","SR 544              ","","7.500","N","Y","Clear","Daylight","No Injury Collision","","","Y","N","2","N","N","N","0","0"
"EC92569","10/13/2022 12:55:00 AM","Whatcom","Bellingham","State Road","State Patrol","I 5                 ","LAKE SAMISH         ","","246.200","N","N","Clear","Dark-Street Lights On","No Injury Collision","","Wood Sign Post","Y","N","1","N","Y","N","0","0"
"EC93321","10/13/2022 8:55:00 AM","Whatcom","Bellingham","State Road","State Patrol","SR 542              ","BRITTON RD          ","","2.800","N","Y","Overcast","Daylight","No Injury Collision","","","Y","N","2","N","N","N","0","0"
"EC96900","10/13/2022 4:04:00 PM","Whatcom","Bellingham","State Road","State Patrol","I-5                 ","SR-11               ","","251.000","N","N","Clear","Daylight","No Injury Collision","","","Y","N","1","N","N","N","0","0"
"EC95272","10/13/2022 7:50:00 PM","Whatcom","Lynden","State Road","State Patrol","SR 539              ","BAY-LYN DR          ","","10.300","N","N","Clear","Dark-Street Lights On","No Injury Collision","","","Y","N","2","N","N","N","0","0"
"EC96901","10/14/2022 9:52:00 AM","Whatcom","Bellingham","State Road","State Patrol","I 5                 ","SLATER ROAD         ","","259.200","N","N","Clear","Daylight","Minor Injury Collision","","","Y","N","2","Y","N","N","0","0"
"EC96902","10/16/2022 1:30:00 AM","Whatcom","Nooksack","State Road","State Patrol","STATE ROUTE 9       ","HUGHES ROAD         ","","90.000","N","Y","Clear","Dark-No Street Lights","Unknown Injury Collision","","Utility Pole","Y","Y","1","N","N","N","0","0"
"EC96903","10/17/2022 7:10:00 AM","Whatcom","Bellingham","State Road","State Patrol","I-5                 ","NORTHWEST           ","","257.000","N","N","Clear","Dawn","No Injury Collision","","","Y","Y","2","N","N","N","0","0"
"EC96903","10/17/2022 7:10:00 AM","Whatcom","Bellingham","State Road","State Patrol","I-5                 ","NORTHWEST           ","","257.000","N","N","Clear","Dawn","No Injury Collision","","","N","Y","2","N","N","N","0","0"
"EC95477","10/17/2022 4:42:00 PM","Whatcom","Bellingham","State Road","State Patrol","I 5                 ","MERIDIAN ST         ","","256.310","N","N","Clear","Daylight","Minor Injury Collision","","","Y","N","2","N","N","N","0","0"
"EC95479","10/17/2022 4:42:00 PM","Whatcom","Bellingham","State Road","State Patrol","I 5                 ","MERIDIAN ST         ","","256.110","N","N","Clear","Daylight","Minor Injury Collision","","","Y","N","3","Y","N","N","0","0"
"EC94144","10/17/2022 6:45:00 PM","Whatcom","Bellingham","State Road","State Patrol","I 5                 ","SUNSET DR           ","","254.600","N","N","Clear","Dark-Street Lights On","No Injury Collision","","","N","N","2","N","N","N","0","0"
"EC94144","10/17/2022 6:45:00 PM","Whatcom","Bellingham","State Road","State Patrol","I 5                 ","SUNSET DR           ","","254.600","N","N","Clear","Dark-Street Lights On","No Injury Collision","","","Y","N","2","N","N","N","0","0"
"EC95478","10/17/2022 7:59:00 PM","Whatcom","Nooksack","State Road","State Patrol","SR 9                ","POTTER ROAD         ","","77.300","N","N","Clear","Dark-Street Lights On","No Injury Collision","","Utility Pole","Y","N","1","N","N","N","0","0"
"EC96904","10/18/2022 4:57:00 AM","Whatcom","Ferndale","State Road","State Patrol","I-5                 ","SMITH RD            ","","261.200","N","N","Clear","Dark-No Street Lights","Minor Injury Collision","","Guardrail","Y","N","1","Y","N","N","0","0"
"EC95481","10/18/2022 6:48:00 PM","Whatcom","Lynden","State Road","State Patrol","SR 539              ","BARTLETT RD         ","","8.000","N","N","Fog or Smog or Smoke","Dark-No Street Lights","No Injury Collision","","","Y","N","2","Y","N","N","0","0"
"EC96905","10/19/2022 2:30:00 PM","Whatcom","Lynden","State Road","State Patrol","SR 539              ","SR 544              ","","7.600","N","Y","Overcast","Daylight","No Injury Collision","","","Y","N","2","Y","N","N","0","0"
"EC98560","10/20/2022 4:41:00 PM","Whatcom","Bellingham","State Road","State Patrol","I-5                 ","N LAKE SAMISH RD    ","","246.000","N","N","Clear","Daylight","Minor Injury Collision","","Guardrail and Ditch","Y","N","1","N","N","N","0","0"
"EC95482","10/20/2022 8:08:00 PM","Whatcom","Bellingham","State Road","State Patrol","SR 542              ","MARSHALL HILL RD    ","","16.010","N","N","Clear","Dark-No Street Lights","No Injury Collision","","Guardrail","Y","N","1","N","N","N","0","0"
"EC97662","10/21/2022 6:17:00 PM","Whatcom","Bellingham","State Road","State Patrol","I 5                 ","IOWA ST             ","","253.500","N","N","Raining","Dark - Unknown Lighting","No Injury Collision","","","Y","N","2","Y","N","N","0","0"
"ED02759","10/22/2022 11:20:00 AM","Whatcom","Lynden","State Road","State Patrol","SR 544              ","E 5TH PL            ","","1.300","N","N","Overcast","Daylight","No Injury Collision","","Power Pole","N","Y","1","N","N","N","0","0"
"ED02759","10/22/2022 11:20:00 AM","Whatcom","Lynden","State Road","State Patrol","SR 544              ","E 5TH PL            ","","1.300","N","N","Overcast","Daylight","No Injury Collision","","Power Pole","Y","Y","1","N","N","N","0","0"
"EC97664","10/22/2022 12:05:00 PM","Whatcom","Bellingham","State Road","State Patrol","I5                  ","SR 539              ","","256.100","N","N","Overcast","Daylight","No Injury Collision","","","Y","N","2","Y","N","N","0","0"
"EC96975","10/22/2022 12:58:00 PM","Whatcom","Lynden","State Road","State Patrol","SR544               ","E 5TH PL            ","","1.200","N","N","Overcast","Daylight","Minor Injury Collision","","","Y","N","3","Y","N","N","0","0"
"EC98559","10/22/2022 1:01:00 PM","Whatcom","Bellingham","State Road","State Patrol","I 5                 ","SR 539              ","","256.000","N","N","Clear","Daylight","No Injury Collision","","","Y","N","2","N","N","N","0","0"
"EC96973","10/22/2022 9:30:00 PM","Whatcom","Nooksack","State Road","State Patrol","SR 9                ","MALENG RD           ","","71.500","N","N","Clear","Dark-No Street Lights","Unknown Injury Collision","","","Y","N","1","N","N","N","0","0"
"ED02760","10/23/2022 2:10:00 PM","Whatcom","Bellingham","State Road","State Patrol","I 5                 ","SR 539              ","","256.100","N","N","Overcast","Daylight","No Injury Collision","","","Y","N","2","N","N","N","0","0"
"EC96974","10/23/2022 2:25:00 PM","Whatcom","Bellingham","State Road","State Patrol","I 5                 ","SAMISH WAY          ","","246.400","N","N","Overcast","Daylight","No Injury Collision","","","Y","N","1","N","N","N","0","0"
"EC97616","10/23/2022 10:21:00 PM","Whatcom","Ferndale","State Road","State Patrol","I 5                 ","GRANDVIEW           ","","265.390","N","N","Raining","Dark-No Street Lights","No Injury Collision","","DEER","Y","N","1","Y","N","N","0","0"
"ED02978","10/23/2022 11:50:00 PM","Whatcom","Bellingham","State Road","State Patrol","STATE ROUTE 542     ","FINSRUD ROAD        ","","8.200","N","N","Raining","Dark - Unknown Lighting","No Injury Collision","","Concrete/Jersey Barrier","N","N","1","N","N","N","0","0"
"ED02978","10/23/2022 11:50:00 PM","Whatcom","Bellingham","State Road","State Patrol","STATE ROUTE 542     ","FINSRUD ROAD        ","","8.200","N","N","Raining","Dark - Unknown Lighting","No Injury Collision","","Concrete/Jersey Barrier","Y","N","1","N","N","N","0","0"
"EC96969","10/24/2022 7:50:00 AM","Whatcom","Bellingham","State Road","State Patrol","I 5                 ","CHUCKANUT DRIVE     ","","249.900","N","N","Raining","Dark-Street Lights Off","No Injury Collision","","Deer","Y","N","1","N","N","N","0","0"
"ED00072","10/24/2022 9:05:00 AM","Whatcom","Bellingham","State Road","State Patrol","I 5                 ","LAKEWAY DR          ","","252.900","N","N","Overcast","Daylight","No Injury Collision","","Cable Barrier","Y","N","1","N","N","N","0","0"
"EC96972","10/24/2022 9:48:00 AM","Whatcom","Nooksack","State Road","State Patrol","SR 9                ","POTTER RD           ","","77.380","N","N","Clear","Daylight","Unknown Injury Collision","","fence, pole","Y","Y","1","N","N","N","0","0"
"ED01193","10/25/2022 2:10:00 AM","Whatcom","Bellingham","State Road","State Patrol","I 5                 ","NULLE RD            ","","243.000","N","N","Clear","Dark-No Street Lights","No Injury Collision","","Ditch","Y","N","1","N","N","N","0","0"
"ED00073","10/25/2022 7:36:00 AM","Whatcom","Bellingham","State Road","State Patrol","SR539               ","SR544               ","","7.500","N","Y","Clear","Daylight","No Injury Collision","","","Y","N","2","Y","N","N","0","0"
"EC96976","10/25/2022 9:56:00 AM","Whatcom","Nooksack","State Road","State Patrol","SR 9                ","RUTSATZ RD          ","","78.710","N","Y","Raining","Daylight","No Injury Collision","","Earth Bank or Ledge","Y","N","2","N","N","N","0","0"
"EC97620","10/25/2022 5:15:00 PM","Whatcom","Bellingham","State Road","State Patrol","I 5                 ","SUNSET DR           ","","254.300","N","N","Raining","Dark - Unknown Lighting","No Injury Collision","","","Y","N","2","N","N","N","0","0"
"EC98614","10/25/2022 5:50:00 PM","Whatcom","Bellingham","State Road","State Patrol","I 5                 ","OHIO ST             ","","254.300","N","N","Raining","Dark - Unknown Lighting","No Injury Collision","","","Y","N","4","Y","N","N","0","0"
"EC98561","10/25/2022 6:28:00 PM","Whatcom","Bellingham","State Road","State Patrol","I-5                 ","SUNSET DR           ","","255.000","N","N","Raining","Dark-No Street Lights","No Injury Collision","","","Y","N","2","Y","N","N","0","0"
"ED01194","10/25/2022 6:33:00 PM","Whatcom","Bellingham","State Road","State Patrol","I 5                 ","SUNSET              ","","254.900","N","N","Raining","Dark-Street Lights On","No Injury Collision","","","Y","N","3","Y","N","N","0","0"
"EC98562","10/26/2022 3:44:00 PM","Whatcom","Lynden","State Road","State Patrol","SR-546              ","BENSON RD           ","","1.000","N","N","Overcast","Daylight","No Injury Collision","","","Y","N","2","N","N","N","0","0"
"ED00077","10/26/2022 4:20:00 PM","Whatcom","Blaine","State Road","State Patrol","I-5                 ","SR 548              ","","276.000","N","N","Clear","Daylight","No Injury Collision","","Guardrail","Y","N","1","N","N","N","0","0"
"ED00077","10/26/2022 4:20:00 PM","Whatcom","Blaine","State Road","State Patrol","I-5                 ","SR 548              ","","276.000","N","N","Clear","Daylight","No Injury Collision","","Guardrail","N","N","1","N","N","N","0","0"
"ED00075","10/26/2022 4:58:00 PM","Whatcom","Bellingham","State Road","State Patrol","I 5                 ","SR 11               ","","249.700","N","N","Raining","Dusk","No Injury Collision","","deer","Y","N","1","N","N","N","0","0"
"EC97666","10/27/2022 5:50:00 PM","Whatcom","Ferndale","State Road","State Patrol","I 5                 ","SMITH RD            ","","261.200","N","N","Raining","Daylight","Unknown Injury Collision","","","Y","N","1","N","N","N","0","0"
"EC98563","10/27/2022 9:19:00 PM","Whatcom","Ferndale","State Road","State Patrol","I-5                 ","SMITH RD            ","","261.000","N","N","Raining","Dark-No Street Lights","No Injury Collision","","","Y","N","2","N","N","N","0","0"
"ED00078","10/28/2022 7:08:00 AM","Whatcom","Bellingham","State Road","State Patrol","SR 539              ","TEN MILE RD         ","","6.000","N","Y","Overcast","Dark-Street Lights On","No Injury Collision","","Earth Bank or Ledge","Y","N","1","N","N","N","0","0"
"ED00078","10/28/2022 7:08:00 AM","Whatcom","Bellingham","State Road","State Patrol","SR 539              ","TEN MILE RD         ","","6.000","N","Y","Overcast","Dark-Street Lights On","No Injury Collision","","Earth Bank or Ledge","N","N","1","N","N","N","0","0"