"Collision Report Number","Collision Date","County","City","Jurisdiction","Agency","Primary Trafficway","Secondary Trafficway","Block Number","Mile Post","School Zone","Intersection Related","Weather Condition","Lighting Condition","Injury Severity","Collision Type","Object Struck","Damage Threshold Met","Hit and Run","Motor Vehicles Involved","Passengers Involved","Commercial Carrier Involved","School Bus Involved","Pedestrians Involved","Pedalcyclists Involved"
"ED00079","10/28/2022 10:52:00 AM","Whatcom","Bellingham","State Road","State Patrol","SR 11               ","SOUNDVIEW RD        ","","15.840","N","N","Overcast","Daylight","Serious Injury Collision","","","Y","N","2","Y","N","N","0","0"
"ED00080","10/28/2022 4:03:00 PM","Whatcom","Bellingham","State Road","State Patrol","I 5                 ","N LAKE SAMISH       ","","247.000","N","N","Clear","Daylight","No Injury Collision","","milepost sign, logs","Y","N","1","Y","N","N","0","0"
"ED00082","10/28/2022 4:52:00 PM","Whatcom","Bellingham","State Road","State Patrol","SR 539              ","LAUREL RD           ","","5.000","N","Y","Overcast","Daylight","No Injury Collision","","","Y","N","3","N","N","N","0","0"
"EC98611","10/28/2022 8:44:00 PM","Whatcom","Bellingham","State Road","State Patrol","I 5                 ","IOWA ST             ","","253.790","N","N","Clear","Dark-Street Lights On","No Injury Collision","","","Y","N","2","N","N","N","0","0"
"ED01196","10/29/2022 8:45:00 PM","Whatcom","Bellingham","State Road","State Patrol","I 5                 ","IOWA ST             ","","253.700","N","N","Overcast","Dark-Street Lights On","Minor Injury Collision","","","Y","N","2","Y","N","N","0","0"
"EC98613","10/29/2022 10:50:00 PM","Whatcom","Bellingham","State Road","State Patrol","I 5                 ","N LAKE SAMISH       ","","246.240","N","N","Clear","Dark-No Street Lights","No Injury Collision","","DEER","Y","N","1","Y","N","N","0","0"
"ED01197","10/30/2022 1:11:00 AM","Whatcom","Bellingham","State Road","State Patrol","I-5                 ","IOWA STREET         ","","254.000","N","N","Raining","Dark-No Street Lights","No Injury Collision","","CABLE BARRIER","Y","N","1","N","N","N","0","0"
"ED00081","10/30/2022 12:00:00 PM","Whatcom","Bellingham","State Road","State Patrol","I 5                 ","SR539               ","","256.400","N","N","Raining","Daylight","No Injury Collision","","Cable Barrier","Y","N","1","N","N","N","0","0"
"ED00083","10/30/2022 2:30:00 PM","Whatcom","Bellingham","State Road","State Patrol","I 5                 ","OHIO ST             ","","253.700","N","N","Raining","Daylight","No Injury Collision","","Light Pole","Y","N","1","N","N","N","0","0"
"ED02758","10/30/2022 3:40:00 PM","Whatcom","Blaine","State Road","State Patrol","BAY RD              ","SR 548              ","","6.950","N","Y","Raining","Daylight","No Injury Collision","","","N","Y","2","N","N","N","0","0"
"ED02758","10/30/2022 3:40:00 PM","Whatcom","Blaine","State Road","State Patrol","BAY RD              ","SR 548              ","","6.950","N","Y","Raining","Daylight","No Injury Collision","","","Y","Y","2","N","N","N","0","0"
"EC98616","10/30/2022 7:44:00 PM","Whatcom","Bellingham","State Road","State Patrol","I 5                 ","OLD FAIRHAVEN PKWY  ","","249.930","N","N","Overcast","Dark-Street Lights Off","Minor Injury Collision","","Roadway Ditch","N","N","3","Y","Y","N","1","0"
"EC98616","10/30/2022 7:44:00 PM","Whatcom","Bellingham","State Road","State Patrol","I 5                 ","OLD FAIRHAVEN PKWY  ","","249.930","N","N","Overcast","Dark-Street Lights Off","Minor Injury Collision","","Roadway Ditch","Y","N","3","Y","Y","N","1","0"
"ED02756","10/31/2022 2:32:00 PM","Whatcom","Bellingham","State Road","State Patrol","I5                  ","BAKERVIEW           ","","257.200","N","N","Overcast","Daylight","No Injury Collision","","","Y","N","2","N","N","N","0","0"
"ED00292","10/31/2022 5:30:00 PM","Whatcom","Sedro-Woolley","State Road","State Patrol","SR 9                ","PARK RD             ","","68.500","N","N","Overcast","Dark-No Street Lights","Minor Injury Collision","","Mailbox","N","N","1","Y","N","N","0","0"
"ED00292","10/31/2022 5:30:00 PM","Whatcom","Sedro-Woolley","State Road","State Patrol","SR 9                ","PARK RD             ","","68.500","N","N","Overcast","Dark-No Street Lights","Minor Injury Collision","","Mailbox","Y","N","1","Y","N","N","0","0"
"ED04213","11/1/2022 8:10:00 PM","Whatcom","Bellingham","State Road","State Patrol","I 5                 ","SAMISH WAY          ","","252.300","N","N","Clear","Dark - Unknown Lighting","No Injury Collision","","deer","Y","N","1","Y","N","N","0","0"
"ED01198","11/1/2022 8:15:00 PM","Whatcom","Bellingham","State Road","State Patrol","I 5                 ","SAMISH WAY          ","","252.400","N","N","Clear","Dark-No Street Lights","No Injury Collision","","Deer","Y","N","1","Y","N","N","0","0"
"ED01199","11/1/2022 8:40:00 PM","Whatcom","Bellingham","State Road","State Patrol","SR 539              ","SMITH RD            ","","3.500","N","Y","Clear","Dark-Street Lights On","Minor Injury Collision","","","Y","N","2","N","N","N","0","0"
"ED01695","11/2/2022 7:55:00 PM","Whatcom","Ferndale","State Road","State Patrol","I 5                 ","SLATER RD           ","","260.000","N","N","Clear","Dark - Unknown Lighting","No Injury Collision","","","Y","Y","2","Y","N","N","0","0"
"ED02763","11/3/2022 4:01:00 PM","Whatcom","Bellingham","State Road","State Patrol","I 5                 ","SUNSET              ","","254.500","N","N","Raining","Daylight","No Injury Collision","","","Y","N","2","N","Y","N","0","0"
"ED02976","11/3/2022 5:07:00 PM","Whatcom","Bellingham","State Road","State Patrol","I 5                 ","SUNSET DRIVE        ","","255.000","N","N","Raining","Dusk","No Injury Collision","","","N","Y","2","N","Y","N","0","0"
"ED02976","11/3/2022 5:07:00 PM","Whatcom","Bellingham","State Road","State Patrol","I 5                 ","SUNSET DRIVE        ","","255.000","N","N","Raining","Dusk","No Injury Collision","","","Y","Y","2","N","Y","N","0","0"
"ED02975","11/3/2022 5:45:00 PM","Whatcom","Bellingham","State Road","State Patrol","I-5                 ","SLATER RD           ","","260.000","N","N","Raining","Dark-No Street Lights","No Injury Collision","","","Y","N","2","N","N","N","0","0"
"ED02974","11/3/2022 6:47:00 PM","Whatcom","Ferndale","State Road","State Patrol","I 5                 ","SLATER ROAD         ","","260.000","N","N","Raining","Dark - Unknown Lighting","Minor Injury Collision","","Roadway Ditch","N","N","2","N","N","N","0","0"
"ED02974","11/3/2022 6:47:00 PM","Whatcom","Ferndale","State Road","State Patrol","I 5                 ","SLATER ROAD         ","","260.000","N","N","Raining","Dark - Unknown Lighting","Minor Injury Collision","","Roadway Ditch","Y","N","2","N","N","N","0","0"
"ED00295","11/3/2022 7:40:00 PM","Whatcom","Bellingham","State Road","State Patrol","I 5                 ","N LAKE SAMISH       ","","249.700","N","N","Raining","Dark-No Street Lights","No Injury Collision","","","Y","N","2","Y","Y","N","0","0"
"ED02977","11/4/2022 2:49:00 AM","Whatcom","Bellingham","State Road","State Patrol","I-5                 ","IOWA ST             ","","254.000","N","N","Overcast","Dark-Street Lights On","No Injury Collision","","deer","Y","N","1","N","N","N","0","0"
"ED02762","11/4/2022 8:15:00 AM","Whatcom","Ferndale","State Road","State Patrol","SR 548              ","PORTAL WAY          ","","0.300","N","N","Raining","Daylight","No Injury Collision","","","Y","N","2","N","N","N","0","0"
"ED02762","11/4/2022 8:15:00 AM","Whatcom","Ferndale","State Road","State Patrol","SR 548              ","PORTAL WAY          ","","0.300","N","N","Raining","Daylight","No Injury Collision","","","N","N","2","N","N","N","0","0"
"ED02757","11/4/2022 12:40:00 PM","Whatcom","Bellingham","State Road","State Patrol","I 5                 ","SR 539              ","","256.000","N","N","Raining","Daylight","No Injury Collision","","","Y","N","3","Y","N","N","0","0"
"ED01127","11/5/2022 12:29:00 AM","Whatcom","Bellingham","State Road","State Patrol","I 5                 ","SAMISH WAY          ","","252.200","N","N","Overcast","Dark-No Street Lights","No Injury Collision","","Roadway Ditch","Y","N","1","Y","N","N","0","0"
"ED02766","11/5/2022 3:35:00 PM","Whatcom","Bellingham","State Road","State Patrol","I 5                 ","IOWA                ","","253.600","N","N","Overcast","Daylight","No Injury Collision","","Mattress","Y","N","2","N","N","N","0","0"
"ED02973","11/5/2022 7:00:00 PM","Whatcom","Ferndale","State Road","State Patrol","I 5                 ","PORTAL WAY          ","","263.000","N","N","Clear","Dark - Unknown Lighting","No Injury Collision","","Deer","Y","N","1","Y","N","N","0","0"
"ED01200","11/6/2022 7:00:00 PM","Whatcom","Lynden","State Road","State Patrol","SR 546              ","VINUP RD            ","","2.500","N","Y","Overcast","Dark-Street Lights On","No Injury Collision","","Culvert","Y","N","1","Y","N","N","0","0"
"ED04216","11/7/2022 11:55:00 AM","Whatcom","Ferndale","State Road","State Patrol","I 5                 ","REST AREA           ","","267.500","N","N","Clear","Daylight","No Injury Collision","","Fence","Y","N","1","N","N","N","0","0"
"ED03115","11/7/2022 12:50:00 PM","Whatcom","","State Road","State Patrol","I-5                 ","SR-542              ","","255.000","N","Y","Overcast","Daylight","No Injury Collision","","","N","N","2","N","N","N","0","0"
"ED03115","11/7/2022 12:50:00 PM","Whatcom","","State Road","State Patrol","I-5                 ","SR-542              ","","255.000","N","Y","Overcast","Daylight","No Injury Collision","","","Y","N","2","N","N","N","0","0"
"ED01694","11/7/2022 4:52:00 PM","Whatcom","Bellingham","State Road","State Patrol","I 5                 ","SAMISH WAY          ","","252.080","N","N","Clear","Dark-Street Lights On","Unknown Injury Collision","","CABLE BARRIER","N","Y","1","N","N","N","0","0"
"ED01694","11/7/2022 4:52:00 PM","Whatcom","Bellingham","State Road","State Patrol","I 5                 ","SAMISH WAY          ","","252.080","N","N","Clear","Dark-Street Lights On","Unknown Injury Collision","","CABLE BARRIER","Y","Y","1","N","N","N","0","0"
"ED01696","11/7/2022 5:54:00 PM","Whatcom","Bellingham","State Road","State Patrol","I 5                 ","NORTHWEST AVE       ","","256.400","N","N","Snowing","Dark-Street Lights On","No Injury Collision","","DEER","N","N","2","Y","N","N","0","0"
"ED01696","11/7/2022 5:54:00 PM","Whatcom","Bellingham","State Road","State Patrol","I 5                 ","NORTHWEST AVE       ","","256.400","N","N","Snowing","Dark-Street Lights On","No Injury Collision","","DEER","Y","N","2","Y","N","N","0","0"
"ED02980","11/8/2022 5:40:00 PM","Whatcom","Ferndale","State Road","State Patrol","I 5                 ","PORTAL WAY          ","","264.200","N","N","Clear","Dark-No Street Lights","No Injury Collision","","Roadway","Y","N","1","N","N","N","0","0"
"ED02767","11/9/2022 6:12:00 AM","Whatcom","Bellingham","State Road","State Patrol","I5                  ","SLATER RD           ","","259.300","N","N","Clear","Dark-No Street Lights","No Injury Collision","","Earth Bank or Ledge","Y","N","1","Y","N","N","0","0"
"ED03125","11/9/2022 4:10:00 PM","Whatcom","Bellingham","State Road","State Patrol","SR 542              ","MARSHALL HILL RD    ","","15.900","N","N","Clear","Daylight","No Injury Collision","","","Y","Y","2","N","N","N","0","0"
"ED02979","11/9/2022 5:08:00 PM","Whatcom","Bellingham","State Road","State Patrol","I-5                 ","MERIDIAN ST         ","","256.000","N","N","Clear","Dark-Street Lights On","No Injury Collision","","","Y","N","2","Y","N","N","0","0"
"ED02768","11/10/2022 7:07:00 AM","Whatcom","Ferndale","State Road","State Patrol","I 5                 ","PORTAL WAY          ","","263.360","N","N","Overcast","Daylight","No Injury Collision","","","Y","N","1","N","N","N","0","0"
"ED02769","11/10/2022 7:08:00 AM","Whatcom","Ferndale","State Road","State Patrol","I 5                 ","PORTAL WAY          ","","263.200","N","N","Overcast","Dawn","No Injury Collision","","deer","Y","N","1","N","N","N","0","0"
"ED02755","11/10/2022 7:15:00 AM","Whatcom","Ferndale","State Road","State Patrol","I 5                 ","PORTAL WAY          ","","263.100","N","N","Clear","Daylight","No Injury Collision","","","Y","N","2","Y","N","N","0","0"
"ED07428","11/10/2022 5:11:00 PM","Whatcom","Bellingham","State Road","State Patrol","SR 542              ","E KELLY ROAD        ","","8.000","N","N","Clear","Dark - Unknown Lighting","No Injury Collision","","","Y","N","2","N","N","N","0","0"
"ED02981","11/10/2022 5:25:00 PM","Whatcom","Bellingham","State Road","State Patrol","I-5                 ","IOWA ST             ","","254.000","N","N","Clear","Dark-Street Lights On","No Injury Collision","","Guardrail","Y","N","5","Y","N","N","0","0"
"ED02981","11/10/2022 5:25:00 PM","Whatcom","Bellingham","State Road","State Patrol","I-5                 ","IOWA ST             ","","254.000","N","N","Clear","Dark-Street Lights On","No Injury Collision","","Guardrail","N","N","5","Y","N","N","0","0"
"ED02982","11/10/2022 6:00:00 PM","Whatcom","Bellingham","State Road","State Patrol","I 5                 ","SR 542              ","","255.100","N","N","Overcast","Dark-No Street Lights","No Injury Collision","","","Y","N","2","Y","N","N","0","0"
"ED04959","11/11/2022 10:04:00 AM","Whatcom","Bellingham","State Road","State Patrol","I 5                 ","BAKERVIEW           ","","258.020","N","N","Overcast","Daylight","No Injury Collision","","deer","Y","N","1","Y","N","N","0","0"
"ED04453","11/11/2022 5:51:00 PM","Whatcom","Bellingham","State Road","State Patrol","I-5                 ","NULLE RD            ","","242.000","N","N","Clear","Dark-No Street Lights","No Injury Collision","","","Y","N","2","Y","N","N","0","0"
"ED07430","11/11/2022 5:57:00 PM","Whatcom","Bellingham","State Road","State Patrol","I 5                 ","SR 539              ","","256.000","N","Y","Clear","Dark - Unknown Lighting","Minor Injury Collision","","Concrete/Jersey Barrier","N","N","1","N","N","N","0","0"
"ED07430","11/11/2022 5:57:00 PM","Whatcom","Bellingham","State Road","State Patrol","I 5                 ","SR 539              ","","256.000","N","Y","Clear","Dark - Unknown Lighting","Minor Injury Collision","","Concrete/Jersey Barrier","Y","N","1","N","N","N","0","0"
"ED04958","11/13/2022 3:29:00 AM","Whatcom","Everson","State Road","State Patrol","SR 544              ","RASPBERRY DR        ","","2.220","N","N","Clear","Dark-No Street Lights","No Injury Collision","","pole, fire hydrant","Y","N","1","N","N","N","0","0"
"ED04454","11/13/2022 3:58:00 PM","Whatcom","Sumas","State Road","State Patrol","STATE ROUTE 547     ","FROST ROAD          ","5136  ","","N","N","Clear","Dusk","Minor Injury Collision","","Earth Bank or Ledge","Y","N","1","Y","N","N","0","0"
"ED07427","11/13/2022 9:30:00 PM","Whatcom","Blaine","State Road","State Patrol","I 5                 ","BIRCH BAY LYNDEN RD ","","271.000","N","N","Clear","Dark-No Street Lights","No Injury Collision","","Deer","Y","N","1","Y","N","N","0","0"
"ED09889","11/14/2022 10:05:00 AM","Whatcom","Bellingham","State Road","State Patrol","I 5                 ","IOWA                ","","253.800","N","N","Clear","Daylight","No Injury Collision","","","N","Y","3","N","N","N","0","0"
"ED09889","11/14/2022 10:05:00 AM","Whatcom","Bellingham","State Road","State Patrol","I 5                 ","IOWA                ","","253.800","N","N","Clear","Daylight","No Injury Collision","","","Y","Y","3","N","N","N","0","0"
"ED19478","11/14/2022 3:00:00 PM","Whatcom","Bellingham","State Road","State Patrol","I 5                 ","SUNSET DRIVE        ","","255.200","N","N","Clear","Daylight","No Injury Collision","","","Y","Y","2","N","N","N","0","0"
"ED04455","11/14/2022 9:26:00 PM","Whatcom","Bellingham","State Road","State Patrol","I-5                 ","SUNSET DRIVE        ","","255.000","N","N","Clear","Dark-No Street Lights","No Injury Collision","","","Y","N","2","N","Y","N","0","0"
"ED04456","11/14/2022 9:38:00 PM","Whatcom","Ferndale","State Road","State Patrol","I 5                 ","SMITH ROAD          ","","262.000","N","N","Fog or Smog or Smoke","Dark - Unknown Lighting","Minor Injury Collision","","DEER","Y","N","1","N","N","N","0","0"
"ED04457","11/14/2022 9:38:00 PM","Whatcom","Ferndale","State Road","State Patrol","I 5                 ","SMITH RD            ","","262.000","N","N","Fog or Smog or Smoke","Dark - Unknown Lighting","No Injury Collision","","Deer","N","N","1","N","N","N","0","0"
"ED07425","11/14/2022 9:38:00 PM","Whatcom","Ferndale","State Road","State Patrol","I 5                 ","SMITH ROAD          ","","262.000","N","N","Fog or Smog or Smoke","Dark - Unknown Lighting","No Injury Collision","","Deer","Y","N","1","Y","N","N","0","0"
"ED07433","11/14/2022 9:50:00 PM","Whatcom","Ferndale","State Road","State Patrol","I 5                 ","SMITH RD            ","","262.000","N","N","Fog or Smog or Smoke","Dark-No Street Lights","No Injury Collision","","deer","Y","N","1","Y","N","N","0","0"
"ED04956","11/15/2022 6:02:00 AM","Whatcom","Bellingham","State Road","State Patrol","SR 542              ","Y RD                ","","6.300","N","N","Clear","Dark-No Street Lights","No Injury Collision","","","Y","N","1","N","N","N","0","0"
"ED07426","11/15/2022 4:21:00 PM","Whatcom","Bellingham","State Road","State Patrol","I-5                 ","SUNSET DR           ","","255.000","N","N","Clear","Dusk","No Injury Collision","","","Y","N","2","N","N","N","0","0"
"ED07431","11/15/2022 5:24:00 PM","Whatcom","Lynden","State Road","State Patrol","SR 539              ","LAUREL RD           ","5800  ","","N","Y","Clear","Dark-Street Lights On","No Injury Collision","","","Y","N","2","N","N","N","0","0"
"ED04957","11/16/2022 8:47:00 AM","Whatcom","Lynden","State Road","State Patrol","SR 539              ","E WISER LK RD       ","","8.570","N","Y","Fog or Smog or Smoke","Daylight","No Injury Collision","","","Y","N","2","N","Y","N","0","0"
"ED09890","11/16/2022 9:56:00 AM","Whatcom","Bellingham","State Road","State Patrol","I 5                 ","SAMISH WAY          ","","251.060","N","N","Clear","Daylight","No Injury Collision","","cable barrier","Y","N","1","N","N","N","0","0"
"ED09891","11/16/2022 1:00:00 PM","Whatcom","Lynden","State Road","State Patrol","SR 539              ","POLE RD             ","","7.500","N","Y","Clear","Daylight","No Injury Collision","","","Y","N","2","N","N","N","0","0"
"ED09891","11/16/2022 1:00:00 PM","Whatcom","Lynden","State Road","State Patrol","SR 539              ","POLE RD             ","","7.500","N","Y","Clear","Daylight","No Injury Collision","","","N","N","2","N","N","N","0","0"
"ED04960","11/17/2022 7:40:00 AM","Whatcom","Bellingham","State Road","State Patrol","SR 542              ","FINSRUD RD          ","","11.110","N","N","Clear","Daylight","Unknown Injury Collision","","","Y","N","1","N","N","N","0","0"
"ED09894","11/17/2022 8:12:00 AM","Whatcom","Everson","State Road","State Patrol","SR 544              ","VANDYK RD           ","7167  ","","N","N","Clear","Daylight","No Injury Collision","","","Y","N","2","N","N","N","0","0"
"ED07429","11/18/2022 5:02:00 PM","Whatcom","Bellingham","State Road","State Patrol","I 5                 ","OHIO STREET         ","","254.000","N","N","Clear","Dusk","No Injury Collision","","","Y","N","2","Y","N","N","0","0"
"ED07429","11/18/2022 5:02:00 PM","Whatcom","Bellingham","State Road","State Patrol","I 5                 ","OHIO STREET         ","","254.000","N","N","Clear","Dusk","No Injury Collision","","","N","N","2","Y","N","N","0","0"
"ED09231","11/18/2022 5:53:00 PM","Whatcom","Bellingham","State Road","State Patrol","I-5                 ","MERIDIAN ST         ","","256.000","N","N","Clear","Dark-No Street Lights","No Injury Collision","","DITCH","Y","N","1","N","N","N","0","0"
"ED09895","11/20/2022 9:44:00 AM","Whatcom","Bellingham","State Road","State Patrol","SR 542              ","EVERSON GOSHEN      ","","4.800","N","Y","Overcast","Daylight","No Injury Collision","","","Y","N","2","N","N","N","0","0"
"ED09893","11/20/2022 6:00:00 PM","Whatcom","Bellingham","State Road","State Patrol","SR 542              ","NR-3075             ","","53.200","N","N","Overcast","Dark-No Street Lights","No Injury Collision","","Ditch","Y","N","1","N","N","N","0","0"
"ED09896","11/22/2022 9:10:00 AM","Whatcom","Bellingham","State Road","State Patrol","I 5                 ","SR 11               ","","251.400","N","N","Raining","Daylight","No Injury Collision","","guradrail","Y","N","1","N","N","N","0","0"
"ED07434","11/22/2022 6:40:00 PM","Whatcom","Bellingham","State Road","State Patrol","SR 542              ","MARSHALL HILL RD    ","","15.800","N","N","Overcast","Dark-No Street Lights","Serious Injury Collision","","","Y","N","2","Y","N","N","0","0"
"ED09910","11/22/2022 8:07:00 PM","Whatcom","Blaine","State Road","State Patrol","SR 548              ","BIRCH BAY LYNDEN RD ","","8.600","N","N","Overcast","Dark-No Street Lights","Unknown Injury Collision","","Earth Bank or Ledge","Y","N","1","N","N","N","0","0"
"ED09892","11/24/2022 11:24:00 AM","Whatcom","Bellingham","State Road","State Patrol","SR 542              ","FINSRUD RD          ","","11.010","N","N","Clear","Daylight","No Injury Collision","","","Y","N","2","Y","N","N","0","0"
"ED11632","11/25/2022 1:56:00 PM","Whatcom","Bellingham","State Road","State Patrol","SR 9                ","STRAND RD           ","","75.200","N","N","Clear","Daylight","No Injury Collision","","","Y","N","5","N","N","N","0","0"
"ED14219","11/25/2022 5:50:00 PM","Whatcom","Blaine","State Road","State Patrol","SR 543              ","I 5                 ","","0.100","N","N","Overcast","Dark-No Street Lights","Minor Injury Collision","","","Y","N","2","Y","N","N","0","0"
"ED09911","11/25/2022 9:35:00 PM","Whatcom","Sumas","State Road","State Patrol","SR 547              ","WHEELER RD          ","","1.000","N","Y","Overcast","Dark-Street Lights On","Minor Injury Collision","","Earth Bank or Ledge","Y","N","1","N","N","N","0","0"
"ED12078","11/26/2022 12:17:00 AM","Whatcom","Bellingham","State Road","State Patrol","SR 542              ","TRUCK ROAD          ","","15.300","N","N","Clear","Dark-No Street Lights","No Injury Collision","","Earth Bank or Ledge","Y","N","1","Y","N","N","0","0"
"ED11633","11/26/2022 11:20:00 AM","Whatcom","Lynden","State Road","State Patrol","SR539               ","SR 544              ","","7.500","N","Y","Overcast","Daylight","No Injury Collision","","","Y","N","2","N","N","N","0","0"
"ED09898","11/26/2022 11:21:00 AM","Whatcom","Nooksack","State Road","State Patrol","SR 9                ","WICKERSHAM ST       ","","67.580","N","N","Raining","Daylight","No Injury Collision","","","Y","N","2","N","N","N","0","0"
"ED14223","11/26/2022 9:30:00 PM","Whatcom","Nooksack","State Road","State Patrol","SR 9                ","SIPER RD            ","","85.700","N","N","Raining","Dark-No Street Lights","Unknown Injury Collision","","Utility Pole","Y","Y","1","N","N","N","0","0"
"ED14225","11/26/2022 11:00:00 PM","Whatcom","Bellingham","State Road","State Patrol","I 5                 ","NORTHWEST           ","","257.100","N","N","Raining","Dark-Street Lights On","Minor Injury Collision","","Guardrail x2","Y","N","1","N","N","N","0","0"
"ED14224","11/27/2022 2:02:00 AM","Whatcom","Bellingham","State Road","State Patrol","SR 542              ","Y RD                ","","6.200","N","N","Raining","Dark-No Street Lights","No Injury Collision","","DITCH","Y","N","1","N","N","N","0","0"
"ED09254","11/27/2022 4:36:00 PM","Whatcom","Nooksack","State Road","State Patrol","SR 9                ","SIPER RD            ",".     ","","N","N","Overcast","Daylight","Minor Injury Collision","","Utility Pole, Fences, Trees","Y","N","2","Y","N","N","0","0"
"ED09255","11/27/2022 6:44:00 PM","Whatcom","Everson","State Road","State Patrol","SR 544              ","HANNEGAN            ","","2.000","N","Y","Clear","Dark-Street Lights On","No Injury Collision","","Traffic Signal Pole","Y","N","2","N","N","N","0","0"
"ED14226","11/27/2022 10:08:00 PM","Whatcom","Lynden","State Road","State Patrol","SR 539              ","SR 546              ","","12.500","N","Y","Overcast","Dark-Street Lights On","No Injury Collision","","","Y","Y","2","Y","N","N","0","0"
"ED14222","11/28/2022 1:06:00 AM","Whatcom","Bellingham","State Road","State Patrol","I 5                 ","LAKEWAY             ","","253.000","N","N","Sleet or Hail or Freezing Rain","Dark-Street Lights On","Minor Injury Collision","","Cable Barrier / Guard Rail","Y","N","1","N","N","N","0","0"
"ED11635","11/28/2022 8:30:00 AM","Whatcom","Bellingham","State Road","State Patrol","SR 542              ","MARKEL RD           ","","20.200","N","N","Overcast","Daylight","No Injury Collision","","Ditch","Y","N","1","N","N","N","0","0"
"ED11634","11/28/2022 9:00:00 AM","Whatcom","Bellingham","State Road","State Patrol","SR 542              ","MARKEL RD.          ","","20.200","N","N","Overcast","Daylight","No Injury Collision","","ditch and fence","N","N","1","N","N","N","0","0"
"ED11634","11/28/2022 9:00:00 AM","Whatcom","Bellingham","State Road","State Patrol","SR 542              ","MARKEL RD.          ","","20.200","N","N","Overcast","Daylight","No Injury Collision","","ditch and fence","Y","N","1","N","N","N","0","0"
"ED14221","11/29/2022 12:35:00 AM","Whatcom","Bellingham","State Road","State Patrol","I 5                 ","SUNSET DR           ","","254.300","N","N","Clear","Dark-Street Lights On","No Injury Collision","","","N","N","3","N","Y","N","0","0"
"ED14221","11/29/2022 12:35:00 AM","Whatcom","Bellingham","State Road","State Patrol","I 5                 ","SUNSET DR           ","","254.300","N","N","Clear","Dark-Street Lights On","No Injury Collision","","","Y","N","3","N","Y","N","0","0"
"ED12080","11/29/2022 2:47:00 AM","Whatcom","Ferndale","State Road","State Patrol","I 5                 ","GRANDVIEW           ","","266.000","N","Y","Clear","Dark-Street Lights On","No Injury Collision","","","Y","Y","3","N","N","N","0","0"
"ED12080","11/29/2022 2:47:00 AM","Whatcom","Ferndale","State Road","State Patrol","I 5                 ","GRANDVIEW           ","","266.000","N","Y","Clear","Dark-Street Lights On","No Injury Collision","","","N","Y","3","N","N","N","0","0"
"ED09897","11/29/2022 8:10:00 AM","Whatcom","Bellingham","State Road","State Patrol","I 5                 ","N LAKE SAMISH       ","","246.860","N","N","Overcast","Daylight","No Injury Collision","","median ditch","Y","N","2","N","N","N","0","0"
"ED09897","11/29/2022 8:10:00 AM","Whatcom","Bellingham","State Road","State Patrol","I 5                 ","N LAKE SAMISH       ","","246.860","N","N","Overcast","Daylight","No Injury Collision","","median ditch","N","N","2","N","N","N","0","0"
"ED09900","11/29/2022 1:09:00 PM","Whatcom","Bellingham","State Road","State Patrol","I 5                 ","IOWA ST             ","","253.930","N","N","Overcast","Daylight","No Injury Collision","","Concrete/Jersey Barrier","Y","N","1","N","N","N","0","0"
"ED09901","11/29/2022 3:43:00 PM","Whatcom","Ferndale","State Road","State Patrol","I 5                 ","SR 548              ","","265.950","N","N","Snowing","Daylight","Minor Injury Collision","","ditch","Y","N","2","Y","N","N","0","0"
"ED09902","11/30/2022 4:09:00 AM","Whatcom","Bellingham","State Road","State Patrol","I 5                 ","N. LK. SAMISH       ","","246.200","N","N","Snowing","Dark-Street Lights On","No Injury Collision","","Guardrail","Y","N","1","N","N","N","0","0"
"ED09902","11/30/2022 4:09:00 AM","Whatcom","Bellingham","State Road","State Patrol","I 5                 ","N. LK. SAMISH       ","","246.200","N","N","Snowing","Dark-Street Lights On","No Injury Collision","","Guardrail","N","N","1","N","N","N","0","0"
"ED11637","11/30/2022 4:10:00 AM","Whatcom","Bellingham","State Road","State Patrol","I 5                 ","NORTH LAKE SAMISH   ","","246.000","N","N","Clear","Dark-No Street Lights","No Injury Collision","","Earth Bank or Ledge","Y","N","1","Y","Y","N","0","0"
"ED11639","12/1/2022 1:39:00 PM","Whatcom","Bellingham","State Road","State Patrol","I 5                 ","SR 542              ","","254.880","N","N","Clear","Daylight","No Injury Collision","","sign","Y","N","1","N","N","N","0","0"
"ED12079","12/1/2022 4:56:00 PM","Whatcom","Ferndale","State Road","State Patrol","I 5                 ","PORTAL WAY          ","","263.100","N","N","Clear","Dark - Unknown Lighting","Minor Injury Collision","","","Y","N","3","Y","N","N","0","0"
"ED14220","12/2/2022 4:41:00 PM","Whatcom","Bellingham","State Road","State Patrol","I 5                 ","IOWA STREET         ","","253.000","N","N","Clear","Dark - Unknown Lighting","No Injury Collision","","","Y","N","2","Y","N","N","0","0"
"ED12081","12/3/2022 1:50:00 AM","Whatcom","Bellingham","State Road","State Patrol","I-5                 ","BAKERVIEW RD        ","","258.000","N","N","Sleet or Hail or Freezing Rain","Dark-Street Lights On","No Injury Collision","","Earth Bank or Ledge","Y","N","1","N","N","N","0","0"