"Collision Report Number","Collision Date","County","City","Jurisdiction","Agency","Primary Trafficway","Secondary Trafficway","Block Number","Mile Post","School Zone","Intersection Related","Weather Condition","Lighting Condition","Injury Severity","Collision Type","Object Struck","Damage Threshold Met","Hit and Run","Motor Vehicles Involved","Passengers Involved","Commercial Carrier Involved","School Bus Involved","Pedestrians Involved","Pedalcyclists Involved"
"ED14019","12/4/2022 10:56:00 AM","Whatcom","Nooksack","State Road","State Patrol","SR 542              ","45TH DR             ","","12.450","N","N","Clear","Daylight","No Injury Collision","","","N","N","2","N","N","N","0","0"
"ED14019","12/4/2022 10:56:00 AM","Whatcom","Nooksack","State Road","State Patrol","SR 542              ","45TH DR             ","","12.450","N","N","Clear","Daylight","No Injury Collision","","","Y","N","2","N","N","N","0","0"
"ED14023","12/5/2022 8:24:00 AM","Whatcom","Blaine","State Road","State Patrol","SR 543              ","BOBLETT ST          ","","0.290","N","Y","Clear","Daylight","No Injury Collision","","","N","N","2","N","Y","N","0","0"
"ED14023","12/5/2022 8:24:00 AM","Whatcom","Blaine","State Road","State Patrol","SR 543              ","BOBLETT ST          ","","0.290","N","Y","Clear","Daylight","No Injury Collision","","","Y","N","2","N","Y","N","0","0"
"ED11640","12/5/2022 9:16:00 AM","Whatcom","Ferndale","State Road","State Patrol","I 5                 ","PORTAL WAY          ","","263.220","N","N","Clear","Daylight","Minor Injury Collision","","","Y","N","2","N","N","N","0","0"
"ED19650","12/5/2022 12:55:00 PM","Whatcom","Ferndale","State Road","State Patrol","I 5                 ","SLATER RD           ","","260.600","N","N","Clear","Daylight","No Injury Collision","","","Y","Y","2","Y","N","N","0","0"
"ED14025","12/5/2022 1:23:00 PM","Whatcom","Lynden","State Road","State Patrol","SR 546              ","DEPOT RD            ","","1.500","N","Y","Clear","Daylight","No Injury Collision","","","Y","N","2","N","N","N","0","0"
"ED14022","12/5/2022 4:35:00 PM","Whatcom","Ferndale","State Road","State Patrol","I5                  ","MAIN ST             ","","262.500","N","N","Overcast","Dark-Street Lights On","Minor Injury Collision","","","Y","N","3","N","N","N","0","0"
"ED12083","12/5/2022 4:55:00 PM","Whatcom","Ferndale","State Road","State Patrol","I5                  ","MAIN ST             ","","262.600","N","N","Clear","Dark-Street Lights On","No Injury Collision","","","Y","N","2","N","N","N","0","0"
"ED43562","12/5/2022 5:01:00 PM","Whatcom","Bellingham","State Road","State Patrol","I 5                 ","NULLE RD            ","","244.780","N","N","Clear","Dusk","No Injury Collision","","","Y","N","3","N","Y","N","0","0"
"ED14227","12/5/2022 11:16:00 PM","Whatcom","Bellingham","State Road","State Patrol","I 5                 ","IOWA                ","","253.800","N","N","Overcast","Dark-Street Lights On","No Injury Collision","","","Y","Y","2","N","N","N","0","0"
"ED14024","12/6/2022 6:22:00 AM","Whatcom","Nooksack","State Road","State Patrol","SR 9                ","STRAND RD           ","","75.070","N","N","Overcast","Dark-No Street Lights","No Injury Collision","","Culvert","Y","N","1","N","N","N","0","0"
"ED14026","12/6/2022 4:50:00 PM","Whatcom","Bellingham","State Road","State Patrol","I 5                 ","IOWA ST             ","","253.600","N","N","Raining","Dark-Street Lights On","Minor Injury Collision","","","Y","N","2","Y","N","N","0","0"
"ED14026","12/6/2022 4:50:00 PM","Whatcom","Bellingham","State Road","State Patrol","I 5                 ","IOWA ST             ","","253.600","N","N","Raining","Dark-Street Lights On","Minor Injury Collision","","","N","N","2","Y","N","N","0","0"
"ED12082","12/6/2022 5:05:00 PM","Whatcom","Bellingham","State Road","State Patrol","I5                  ","IOWA ST.            ","","253.800","N","N","Raining","Dark-Street Lights On","No Injury Collision","","","Y","N","3","Y","N","N","0","0"
"ED12082","12/6/2022 5:05:00 PM","Whatcom","Bellingham","State Road","State Patrol","I5                  ","IOWA ST.            ","","253.800","N","N","Raining","Dark-Street Lights On","No Injury Collision","","","N","N","3","Y","N","N","0","0"
"ED14215","12/8/2022 3:21:00 PM","Whatcom","Everson","State Road","State Patrol","SR-544              ","MECKLEM RD          ","","4.650","N","Y","Clear","Daylight","No Injury Collision","","","N","N","2","N","N","N","0","0"
"ED14215","12/8/2022 3:21:00 PM","Whatcom","Everson","State Road","State Patrol","SR-544              ","MECKLEM RD          ","","4.650","N","Y","Clear","Daylight","No Injury Collision","","","Y","N","2","N","N","N","0","0"
"ED21771","12/8/2022 10:57:00 PM","Whatcom","Blaine","State Road","State Patrol","SR 548              ","DRAYTON HARBOR RD   ","","10.000","N","N","Raining","Dark-No Street Lights","Minor Injury Collision","","","Y","N","2","N","N","N","0","0"
"ED19479","12/9/2022 5:04:00 PM","Whatcom","Ferndale","State Road","State Patrol","I 5                 ","MAIN STREET         ","","262.000","N","Y","Overcast","Dark-Street Lights On","No Injury Collision","","Guardrail","N","N","1","N","Y","N","0","0"
"ED19479","12/9/2022 5:04:00 PM","Whatcom","Ferndale","State Road","State Patrol","I 5                 ","MAIN STREET         ","","262.000","N","Y","Overcast","Dark-Street Lights On","No Injury Collision","","Guardrail","Y","N","1","N","Y","N","0","0"
"ED14228","12/9/2022 5:27:00 PM","Whatcom","Bellingham","State Road","State Patrol","I 5                 ","SUNSET DR           ","","255.000","N","N","Overcast","Dark-Street Lights On","No Injury Collision","","","Y","N","2","N","N","N","0","0"
"ED14229","12/9/2022 9:33:00 PM","Whatcom","Bellingham","State Road","State Patrol","I-5                 ","SUNSET DRIVE        ","","255.000","N","N","Overcast","Dark-Street Lights On","No Injury Collision","","Pavement","Y","N","1","N","N","N","0","0"
"ED18154","12/10/2022 1:17:00 PM","Whatcom","Bellingham","State Road","State Patrol","I 5                 ","SAMISH WAY          ","","246.400","N","N","Overcast","Daylight","Minor Injury Collision","","ditch","Y","N","1","N","N","N","0","0"
"ED19477","12/10/2022 6:17:00 PM","Whatcom","Nooksack","State Road","State Patrol","SR 542              ","KACHINA ROAD        ","","24.600","N","N","Raining","Dark-No Street Lights","Minor Injury Collision","","Tree or Stump","Y","N","1","N","N","N","0","0"
"ED43563","12/11/2022 10:24:00 AM","Whatcom","Bellingham","State Road","State Patrol","SR 539              ","AXTON RD            ","","4.500","N","Y","Clear","Daylight","No Injury Collision","","","Y","N","4","Y","N","N","0","0"
"ED43544","12/12/2022 6:15:00 AM","Whatcom","Everson","State Road","State Patrol","SR 544              ","NOONE RD            ","","4.350","N","N","Clear","Dawn","No Injury Collision","","Utility Pole","Y","N","1","N","N","N","0","0"
"ED23741","12/12/2022 7:35:00 AM","Whatcom","Everson","State Road","State Patrol","SR 9                ","HOPEWELL RD         ","","87.720","N","N","Overcast","Daylight","No Injury Collision","","Ditch","Y","N","1","N","N","N","0","0"
"ED15009","12/14/2022 12:50:00 AM","Whatcom","Bellingham","State Road","State Patrol","INTERSTATE 5        ","OLD SAMISH RD       ","","248.500","N","N","Overcast","Dark-No Street Lights","Serious Injury Collision","","Guardrail","Y","N","2","N","N","N","0","0"
"ED18153","12/14/2022 8:02:00 AM","Whatcom","Bellingham","State Road","State Patrol","I 5                 ","NORTHWEST AVE       ","","256.510","N","N","Clear","Daylight","No Injury Collision","","Wire Barrier","Y","N","1","N","N","N","0","0"
"ED23736","12/14/2022 12:18:00 PM","Whatcom","Bellingham","State Road","State Patrol","SR 539              ","POLE RD             ","","7.400","N","N","Clear","Daylight","No Injury Collision","","","Y","N","2","N","N","N","0","0"
"ED17502","12/15/2022 12:55:00 PM","Whatcom","Bellingham","State Road","State Patrol","I 5                 ","SR 539              ","","256.200","N","N","Clear","Daylight","No Injury Collision","","","N","N","2","N","Y","N","0","0"
"ED17502","12/15/2022 12:55:00 PM","Whatcom","Bellingham","State Road","State Patrol","I 5                 ","SR 539              ","","256.200","N","N","Clear","Daylight","No Injury Collision","","","Y","N","2","N","Y","N","0","0"
"ED19481","12/15/2022 4:53:00 PM","Whatcom","Bellingham","State Road","State Patrol","SR 542              ","SR 9                ","","9.900","N","N","Clear","Dark-No Street Lights","No Injury Collision","","Deer","Y","N","1","N","N","N","0","0"
"ED19482","12/15/2022 5:44:00 PM","Whatcom","Bellingham","State Road","State Patrol","I-5                 ","N LAKE SAMISH RD    ","","249.000","N","N","Clear","Dark-No Street Lights","No Injury Collision","","","Y","N","2","N","N","N","0","0"
"ED18156","12/16/2022 2:46:00 PM","Whatcom","Bellingham","State Road","State Patrol","SR 542              ","MOSQUITO LAKE RD    ","","16.850","N","Y","Fog or Smog or Smoke","Daylight","Minor Injury Collision","","","Y","N","2","N","N","N","0","0"
"ED20283","12/18/2022 6:11:00 AM","Whatcom","Bellingham","State Road","State Patrol","I 5                 ","NORTHWEST AVE       ","","257.000","N","N","Overcast","Dark-Street Lights On","No Injury Collision","","Guardrail","Y","N","1","N","N","N","0","0"
"ED20284","12/18/2022 11:15:00 AM","Whatcom","Ferndale","State Road","State Patrol","I 5                 ","MAIN STREET         ","","262.900","N","N","Clear","Daylight","No Injury Collision","","cable barrier","Y","N","1","Y","N","N","0","0"
"ED23731","12/19/2022 12:27:00 PM","Whatcom","Sumas","State Road","State Patrol","SR 547              ","CHATEAU RD          ","7963  ","","N","N","Snowing","Daylight","No Injury Collision","","Utility Pole","Y","N","2","N","N","N","0","0"
"ED18155","12/19/2022 5:13:00 PM","Whatcom","Ferndale","State Road","State Patrol","SR 548              ","N STAR ROAD         ","","3.450","N","Y","Snowing","Dark-No Street Lights","No Injury Collision","","","Y","N","2","N","N","N","0","0"
"ED16720","12/19/2022 6:53:00 PM","Whatcom","Bellingham","State Road","State Patrol","I 5                 ","S SAMISH WAY        ","","252.260","N","N","Clear","Dark-Street Lights On","No Injury Collision","","Roadway Ditch","N","N","1","N","N","N","0","0"
"ED16720","12/19/2022 6:53:00 PM","Whatcom","Bellingham","State Road","State Patrol","I 5                 ","S SAMISH WAY        ","","252.260","N","N","Clear","Dark-Street Lights On","No Injury Collision","","Roadway Ditch","Y","N","1","N","N","N","0","0"
"ED16721","12/19/2022 10:42:00 PM","Whatcom","Bellingham","State Road","State Patrol","I 5                 ","SAMISH WAY          ","","246.220","N","N","Snowing","Dark-No Street Lights","No Injury Collision","","Guardrail","Y","N","1","N","N","N","0","0"
"ED23730","12/19/2022 11:00:00 PM","Whatcom","Bellingham","State Road","State Patrol","I 5                 ","SR 539              ","","256.200","N","N","Snowing","Dark-Street Lights On","No Injury Collision","","Yield sign","N","N","1","N","N","N","0","0"
"ED23730","12/19/2022 11:00:00 PM","Whatcom","Bellingham","State Road","State Patrol","I 5                 ","SR 539              ","","256.200","N","N","Snowing","Dark-Street Lights On","No Injury Collision","","Yield sign","Y","N","1","N","N","N","0","0"
"ED21557","12/20/2022 12:49:00 PM","Whatcom","Lynden","State Road","State Patrol","SB SR 539           ","SR 544              ","","7.000","N","N","Overcast","Daylight","No Injury Collision","","","Y","N","2","Y","N","N","0","0"
"ED19480","12/20/2022 12:50:00 PM","Whatcom","Bellingham","State Road","State Patrol","SR 539              ","HORTON RD           ","","1.700","N","N","Overcast","Daylight","No Injury Collision","","Concrete block","Y","N","1","N","N","N","0","0"
"ED18157","12/20/2022 9:14:00 PM","Whatcom","Bellingham","State Road","State Patrol","I 5                 ","SUNSET DR           ","","255.110","N","Y","Snowing","Dark-Street Lights On","No Injury Collision","","EXIT SIGN","Y","N","1","N","N","N","0","0"
"ED19488","12/21/2022 7:43:00 AM","Whatcom","Sumas","State Road","State Patrol","SR-9                ","E BADGER RD         ","","95.000","N","N","Clear","Daylight","No Injury Collision","","","Y","N","2","Y","Y","N","0","0"
"ED18158","12/21/2022 5:48:00 PM","Whatcom","Bellingham","State Road","State Patrol","I 5                 ","STATE ST/IOWA       ","","253.500","N","N","Overcast","Dark-Street Lights On","No Injury Collision","","CABLE BARRIER","Y","N","1","N","N","N","0","0"
"ED19651","12/22/2022 4:54:00 PM","Whatcom","Everson","State Road","State Patrol","SR 544              ","MECKLEM RD          ","","4.500","N","N","Overcast","Dark-No Street Lights","No Injury Collision","","Utility Pole","Y","N","1","N","N","N","0","0"
"ED19485","12/23/2022 8:52:00 AM","Whatcom","Bellingham","State Road","State Patrol","I 5                 ","OLD FAIRHAVEN PKWY  ","","250.300","N","N","Clear","Daylight","No Injury Collision","","Guardrail","Y","N","1","N","N","N","0","0"
"ED19484","12/23/2022 9:13:00 AM","Whatcom","Bellingham","State Road","State Patrol","I 5                 ","SR 11               ","","250.300","N","N","Sleet or Hail or Freezing Rain","Daylight","No Injury Collision","","snow","Y","N","2","Y","N","N","0","0"
"ED19483","12/23/2022 11:10:00 AM","Whatcom","Bellingham","State Road","State Patrol","I5                  ","SAMISH WAY          ","","252.000","N","N","Sleet or Hail or Freezing Rain","Daylight","No Injury Collision","","Concrete/Jersey Barrier","Y","N","1","N","N","N","0","0"
"ED20281","12/23/2022 11:55:00 AM","Whatcom","Bellingham","State Road","State Patrol","I 5                 ","NORTHWEST           ","","257.000","N","N","Sleet or Hail or Freezing Rain","Daylight","No Injury Collision","","snow bank","Y","N","2","Y","N","N","0","0"
"ED24152","12/23/2022 2:06:00 PM","Whatcom","Bellingham","State Road","State Patrol","I 5                 ","N LAKE SAMISH       ","","246.000","N","N","Raining","Daylight","Minor Injury Collision","","Ditch","Y","N","1","Y","N","N","0","0"
"ED24153","12/23/2022 3:13:00 PM","Whatcom","Bellingham","State Road","State Patrol","I 5                 ","FAIRHAVEN PKWY      ","","249.000","N","N","Overcast","Daylight","No Injury Collision","","","Y","N","1","N","N","N","0","0"
"ED20138","12/23/2022 4:19:00 PM","Whatcom","Bellingham","State Road","State Patrol","SR 542              ","GLACIER SPRINGS     ","","30.000","N","N","Overcast","Dark-No Street Lights","Minor Injury Collision","","","Y","Y","2","Y","N","N","0","0"
"ED43543","12/23/2022 10:23:00 PM","Whatcom","Ferndale","State Road","State Patrol","I 5                 ","PORTAL WAY          ","","263.580","N","N","Snowing","Dark-No Street Lights","No Injury Collision","","Guardrail","N","N","1","N","N","N","0","0"
"ED43543","12/23/2022 10:23:00 PM","Whatcom","Ferndale","State Road","State Patrol","I 5                 ","PORTAL WAY          ","","263.580","N","N","Snowing","Dark-No Street Lights","No Injury Collision","","Guardrail","Y","N","1","N","N","N","0","0"
"ED28074","12/24/2022 12:00:00 AM","Whatcom","Bellingham","State Road","State Patrol","SR 539              ","KELLY RD            ","","2.350","N","N","Snowing","Dark-Street Lights On","Minor Injury Collision","","Concrete/Jersey Barrier","Y","N","2","N","N","N","0","0"
"ED19486","12/24/2022 4:03:00 AM","Whatcom","Ferndale","State Road","State Patrol","I5                  ","BIRCH BAY LYNDEN RD ","","270.000","N","N","Raining","Dark-No Street Lights","No Injury Collision","","Tree or Stump","Y","N","1","N","N","N","0","0"
"ED25742","12/24/2022 11:41:00 AM","Whatcom","Ferndale","State Road","State Patrol","I 5 SOUTH           ","SLATER              ","","260.000","N","N","Overcast","Daylight","No Injury Collision","","Metal Sign Post","Y","N","1","N","Y","N","0","0"
"ED25742","12/24/2022 11:41:00 AM","Whatcom","Ferndale","State Road","State Patrol","I 5 SOUTH           ","SLATER              ","","260.000","N","N","Overcast","Daylight","No Injury Collision","","Metal Sign Post","N","N","1","N","Y","N","0","0"
"ED43545","12/24/2022 11:11:00 PM","Whatcom","Bellingham","State Road","State Patrol","SR 9                ","POTTER RD           ","","77.930","N","N","Overcast","Dark-No Street Lights","No Injury Collision","","Guardrail","Y","N","1","N","N","N","0","0"
"ED20282","12/25/2022 11:32:00 AM","Whatcom","Bellingham","State Road","State Patrol","I 5                 ","SR 539              ","","255.880","N","N","Overcast","Daylight","Minor Injury Collision","","","Y","N","2","Y","N","N","0","0"
"ED21773","12/27/2022 3:19:00 PM","Whatcom","Ferndale","State Road","State Patrol","I 5                 ","PORTAL WAY          ","","263.000","N","Y","Overcast","Daylight","Minor Injury Collision","","none","Y","N","3","Y","N","N","0","0"
"ED20280","12/28/2022 2:50:00 PM","Whatcom","Bellingham","State Road","State Patrol","I-5                 ","SUNSET DRIVE        ","","255.000","N","Y","Overcast","Daylight","No Injury Collision","","","Y","N","2","N","N","N","0","0"
"ED21772","12/29/2022 8:15:00 AM","Whatcom","Lynden","State Road","State Patrol","SR 539              ","PRAIRIE ROAD        ","","14.050","N","Y","Overcast","Daylight","No Injury Collision","","WOODEN FENCE POST","Y","N","1","N","N","N","0","0"
"ED20279","12/29/2022 8:35:00 AM","Whatcom","Bellingham","State Road","State Patrol","SR 542              ","CORNELL CREEK RD    ","","30.600","N","N","Overcast","Daylight","No Injury Collision","","Roadway Ditch","Y","N","2","Y","N","N","0","0"
"ED20285","12/29/2022 2:38:00 PM","Whatcom","Bellingham","State Road","State Patrol","SR-539              ","SMITH RD            ","","3.500","N","N","Raining","Daylight","No Injury Collision","","","Y","N","2","Y","N","N","0","0"
"ED24254","12/30/2022 8:39:00 AM","Whatcom","Bellingham","State Road","State Patrol","SR 539              ","AXTON               ","","4.400","N","N","Overcast","Daylight","No Injury Collision","","","Y","N","2","Y","N","N","0","0"
"ED24154","12/30/2022 2:56:00 PM","Whatcom","Bellingham","State Road","State Patrol","I-5                 ","GUIDE MERIDIAN ST   ","","256.000","N","N","Overcast","Daylight","No Injury Collision","","","Y","N","3","Y","N","N","0","0"
"ED28171","12/30/2022 3:52:00 PM","Whatcom","Bellingham","State Road","State Patrol","I 5                 ","SUNSET DRIVE        ","","255.000","N","N","Raining","Daylight","No Injury Collision","","","N","N","3","N","N","N","0","0"
"ED28171","12/30/2022 3:52:00 PM","Whatcom","Bellingham","State Road","State Patrol","I 5                 ","SUNSET DRIVE        ","","255.000","N","N","Raining","Daylight","No Injury Collision","","","Y","N","3","N","N","N","0","0"
"ED28173","12/30/2022 3:52:00 PM","Whatcom","Bellingham","State Road","State Patrol","I 5                 ","SUNSET DRIVE        ","","255.000","N","N","Raining","Daylight","No Injury Collision","","","Y","N","2","N","N","N","0","0"
"ED23734","12/30/2022 4:20:00 PM","Whatcom","Bellingham","State Road","State Patrol","I 5                 ","IOWA ST             ","","253.200","N","N","Raining","Daylight","No Injury Collision","","","Y","N","3","Y","N","N","0","0"
"ED23738","12/30/2022 5:35:00 PM","Whatcom","Bellingham","State Road","State Patrol","I 5                 ","IOWA ST             ","","253.570","N","N","Raining","Dark-Street Lights On","No Injury Collision","","","Y","N","3","Y","N","N","0","0"
"ED23735","12/30/2022 8:49:00 PM","Whatcom","Bellingham","State Road","State Patrol","I 5                 ","SR 539              ","","255.360","N","N","Raining","Dark-Street Lights On","No Injury Collision","","wood debris","Y","N","1","N","N","N","0","0"
"ED24255","12/31/2022 12:38:00 PM","Whatcom","Ferndale","State Road","State Patrol","I 5                 ","MAIN ST             ","","262.700","N","N","Clear","Daylight","No Injury Collision","","","N","N","2","Y","Y","N","0","0"
"ED24255","12/31/2022 12:38:00 PM","Whatcom","Ferndale","State Road","State Patrol","I 5                 ","MAIN ST             ","","262.700","N","N","Clear","Daylight","No Injury Collision","","","Y","N","2","Y","Y","N","0","0"
"ED23737","12/31/2022 6:07:00 PM","Whatcom","Bellingham","State Road","State Patrol","I 5                 ","SR 11               ","","250.150","N","N","Clear","Dark-No Street Lights","Fatal Collision","","Wood Sign Post","Y","N","1","N","N","N","0","0"
"ED26075","1/1/2023 4:42:00 AM","Whatcom","Everson","State Road","State Patrol","SR 544              ","NOON RD             ","","4.220","N","N","Overcast","Dark-No Street Lights","Serious Injury Collision","","Earth Bank or Ledge","Y","N","1","N","N","N","0","0"
"ED28016","1/1/2023 5:26:00 PM","Whatcom","Lynden","State Road","State Patrol","SR 546              ","LINE RD             ","","3.040","N","Y","Clear","Dark-No Street Lights","No Injury Collision","","","Y","N","2","Y","N","N","0","0"
"ED26074","1/2/2023 5:10:00 AM","Whatcom","Sedro-Woolley","State Road","State Patrol","SR9                 ","MALENG              ","","70.700","N","N","Clear","Dark-No Street Lights","No Injury Collision","","EMBANCKMENT / DITCH","Y","N","1","N","N","N","0","0"
"ED23740","1/2/2023 4:45:00 PM","Whatcom","Bellingham","State Road","State Patrol","I 5                 ","NORTHWEST AVE       ","","257.200","N","N","Overcast","Dusk","No Injury Collision","","Guardrail","Y","N","1","N","N","N","0","0"
"ED21769","1/3/2023 6:12:00 AM","Whatcom","Sedro-Woolley","State Road","State Patrol","SR9                 ","SAXON RD            ","","69.900","N","N","Raining","Dark-No Street Lights","No Injury Collision","","","Y","N","2","N","N","N","0","0"
"ED24162","1/3/2023 1:16:00 PM","Whatcom","Bellingham","State Road","State Patrol","SR-542              ","MARSHALL HILL RD    ","","16.000","N","N","Overcast","Daylight","No Injury Collision","","","Y","N","3","Y","Y","N","0","0"
"ED24155","1/3/2023 2:50:00 PM","Whatcom","Ferndale","State Road","State Patrol","I-5                 ","BIRCH BAY LYNDEN RD ","","270.500","N","N","Overcast","Daylight","No Injury Collision","","","Y","N","1","N","N","N","0","0"
"ED28018","1/3/2023 5:07:00 PM","Whatcom","Bellingham","State Road","State Patrol","I 5                 ","IOWA                ","","253.500","N","N","Overcast","Daylight","No Injury Collision","","","Y","N","3","N","N","N","0","0"
"ED23732","1/3/2023 5:15:00 PM","Whatcom","Bellingham","State Road","State Patrol","I 5                 ","IOWA                ","","253.600","N","N","Overcast","Dusk","No Injury Collision","","","Y","N","2","N","N","N","0","0"
"ED23742","1/3/2023 8:30:00 PM","Whatcom","Bellingham","State Road","State Patrol","SR 542              ","NOON RD             ","","3.800","N","N","Overcast","Dark - Unknown Lighting","No Injury Collision","","deer","Y","N","1","N","N","N","0","0"
"ED23739","1/3/2023 10:03:00 PM","Whatcom","Bellingham","State Road","State Patrol","I 5                 ","SAMISH WAY          ","","248.000","N","N","Clear","Dark-No Street Lights","No Injury Collision","","","N","Y","2","N","N","N","0","0"
"ED23739","1/3/2023 10:03:00 PM","Whatcom","Bellingham","State Road","State Patrol","I 5                 ","SAMISH WAY          ","","248.000","N","N","Clear","Dark-No Street Lights","No Injury Collision","","","Y","Y","2","N","N","N","0","0"
"ED24156","1/4/2023 1:18:00 PM","Whatcom","Bellingham","State Road","State Patrol","I-5                 ","NORTHWEST DR        ","","256.780","N","N","Overcast","Daylight","No Injury Collision","","CABLE BARRIER","N","N","1","N","N","N","0","0"
"ED24156","1/4/2023 1:18:00 PM","Whatcom","Bellingham","State Road","State Patrol","I-5                 ","NORTHWEST DR        ","","256.780","N","N","Overcast","Daylight","No Injury Collision","","CABLE BARRIER","Y","N","1","N","N","N","0","0"
"ED24157","1/4/2023 3:49:00 PM","Whatcom","Bellingham","State Road","State Patrol","I-5                 ","SR 11               ","","250.000","N","Y","Overcast","Daylight","No Injury Collision","","wood block","Y","N","1","N","N","N","0","0"
"ED23744","1/4/2023 4:58:00 PM","Whatcom","Bellingham","State Road","State Patrol","I 5                 ","SR 542              ","","255.350","N","N","Clear","Dark-No Street Lights","No Injury Collision","","","Y","N","2","Y","N","N","0","0"
"ED23745","1/4/2023 5:17:00 PM","Whatcom","Bellingham","State Road","State Patrol","I 5                 ","SUNSET DR           ","","255.000","N","N","Overcast","Dark-No Street Lights","No Injury Collision","","","Y","N","2","N","N","N","0","0"
"ED23746","1/4/2023 6:13:00 PM","Whatcom","Bellingham","State Road","State Patrol","SR 542              ","CEDARVILLE RD       ","","9.550","N","Y","Overcast","Dark - Unknown Lighting","No Injury Collision","","","Y","N","2","N","N","N","0","0"
"ED28017","1/4/2023 7:40:00 PM","Whatcom","Bellingham","State Road","State Patrol","I 5                 ","N. LK SAMISH        ","","246.100","N","N","Overcast","Dark-Street Lights On","No Injury Collision","","","Y","N","1","N","N","N","0","0"
"ED23743","1/5/2023 9:00:00 PM","Whatcom","Nooksack","State Road","State Patrol","SR 9                ","SIPER RD            ","","85.100","N","Y","Clear","Dark-Street Lights On","No Injury Collision","","house","Y","N","2","Y","N","N","0","0"
"ED24583","1/6/2023 4:28:00 PM","Whatcom","Bellingham","State Road","State Patrol","I 5 NORTH           ","IOWA ST             ","","254.000","N","N","Clear","Dusk","Serious Injury Collision","","","N","N","6","Y","N","N","0","0"
"ED24583","1/6/2023 4:28:00 PM","Whatcom","Bellingham","State Road","State Patrol","I 5 NORTH           ","IOWA ST             ","","254.000","N","N","Clear","Dusk","Serious Injury Collision","","","Y","N","6","Y","N","N","0","0"
"ED24554","1/8/2023 1:26:00 PM","Whatcom","Bellingham","State Road","State Patrol","I 5                 ","N LAKE SAMISH       ","","244.580","N","N","Overcast","Daylight","Minor Injury Collision","","Guardrail","Y","N","1","Y","N","N","0","0"
"ED23747","1/8/2023 6:50:00 PM","Whatcom","Bellingham","State Road","State Patrol","SR 542              ","EASTWOOD ROAD       ","","22.110","N","N","Raining","Dark-No Street Lights","No Injury Collision","","Tree or Stump","Y","N","1","N","N","N","0","0"
"ED24159","1/9/2023 7:39:00 AM","Whatcom","Nooksack","State Road","State Patrol","SR 542              ","GLACIER SPRINGS DR  ","","30.120","N","N","Clear","Daylight","Serious Injury Collision","","","Y","N","2","Y","N","N","0","0"
"ED26077","1/9/2023 2:50:00 PM","Whatcom","Bellingham","State Road","State Patrol","I 5 SOUTH           ","SUNSET DR           ","","254.780","N","Y","Overcast","Daylight","No Injury Collision","","","N","N","2","N","N","N","0","0"
"ED26077","1/9/2023 2:50:00 PM","Whatcom","Bellingham","State Road","State Patrol","I 5 SOUTH           ","SUNSET DR           ","","254.780","N","Y","Overcast","Daylight","No Injury Collision","","","Y","N","2","N","N","N","0","0"
"ED24166","1/10/2023 7:57:00 AM","Whatcom","Blaine","State Road","State Patrol","SR-548              ","DRAYTON HARBOR RD   ","","10.850","N","Y","Overcast","Daylight","Minor Injury Collision","","","Y","N","2","Y","N","N","0","0"
"ED24167","1/10/2023 9:00:00 AM","Whatcom","Nooksack","State Road","State Patrol","SR 542              ","MARSHALL HILL RD    ","","14.080","N","Y","Clear","Daylight","No Injury Collision","","","Y","N","2","N","N","N","0","0"
"ED24256","1/12/2023 8:12:00 AM","Whatcom","Blaine","State Road","State Patrol","I 5                 ","LOOMIS TRAIL        ","","271.500","N","N","Raining","Daylight","No Injury Collision","","Center Median","Y","N","1","N","N","N","0","0"
"ED26076","1/12/2023 1:06:00 PM","Whatcom","Bellingham","State Road","State Patrol","I 5 NORTH           ","SUNSET DRIVE        ","","254.880","N","N","Raining","Daylight","No Injury Collision","","","Y","N","2","Y","N","N","0","0"
"ED26076","1/12/2023 1:06:00 PM","Whatcom","Bellingham","State Road","State Patrol","I 5 NORTH           ","SUNSET DRIVE        ","","254.880","N","N","Raining","Daylight","No Injury Collision","","","N","N","2","Y","N","N","0","0"
"ED24584","1/12/2023 2:00:00 PM","Whatcom","Bellingham","State Road","State Patrol","I 5                 ","SUNSET DRIVE        ","","255.000","N","N","Raining","Daylight","No Injury Collision","","","Y","N","2","N","N","N","0","0"
"ED27327","1/12/2023 2:18:00 PM","Whatcom","Bellingham","State Road","State Patrol","SR 539              ","SMITH ROAD          ","","3.600","N","N","Overcast","Daylight","No Injury Collision","","","Y","N","3","N","N","N","0","0"
"ED28021","1/12/2023 6:19:00 PM","Whatcom","Bellingham","State Road","State Patrol","I 5                 ","IOWA ST             ","","253.870","N","N","Raining","Dark-Street Lights On","No Injury Collision","","cement barrier","Y","N","1","N","N","N","0","0"
"ED27328","1/13/2023 9:54:00 AM","Whatcom","Nooksack","State Road","State Patrol","SR 546              ","SR 9                ","","8.000","N","Y","Raining","Daylight","No Injury Collision","","","Y","N","2","N","N","N","0","0"