"Collision Report Number","Collision Date","County","City","Jurisdiction","Agency","Primary Trafficway","Secondary Trafficway","Block Number","Mile Post","School Zone","Intersection Related","Weather Condition","Lighting Condition","Injury Severity","Collision Type","Object Struck","Damage Threshold Met","Hit and Run","Motor Vehicles Involved","Passengers Involved","Commercial Carrier Involved","School Bus Involved","Pedestrians Involved","Pedalcyclists Involved"
"ED27329","1/13/2023 5:54:00 PM","Whatcom","Bellingham","State Road","State Patrol","I 5                 ","LAKEWAY             ","","252.500","N","N","Overcast","Dark-No Street Lights","No Injury Collision","","","Y","N","2","N","N","N","0","0"
"ED26078","1/14/2023 7:09:00 AM","Whatcom","Bellingham","State Road","State Patrol","I 5 NORTH           ","SR 539              ","","256.000","N","Y","Clear","Dark-Street Lights On","No Injury Collision","","Traffic Signal Pole","Y","N","1","Y","N","N","0","0"
"ED26078","1/14/2023 7:09:00 AM","Whatcom","Bellingham","State Road","State Patrol","I 5 NORTH           ","SR 539              ","","256.000","N","Y","Clear","Dark-Street Lights On","No Injury Collision","","Traffic Signal Pole","N","N","1","Y","N","N","0","0"
"ED28025","1/14/2023 5:47:00 PM","Whatcom","Ferndale","State Road","State Patrol","I 5                 ","PORTAL WAY          ","","263.250","N","N","Clear","Dark-Street Lights On","No Injury Collision","","cement pillar","Y","N","1","N","N","N","0","0"
"ED27337","1/15/2023 12:45:00 AM","Whatcom","Blaine","State Road","State Patrol","I 5                 ","BIRCHBAY LYNDEN RD  ","","270.100","N","N","Overcast","Dark-No Street Lights","No Injury Collision","","Sign","Y","N","1","N","N","N","0","0"
"ED27338","1/17/2023 5:27:00 PM","Whatcom","Bellingham","State Road","State Patrol","I-5                 ","NORTHWEST DR        ","","257.000","N","N","Overcast","Dark-Street Lights On","No Injury Collision","","","N","N","2","N","N","N","0","0"
"ED27338","1/17/2023 5:27:00 PM","Whatcom","Bellingham","State Road","State Patrol","I-5                 ","NORTHWEST DR        ","","257.000","N","N","Overcast","Dark-Street Lights On","No Injury Collision","","","Y","N","2","N","N","N","0","0"
"ED27332","1/18/2023 1:40:00 PM","Whatcom","Bellingham","State Road","State Patrol","SR 542              ","NF-3070             ","","50.000","N","N","Snowing","Daylight","No Injury Collision","","Over Embankment","Y","N","1","Y","N","N","0","0"
"ED27333","1/18/2023 7:02:00 PM","Whatcom","Blaine","State Road","State Patrol","I 5                 ","BIRCH BAY LYNDEN    ","","271.180","N","N","Sleet or Hail or Freezing Rain","Dark-No Street Lights","Minor Injury Collision","","","N","N","3","N","Y","N","0","0"
"ED27333","1/18/2023 7:02:00 PM","Whatcom","Blaine","State Road","State Patrol","I 5                 ","BIRCH BAY LYNDEN    ","","271.180","N","N","Sleet or Hail or Freezing Rain","Dark-No Street Lights","Minor Injury Collision","","","Y","N","3","N","Y","N","0","0"
"ED27331","1/18/2023 7:05:00 PM","Whatcom","Blaine","State Road","State Patrol","I 5                 ","LOOMIS TRAIL RD     ","","272.500","N","N","Sleet or Hail or Freezing Rain","Dark-Street Lights On","No Injury Collision","","","Y","N","2","N","N","N","0","0"
"ED27334","1/18/2023 7:20:00 PM","Whatcom","Blaine","State Road","State Patrol","I 5                 ","LOOMIS TRAIL RD     ","","272.300","N","N","Sleet or Hail or Freezing Rain","Dark-Street Lights On","No Injury Collision","","DITCH","Y","N","1","N","N","N","0","0"
"ED27330","1/18/2023 7:57:00 PM","Whatcom","Ferndale","State Road","State Patrol","I5                  ","MAIN ST             ","","262.100","N","N","Sleet or Hail or Freezing Rain","Dark-Street Lights On","No Injury Collision","","","Y","N","2","N","N","N","0","0"
"ED27335","1/18/2023 8:05:00 PM","Whatcom","Ferndale","State Road","State Patrol","I 5                 ","MAIN STREET         ","","262.850","N","Y","Raining","Dark-No Street Lights","No Injury Collision","","","Y","N","2","N","N","N","0","0"
"ED30217","1/18/2023 8:30:00 PM","Whatcom","Ferndale","State Road","State Patrol","I 5                 ","MAIN ST             ","","262.600","N","N","Sleet or Hail or Freezing Rain","Dark-No Street Lights","No Injury Collision","","cable barrier","Y","N","2","N","N","N","0","0"
"ED27339","1/18/2023 11:00:00 PM","Whatcom","Ferndale","State Road","State Patrol","I 5                 ","MAIN ST             ","","262.000","N","N","Sleet or Hail or Freezing Rain","Dark-Street Lights On","No Injury Collision","","","Y","N","3","N","N","N","0","0"
"ED28023","1/19/2023 4:30:00 AM","Whatcom","Bellingham","State Road","State Patrol","I 5                 ","BAKERVIEW ROAD      ","","258.000","N","N","Overcast","Dark-Street Lights On","No Injury Collision","","unknown Animal or Bird","Y","N","1","N","N","N","0","0"
"ED28022","1/19/2023 5:55:00 AM","Whatcom","Bellingham","State Road","State Patrol","I 5                 ","NORTHWEST DRIVE     ","","257.000","N","N","Overcast","Dark-Street Lights On","Minor Injury Collision","","","Y","N","2","Y","N","N","0","0"
"ED28026","1/19/2023 3:09:00 PM","Whatcom","Bellingham","State Road","State Patrol","SR-539              ","AXTON RD            ","","4.000","N","N","Overcast","Daylight","Serious Injury Collision","","Mailbox","Y","N","1","N","N","N","0","0"
"ED28020","1/19/2023 4:11:00 PM","Whatcom","Bellingham","State Road","State Patrol","SR-539              ","AXTON RD            ","","5.000","N","N","Overcast","Daylight","No Injury Collision","","","N","N","3","Y","N","N","0","0"
"ED28020","1/19/2023 4:11:00 PM","Whatcom","Bellingham","State Road","State Patrol","SR-539              ","AXTON RD            ","","5.000","N","N","Overcast","Daylight","No Injury Collision","","","Y","N","3","Y","N","N","0","0"
"ED27336","1/19/2023 4:50:00 PM","Whatcom","Lynden","State Road","State Patrol","SR 546              ","BENSON RD           ","","1.000","N","Y","Clear","Daylight","No Injury Collision","","","Y","N","2","N","N","N","0","0"
"ED29472","1/19/2023 6:10:00 PM","Whatcom","Ferndale","State Road","State Patrol","I 5                 ","PORTAL WAY          ","","263.500","N","N","Overcast","Dark-Street Lights On","No Injury Collision","","","N","N","2","N","N","N","0","0"
"ED29472","1/19/2023 6:10:00 PM","Whatcom","Ferndale","State Road","State Patrol","I 5                 ","PORTAL WAY          ","","263.500","N","N","Overcast","Dark-Street Lights On","No Injury Collision","","","Y","N","2","N","N","N","0","0"
"ED28027","1/20/2023 1:54:00 PM","Whatcom","Bellingham","State Road","State Patrol","SR 547              ","EASON RD            ","","0.350","N","N","Clear","Daylight","Minor Injury Collision","","fence posts, wire, gate, gate post","Y","Y","1","N","N","N","0","0"
"ED29471","1/20/2023 4:26:00 PM","Whatcom","Bellingham","State Road","State Patrol","I 5                 ","IOWA ST             ","","253.620","N","Y","Overcast","Daylight","No Injury Collision","","","Y","N","2","N","N","N","0","0"
"ED27340","1/20/2023 5:10:00 PM","Whatcom","Bellingham","State Road","State Patrol","I 5                 ","IOWA ST             ","","254.000","N","N","Clear","Daylight","No Injury Collision","","","Y","N","2","N","N","N","0","0"
"ED29476","1/20/2023 10:25:00 PM","Whatcom","Ferndale","State Road","State Patrol","I 5                 ","SMITH ROAD          ","","261.200","N","N","Clear","Dark-No Street Lights","Serious Injury Collision","","","Y","N","2","Y","N","N","0","0"
"ED28019","1/21/2023 1:00:00 AM","Whatcom","Bellingham","State Road","State Patrol","SR 11               ","SOUNDVIEW RD        ","","15.860","N","N","Clear","Dark - Unknown Lighting","No Injury Collision","","ditch","Y","N","1","Y","N","N","0","0"
"ED28172","1/21/2023 3:39:00 AM","Whatcom","Blaine","State Road","State Patrol","STATE ROUTE 548     ","GRANDVIEW ROAD      ","","6.200","N","N","Clear","Dark-No Street Lights","No Injury Collision","","Roadway Ditch","Y","N","1","N","N","N","0","0"
"ED28024","1/21/2023 6:46:00 AM","Whatcom","Bellingham","State Road","State Patrol","SR 542              ","KELLY               ","","7.500","N","N","Clear","Dark-No Street Lights","Minor Injury Collision","","DITCH","Y","N","1","N","N","N","0","0"
"ED28030","1/21/2023 11:10:00 AM","Whatcom","Bellingham","State Road","State Patrol","SR 542              ","HANNEGAN PASS RD    ","","46.000","N","N","Raining","Daylight","No Injury Collision","","Trees","Y","N","1","Y","N","N","0","0"
"ED28029","1/21/2023 2:31:00 PM","Whatcom","Bellingham","State Road","State Patrol","SR 542              ","HANNEGAN PASS RD    ","","50.000","N","N","Snowing","Daylight","No Injury Collision","","YELLOW REFLECTIVE SIGN / TREES","Y","N","1","N","N","N","0","0"
"ED28031","1/21/2023 2:31:00 PM","Whatcom","Bellingham","State Road","State Patrol","SR 542              ","HANNEGAN PASS RD    ","","50.000","N","N","Snowing","Daylight","No Injury Collision","","Yellow Reflective Turn Sign","Y","N","1","N","N","N","0","0"
"ED27341","1/21/2023 4:27:00 PM","Whatcom","Ferndale","State Road","State Patrol","I 5                 ","BIRCH BAY LYNDEN RD ","","270.450","N","N","Raining","Daylight","Minor Injury Collision","","","Y","N","2","Y","N","N","0","0"
"ED29474","1/22/2023 2:13:00 AM","Whatcom","Bellingham","State Road","State Patrol","I-5                 ","N STATE ST          ","","254.000","N","N","Overcast","Dark-Street Lights On","No Injury Collision","","","Y","Y","2","Y","N","N","0","0"
"ED30968","1/22/2023 8:34:00 AM","Whatcom","Bellingham","State Road","State Patrol","I 5                 ","LAKEWAY DR          ","","252.810","N","N","Overcast","Daylight","No Injury Collision","","cable barrier","Y","N","1","N","N","N","0","0"
"ED28075","1/22/2023 4:52:00 PM","Whatcom","Bellingham","State Road","State Patrol","SR 542              ","MARKEL RD           ","","21.000","N","Y","Overcast","Dusk","No Injury Collision","","","Y","N","2","N","N","N","0","0"
"ED43546","1/23/2023 3:16:00 AM","Whatcom","Bellingham","State Road","State Patrol","SR 9                ","NELSON RD           ","","75.620","N","N","Clear","Dark-No Street Lights","Unknown Injury Collision","","Fence","Y","Y","1","N","N","N","0","0"
"ED30219","1/23/2023 11:02:00 PM","Whatcom","Bellingham","State Road","State Patrol","I 5                 ","SR 542              ","","255.540","N","N","Clear","Dark-No Street Lights","Minor Injury Collision","","Metal Sign Post","Y","N","1","N","N","N","0","0"
"ED43564","1/24/2023 3:08:00 AM","Whatcom","Lynden","State Road","State Patrol","SR 546              ","VINUP RD            ","","2.530","N","Y","Fog or Smog or Smoke","Dark-Street Lights On","Unknown Injury Collision","","Guardrail","Y","Y","1","N","N","N","0","0"
"ED30964","1/25/2023 5:23:00 AM","Whatcom","Bellingham","State Road","State Patrol","SR 542              ","SMITH RD            ","","8.870","N","Y","Raining","Dawn","No Injury Collision","","","Y","N","2","N","N","N","0","0"
"ED30967","1/25/2023 8:58:00 AM","Whatcom","Nooksack","State Road","State Patrol","SR 9                ","N and P RD          ","","66.060","N","N","Overcast","Daylight","No Injury Collision","","ditch","Y","N","1","N","Y","N","0","0"
"ED29475","1/25/2023 4:12:00 PM","Whatcom","Bellingham","State Road","State Patrol","SR 542              ","1ST ST              ","","13.500","N","Y","Overcast","Dusk","No Injury Collision","","Culvert","Y","N","2","N","N","N","0","0"
"ED30963","1/26/2023 10:10:00 AM","Whatcom","Bellingham","State Road","State Patrol","I 5                 ","NULLE ROAD          ","","242.300","N","Y","Raining","Daylight","No Injury Collision","","Guardrail","Y","N","1","N","N","N","0","0"
"ED30966","1/26/2023 11:45:00 AM","Whatcom","Bellingham","State Road","State Patrol","I 5                 ","SAMISH WAY          ","","251.570","N","Y","Overcast","Daylight","No Injury Collision","","Roadway Ditch","Y","N","2","N","N","N","0","0"
"ED29477","1/26/2023 4:58:00 PM","Whatcom","Ferndale","State Road","State Patrol","SR 548              ","VISTA DR            ","","1.170","N","N","Overcast","Daylight","No Injury Collision","","","Y","N","2","N","N","N","0","0"
"ED30971","1/26/2023 5:08:00 PM","Whatcom","Bellingham","State Road","State Patrol","I-5                 ","IOWA ST             ","","254.000","N","N","Overcast","Dusk","No Injury Collision","","","N","N","2","N","N","N","0","0"
"ED30476","1/26/2023 10:29:00 PM","Whatcom","Blaine","State Road","State Patrol","SR 548              ","DRAYTON HARBOR RD   ","","10.500","N","N","Overcast","Dark-No Street Lights","No Injury Collision","","TELEPHONE POLE","Y","N","1","N","N","N","0","0"
"ED30960","1/27/2023 4:26:00 AM","Whatcom","Bellingham","State Road","State Patrol","SR 542              ","MARKEL ROAD         ","","19.000","N","N","Raining","Dark-No Street Lights","Unknown Injury Collision","","Roadway Ditch","Y","N","1","N","N","N","0","0"
"ED30969","1/27/2023 1:24:00 PM","Whatcom","Lynden","State Road","State Patrol","SR 539              ","SR 544              ","","7.710","N","N","Clear","Daylight","Minor Injury Collision","","power pole","N","N","1","Y","N","N","0","0"
"ED30969","1/27/2023 1:24:00 PM","Whatcom","Lynden","State Road","State Patrol","SR 539              ","SR 544              ","","7.710","N","N","Clear","Daylight","Minor Injury Collision","","power pole","Y","N","1","Y","N","N","0","0"
"ED30959","1/27/2023 1:42:00 PM","Whatcom","Bellingham","State Road","State Patrol","SR-542              ","BELLS CREEK RD      ","","19.000","N","N","Overcast","Daylight","Minor Injury Collision","","DITCH/TREE","Y","N","1","N","N","N","0","0"
"ED30962","1/27/2023 3:58:00 PM","Whatcom","Ferndale","State Road","State Patrol","SR 548              ","PORTAL WAY          ","","0.450","N","N","Clear","Daylight","No Injury Collision","","","N","N","2","Y","N","N","0","0"
"ED30962","1/27/2023 3:58:00 PM","Whatcom","Ferndale","State Road","State Patrol","SR 548              ","PORTAL WAY          ","","0.450","N","N","Clear","Daylight","No Injury Collision","","","Y","N","2","Y","N","N","0","0"
"ED30970","1/28/2023 10:05:00 AM","Whatcom","Bellingham","State Road","State Patrol","I 5                 ","NORTHWEST           ","","256.400","N","N","Clear","Daylight","No Injury Collision","","","N","N","2","Y","N","N","0","0"
"ED30970","1/28/2023 10:05:00 AM","Whatcom","Bellingham","State Road","State Patrol","I 5                 ","NORTHWEST           ","","256.400","N","N","Clear","Daylight","No Injury Collision","","","Y","N","2","Y","N","N","0","0"
"ED29730","1/28/2023 5:10:00 PM","Whatcom","Bellingham","State Road","State Patrol","SR 539              ","AXTON RD            ","5655  ","","N","N","Overcast","Dark-Street Lights On","No Injury Collision","","mailbox and guardrail","Y","N","1","N","N","N","0","0"
"ED43688","1/28/2023 8:00:00 PM","Whatcom","Bellingham","State Road","State Patrol","I 5                 ","SR 539              ","","256.230","N","N","Clear","Dark-Street Lights On","No Injury Collision","","Guardrail","Y","Y","2","N","N","N","0","0"
"ED30220","1/29/2023 1:52:00 PM","Whatcom","Ferndale","State Road","State Patrol","I-5                 ","GRANDVIEW RD        ","","266.000","N","N","Clear","Daylight","No Injury Collision","","","Y","N","2","N","N","N","0","0"
"ED30965","1/29/2023 3:09:00 PM","Whatcom","Bellingham","State Road","State Patrol","I 5                 ","SR 539              ","","255.980","N","N","Clear","Daylight","No Injury Collision","","ditch","Y","N","1","N","N","N","0","0"
"ED30961","1/29/2023 3:38:00 PM","Whatcom","Bellingham","State Road","State Patrol","I 5                 ","BAKERVIEW RD        ","","257.690","N","N","Clear","Daylight","No Injury Collision","","dirt embankment","Y","N","1","N","N","N","0","0"
"ED30221","1/29/2023 3:44:00 PM","Whatcom","Bellingham","State Road","State Patrol","I-5                 ","IOWA ST             ","","254.000","N","N","Clear","Daylight","No Injury Collision","","JERSEY BARRIER","N","N","1","N","N","N","0","0"
"ED30221","1/29/2023 3:44:00 PM","Whatcom","Bellingham","State Road","State Patrol","I-5                 ","IOWA ST             ","","254.000","N","N","Clear","Daylight","No Injury Collision","","JERSEY BARRIER","Y","N","1","N","N","N","0","0"
"ED33388","1/29/2023 4:07:00 PM","Whatcom","Bellingham","State Road","State Patrol","I 5                 ","IOWA ST             ","","253.530","N","N","Clear","Daylight","No Injury Collision","","","Y","N","4","Y","N","N","0","0"
"ED33389","1/29/2023 4:07:00 PM","Whatcom","Bellingham","State Road","State Patrol","I 5                 ","IOWA ST             ","","253.530","N","N","Clear","Daylight","No Injury Collision","","Guardrail, cement barrier","Y","N","4","Y","N","N","0","0"
"ED29731","1/29/2023 4:08:00 PM","Whatcom","Bellingham","State Road","State Patrol","I5                  ","IOWA ST             ","","253.700","N","N","Clear","Daylight","No Injury Collision","","","Y","N","4","Y","N","N","0","0"
"ED29732","1/29/2023 4:13:00 PM","Whatcom","Bellingham","State Road","State Patrol","I-5                 ","IOWA ST             ","","253.600","N","N","Clear","Daylight","No Injury Collision","","jersey barrier","N","N","2","N","N","N","0","0"
"ED29732","1/29/2023 4:13:00 PM","Whatcom","Bellingham","State Road","State Patrol","I-5                 ","IOWA ST             ","","253.600","N","N","Clear","Daylight","No Injury Collision","","jersey barrier","Y","N","2","N","N","N","0","0"
"ED29733","1/29/2023 4:32:00 PM","Whatcom","Bellingham","State Road","State Patrol","I5                  ","OHIO ST             ","","253.800","N","N","Clear","Daylight","No Injury Collision","","","Y","N","2","N","N","N","0","0"
"ED44056","1/29/2023 6:57:00 PM","Whatcom","Bellingham","State Road","State Patrol","I 5                 ","SAMISH WAY          ","","247.220","N","N","Overcast","Dark-No Street Lights","No Injury Collision","","","Y","Y","2","N","N","N","0","0"
"ED30218","1/30/2023 2:14:00 PM","Whatcom","Bellingham","State Road","State Patrol","I-5                 ","IOWA ST             ","","253.500","N","N","Overcast","Daylight","Minor Injury Collision","","WHEEL","Y","N","1","N","N","N","0","0"
"ED33390","1/31/2023 3:53:00 AM","Whatcom","Blaine","State Road","State Patrol","SR 543              ","BOBLETT             ","","0.020","N","Y","Overcast","Dark-Street Lights On","No Injury Collision","","","Y","N","2","N","Y","N","0","0"
"ED30985","1/31/2023 6:20:00 AM","Whatcom","Ferndale","State Road","State Patrol","I 5                 ","PORTAL WAY          ","","264.700","N","N","Snowing","Dark-No Street Lights","No Injury Collision","","Cable Barrier","Y","N","1","N","N","N","0","0"
"ED30222","1/31/2023 6:54:00 AM","Whatcom","Ferndale","State Road","State Patrol","I-5                 ","NOOKSACK RIVER      ","","263.000","N","N","Snowing","Dark-No Street Lights","No Injury Collision","","Guardrail","N","N","1","N","N","N","0","0"
"ED30222","1/31/2023 6:54:00 AM","Whatcom","Ferndale","State Road","State Patrol","I-5                 ","NOOKSACK RIVER      ","","263.000","N","N","Snowing","Dark-No Street Lights","No Injury Collision","","Guardrail","Y","N","1","N","N","N","0","0"
"ED30224","1/31/2023 7:00:00 AM","Whatcom","Ferndale","State Road","State Patrol","I-5                 ","NOOKSACK RIVER      ","","263.000","N","N","Snowing","Dark-No Street Lights","No Injury Collision","","","N","Y","2","N","N","N","0","0"
"ED30224","1/31/2023 7:00:00 AM","Whatcom","Ferndale","State Road","State Patrol","I-5                 ","NOOKSACK RIVER      ","","263.000","N","N","Snowing","Dark-No Street Lights","No Injury Collision","","","Y","Y","2","N","N","N","0","0"
"ED30973","1/31/2023 7:01:00 AM","Whatcom","Bellingham","State Road","State Patrol","I 5                 ","SLATER RD           ","","259.000","N","N","Snowing","Daylight","No Injury Collision","","Earth Bank or Ledge","Y","N","1","N","N","N","0","0"
"ED30223","1/31/2023 7:10:00 AM","Whatcom","Ferndale","State Road","State Patrol","I-5                 ","NOOKSACK RIVER      ","","263.000","N","N","Snowing","Dark-No Street Lights","No Injury Collision","","Guardrail","N","N","1","N","N","N","0","0"
"ED30223","1/31/2023 7:10:00 AM","Whatcom","Ferndale","State Road","State Patrol","I-5                 ","NOOKSACK RIVER      ","","263.000","N","N","Snowing","Dark-No Street Lights","No Injury Collision","","Guardrail","Y","N","1","N","N","N","0","0"
"ED30225","1/31/2023 7:50:00 AM","Whatcom","Ferndale","State Road","State Patrol","I-5                 ","REST AREA           ","","267.000","N","N","Snowing","Daylight","Minor Injury Collision","","","Y","N","1","N","N","N","0","0"
"ED30975","1/31/2023 8:34:00 AM","Whatcom","Bellingham","State Road","State Patrol","SR 539              ","POLE RD             ","","7.500","N","Y","Snowing","Daylight","No Injury Collision","","","N","N","2","N","Y","N","0","0"
"ED30975","1/31/2023 8:34:00 AM","Whatcom","Bellingham","State Road","State Patrol","SR 539              ","POLE RD             ","","7.500","N","Y","Snowing","Daylight","No Injury Collision","","","Y","N","2","N","Y","N","0","0"
"ED30972","1/31/2023 8:40:00 AM","Whatcom","Everson","State Road","State Patrol","SR-544              ","VAN DYK RD          ","","6.000","N","Y","Snowing","Daylight","No Injury Collision","","","Y","N","2","N","N","N","0","0"
"ED30972","1/31/2023 8:40:00 AM","Whatcom","Everson","State Road","State Patrol","SR-544              ","VAN DYK RD          ","","6.000","N","Y","Snowing","Daylight","No Injury Collision","","","N","N","2","N","N","N","0","0"
"ED30974","1/31/2023 9:05:00 AM","Whatcom","Everson","State Road","State Patrol","SR-544              ","EVERSON GOSHEN RD   ","","5.000","N","N","Snowing","Daylight","No Injury Collision","","","Y","N","2","N","N","N","0","0"
"ED30984","1/31/2023 11:00:00 AM","Whatcom","Nooksack","State Road","State Patrol","SR 542              ","SR 547              ","6417  ","","N","N","Snowing","Daylight","No Injury Collision","","","N","N","2","N","Y","N","0","0"
"ED30984","1/31/2023 11:00:00 AM","Whatcom","Nooksack","State Road","State Patrol","SR 542              ","SR 547              ","6417  ","","N","N","Snowing","Daylight","No Injury Collision","","","Y","N","2","N","Y","N","0","0"
"ED30976","1/31/2023 2:49:00 PM","Whatcom","Bellingham","State Road","State Patrol","I-5 ON RAMP         ","SAMISH WAY          ","","252.000","N","N","Overcast","Daylight","No Injury Collision","","DITCH/POLE","Y","N","1","N","N","N","0","0"
"ED30976","1/31/2023 2:49:00 PM","Whatcom","Bellingham","State Road","State Patrol","I-5 ON RAMP         ","SAMISH WAY          ","","252.000","N","N","Overcast","Daylight","No Injury Collision","","DITCH/POLE","N","N","1","N","N","N","0","0"
"ED33391","2/1/2023 11:26:00 AM","Whatcom","Everson","State Road","State Patrol","STATE ROUTE 544     ","HANNEGAN ROAD       ","1232  ","","N","N","Clear","Daylight","Minor Injury Collision","","","Y","N","2","N","N","N","0","0"
"ED30986","2/2/2023 8:10:00 AM","Whatcom","Ferndale","State Road","State Patrol","SR 548              ","PORTAL WAY          ","","1.000","N","N","Overcast","Daylight","No Injury Collision","","","N","N","3","N","N","N","0","0"
"ED30986","2/2/2023 8:10:00 AM","Whatcom","Ferndale","State Road","State Patrol","SR 548              ","PORTAL WAY          ","","1.000","N","N","Overcast","Daylight","No Injury Collision","","","Y","N","3","N","N","N","0","0"
"ED31644","2/2/2023 4:24:00 PM","Whatcom","Bellingham","State Road","State Patrol","SR 542              ","SR 9                ","","14.500","N","N","Clear","Dusk","No Injury Collision","","Metal Sign Post","Y","N","1","N","N","N","0","0"
"ED31231","2/3/2023 7:17:00 PM","Whatcom","Sumas","State Road","State Patrol","SR 547              ","SHAMROCK RD         ","","2.700","N","Y","Raining","Dark-No Street Lights","No Injury Collision","","","Y","N","2","N","N","N","0","0"
"ED31232","2/3/2023 10:40:00 PM","Whatcom","Nooksack","State Road","State Patrol","STATE ROUTE 9       ","SIPER ROAD          ","","84.460","N","N","Raining","Dark-No Street Lights","No Injury Collision","","","N","N","2","N","N","N","0","0"
"ED31232","2/3/2023 10:40:00 PM","Whatcom","Nooksack","State Road","State Patrol","STATE ROUTE 9       ","SIPER ROAD          ","","84.460","N","N","Raining","Dark-No Street Lights","No Injury Collision","","","Y","N","2","N","N","N","0","0"
"ED33387","2/4/2023 12:10:00 PM","Whatcom","Bellingham","State Road","State Patrol","I 5                 ","N LAKE SAMISH       ","","247.000","N","N","Clear","Daylight","No Injury Collision","","","N","N","2","Y","Y","N","0","0"
"ED33387","2/4/2023 12:10:00 PM","Whatcom","Bellingham","State Road","State Patrol","I 5                 ","N LAKE SAMISH       ","","247.000","N","N","Clear","Daylight","No Injury Collision","","","Y","N","2","Y","Y","N","0","0"
"ED33392","2/6/2023 7:22:00 AM","Whatcom","Bellingham","State Road","State Patrol","I 5                 ","IOWA ST             ","","253.780","N","N","Overcast","Dawn","No Injury Collision","","Concrete/Jersey Barrier","Y","N","2","N","N","N","0","0"
"ED40219","2/6/2023 9:00:00 AM","Whatcom","Bellingham","State Road","State Patrol","I 5                 ","SUNSET DR           ","","254.800","N","N","Overcast","Daylight","No Injury Collision","","","Y","N","2","Y","N","N","0","0"
"ED36865","2/7/2023 10:45:00 AM","Whatcom","Bellingham","State Road","State Patrol","I 5                 ","CONNELLY AVE        ","","248.970","N","N","Raining","Daylight","No Injury Collision","","Traffic Sign","Y","N","1","N","N","N","0","0"
"ED40220","2/7/2023 3:46:00 PM","Whatcom","Bellingham","State Road","State Patrol","I 5                 ","SR 539              ","","256.000","N","N","Overcast","Daylight","No Injury Collision","","","Y","N","2","Y","N","N","0","0"
"ED38248","2/7/2023 3:47:00 PM","Whatcom","Bellingham","State Road","State Patrol","I 5                 ","SR 539              ","","256.000","N","N","Clear","Daylight","Minor Injury Collision","","","Y","N","4","N","N","N","0","0"
"ED33306","2/8/2023 11:11:00 AM","Whatcom","Ferndale","State Road","State Patrol","I 5                 ","MAIN ST             ","","262.500","N","N","Clear","Daylight","No Injury Collision","","","N","N","2","N","Y","N","0","0"
"ED34344","2/8/2023 5:48:00 PM","Whatcom","Bellingham","State Road","State Patrol","I 5                 ","SR 539              ","","255.600","N","N","Clear","Dark-No Street Lights","No Injury Collision","","Deer","Y","N","1","N","N","N","0","0"
"ED33307","2/9/2023 6:00:00 PM","Whatcom","Lynden","State Road","State Patrol","SR 546              ","TRAPLINE RD         ","","5.600","N","N","Overcast","Dark-No Street Lights","No Injury Collision","","TELEPHONE POLE","Y","N","1","N","N","N","0","0"
"ED33304","2/10/2023 5:26:00 PM","Whatcom","Bellingham","State Road","State Patrol","I 5 NORTH           ","IOWA STREET         ","","254.000","N","N","Clear","Dusk","No Injury Collision","","","N","N","4","Y","N","N","0","0"
"ED33304","2/10/2023 5:26:00 PM","Whatcom","Bellingham","State Road","State Patrol","I 5 NORTH           ","IOWA STREET         ","","254.000","N","N","Clear","Dusk","No Injury Collision","","","Y","N","4","Y","N","N","0","0"
"ED39929","2/10/2023 6:45:00 PM","Whatcom","Bellingham","State Road","State Patrol","I 5                 ","IOWA                ","","253.600","N","N","Overcast","Dark-Street Lights On","Minor Injury Collision","","","Y","Y","4","Y","N","N","0","0"
"ED39929","2/10/2023 6:45:00 PM","Whatcom","Bellingham","State Road","State Patrol","I 5                 ","IOWA                ","","253.600","N","N","Overcast","Dark-Street Lights On","Minor Injury Collision","","","N","Y","4","Y","N","N","0","0"
"ED33305","2/11/2023 5:07:00 PM","Whatcom","Blaine","State Road","State Patrol","SR 543              ","H ST                ","","0.520","N","Y","Overcast","Daylight","No Injury Collision","","","Y","N","2","Y","Y","N","0","0"
"ED33461","2/12/2023 12:47:00 PM","Whatcom","Bellingham","State Road","State Patrol","STATE ROUTE 539     ","STATE ROUTE 544     ","","7.500","N","Y","Raining","Daylight","No Injury Collision","","","N","N","2","Y","N","N","0","0"
"ED33461","2/12/2023 12:47:00 PM","Whatcom","Bellingham","State Road","State Patrol","STATE ROUTE 539     ","STATE ROUTE 544     ","","7.500","N","Y","Raining","Daylight","No Injury Collision","","","Y","N","2","Y","N","N","0","0"
"ED36962","2/12/2023 1:37:00 PM","Whatcom","Lynden","State Road","State Patrol","SR 546              ","TRAPLINE RD         ","","6.050","N","Y","Overcast","Daylight","Fatal Collision","","","Y","N","2","N","N","N","0","0"
"ED33991","2/13/2023 12:07:00 AM","Whatcom","Bellingham","State Road","State Patrol","SR 9                ","NELSON RD           ","","76.500","N","N","Overcast","Dark-No Street Lights","No Injury Collision","","Guardrail","Y","N","1","N","N","N","0","0"
"ED36864","2/13/2023 4:30:00 AM","Whatcom","Sumas","State Road","State Patrol","SR 9                ","SR 546              ","","93.000","N","N","Raining","Dark-No Street Lights","No Injury Collision","","Over Embankment","Y","N","1","N","Y","N","0","0"