"Collision Report Number","Collision Date","County","City","Jurisdiction","Agency","Primary Trafficway","Secondary Trafficway","Block Number","Mile Post","School Zone","Intersection Related","Weather Condition","Lighting Condition","Injury Severity","Collision Type","Object Struck","Damage Threshold Met","Hit and Run","Motor Vehicles Involved","Passengers Involved","Commercial Carrier Involved","School Bus Involved","Pedestrians Involved","Pedalcyclists Involved"
"ED41839","2/13/2023 5:40:00 PM","Whatcom","Bellingham","State Road","State Patrol","SR 539              ","AXTON               ","","4.500","N","N","Overcast","Dark-Street Lights On","No Injury Collision","","","Y","Y","2","N","N","N","0","0"
"ED34345","2/13/2023 8:32:00 PM","Whatcom","Bellingham","State Road","State Patrol","I 5                 ","SR 539              ","","256.000","N","N","Overcast","Dark-No Street Lights","No Injury Collision","","Guardrail","Y","N","1","N","N","N","0","0"
"ED36863","2/14/2023 8:55:00 AM","Whatcom","Bellingham","State Road","State Patrol","SR-547              ","MOSEY CT            ","","1.500","N","N","Clear","Daylight","Minor Injury Collision","","","Y","N","2","N","N","N","0","0"
"ED36868","2/14/2023 2:39:00 PM","Whatcom","Bellingham","State Road","State Patrol","I-5                 ","SMITH RD            ","","261.000","N","N","Clear","Daylight","No Injury Collision","","","N","N","3","Y","N","N","0","0"
"ED36868","2/14/2023 2:39:00 PM","Whatcom","Bellingham","State Road","State Patrol","I-5                 ","SMITH RD            ","","261.000","N","N","Clear","Daylight","No Injury Collision","","","Y","N","3","Y","N","N","0","0"
"ED36869","2/14/2023 3:45:00 PM","Whatcom","Bellingham","State Road","State Patrol","I-5                 ","SUNSET DR           ","","255.000","N","Y","Clear","Daylight","No Injury Collision","","","N","N","2","N","N","N","0","0"
"ED40686","2/14/2023 5:00:00 PM","Whatcom","Bellingham","State Road","State Patrol","I 5                 ","LAKEWAY             ","","253.100","N","N","Overcast","Dusk","No Injury Collision","","","Y","N","2","N","N","N","0","0"
"ED34346","2/14/2023 5:29:00 PM","Whatcom","Bellingham","State Road","State Patrol","I5                  ","SUNSET DR           ","","254.500","N","N","Clear","Dusk","No Injury Collision","","","Y","N","2","Y","N","N","0","0"
"ED34347","2/14/2023 6:00:00 PM","Whatcom","Bellingham","State Road","State Patrol","I 5                 ","SR 542              ","","255.400","N","N","Clear","Dark-No Street Lights","No Injury Collision","","","Y","N","3","Y","N","N","0","0"
"ED36866","2/15/2023 5:19:00 AM","Whatcom","Bellingham","State Road","State Patrol","SR 542              ","GLACIER SPRINGS DR  ","","29.000","N","N","Overcast","Dark-No Street Lights","Minor Injury Collision","","Tree or Stump","Y","N","1","N","N","N","0","0"
"ED34348","2/15/2023 4:11:00 PM","Whatcom","Bellingham","State Road","State Patrol","I 5                 ","BAKERVIEW ROAD      ",".     ","","N","Y","Clear","Daylight","No Injury Collision","","","Y","N","2","N","N","N","0","0"
"ED36867","2/16/2023 12:47:00 PM","Whatcom","Bellingham","State Road","State Patrol","SR 539              ","TEN MILE RD         ","","6.000","N","Y","Overcast","Daylight","No Injury Collision","","","Y","N","2","N","N","N","0","0"
"ED35689","2/17/2023 4:15:00 PM","Whatcom","Bellingham","State Road","State Patrol","I 5 NORTH           ","NORTH LAKE SAMISH DR","","247.000","N","N","Clear","Daylight","No Injury Collision","","Guardrail","N","N","1","Y","N","N","0","0"
"ED37459","2/19/2023 1:09:00 AM","Whatcom","Bellingham","State Road","State Patrol","SR 11               ","COVE ROAD           ","","15.000","N","N","Clear","Dark-No Street Lights","Minor Injury Collision","","Tree or Stump","Y","N","1","N","N","N","0","0"
"ED35986","2/20/2023 4:00:00 PM","Whatcom","Bellingham","State Road","State Patrol","SR 539              ","SMITH RD            ","","3.600","N","N","Raining","Daylight","Minor Injury Collision","","","Y","N","2","N","N","N","0","0"
"ED36960","2/20/2023 4:30:00 PM","Whatcom","Bellingham","State Road","State Patrol","I 5                 ","IOWA ST             ","","253.600","N","N","Raining","Daylight","No Injury Collision","","","N","N","2","N","Y","N","0","0"
"ED36960","2/20/2023 4:30:00 PM","Whatcom","Bellingham","State Road","State Patrol","I 5                 ","IOWA ST             ","","253.600","N","N","Raining","Daylight","No Injury Collision","","","Y","N","2","N","Y","N","0","0"
"ED36961","2/20/2023 4:30:00 PM","Whatcom","Bellingham","State Road","State Patrol","I 5                 ","IOWA ST             ","","253.600","N","N","Raining","Daylight","No Injury Collision","","","Y","Y","2","N","N","N","0","0"
"ED36376","2/20/2023 5:25:00 PM","Whatcom","Bellingham","State Road","State Patrol","I 5                 ","IOWA                ","","253.900","N","N","Overcast","Daylight","Minor Injury Collision","","","Y","N","2","N","N","N","0","0"
"ED40897","2/22/2023 9:05:00 AM","Whatcom","Bellingham","State Road","State Patrol","SR 547              ","CIRMON WAY          ","","2.600","N","Y","Overcast","Daylight","Minor Injury Collision","","","Y","N","2","Y","N","N","0","0"
"ED40217","2/23/2023 11:00:00 AM","Whatcom","Bellingham","State Road","State Patrol","SR 539              ","SMITH RD            ","5400  ","","N","N","Overcast","Daylight","No Injury Collision","","","Y","Y","2","N","N","N","0","0"
"ED40218","2/23/2023 11:07:00 AM","Whatcom","Bellingham","State Road","State Patrol","SR 542              ","VANWYCK RD          ","","4.000","N","N","Clear","Daylight","No Injury Collision","","","Y","N","2","N","N","N","0","0"
"ED40218","2/23/2023 11:07:00 AM","Whatcom","Bellingham","State Road","State Patrol","SR 542              ","VANWYCK RD          ","","4.000","N","N","Clear","Daylight","No Injury Collision","","","N","N","2","N","N","N","0","0"
"ED37460","2/23/2023 3:50:00 PM","Whatcom","Bellingham","State Road","State Patrol","I 5 NORTH           ","LAKEWAY DRIVE       ","","253.000","N","N","Clear","Daylight","No Injury Collision","","Guardrail","Y","N","1","N","N","N","0","0"
"ED46778","2/23/2023 3:59:00 PM","Whatcom","Bellingham","State Road","State Patrol","SR 539              ","LAUREL              ","","5.000","N","Y","Clear","Daylight","Minor Injury Collision","","","Y","N","2","N","N","N","0","0"
"ED36963","2/24/2023 8:00:00 AM","Whatcom","Bellingham","State Road","State Patrol","I 5                 ","SR 539              ","","255.450","N","N","Clear","Daylight","No Injury Collision","","","Y","N","2","Y","N","N","0","0"
"ED37456","2/24/2023 8:00:00 AM","Whatcom","Bellingham","State Road","State Patrol","I 5 NORTH           ","SR 539              ","","256.000","N","N","Clear","Daylight","Minor Injury Collision","","","Y","N","1","N","N","N","0","0"
"ED37461","2/24/2023 4:30:00 PM","Whatcom","Lynden","State Road","State Patrol","SR 539              ","WISER LAKE ROAD     ","","8.560","N","Y","Clear","Daylight","No Injury Collision","","","Y","N","2","N","N","N","0","0"
"ED37934","2/24/2023 5:46:00 PM","Whatcom","Ferndale","State Road","State Patrol","SR 548              ","VISTA DR            ","","0.500","N","N","Clear","Daylight","No Injury Collision","","","Y","N","2","N","N","N","0","0"
"ED37935","2/25/2023 10:15:00 PM","Whatcom","Ferndale","State Road","State Patrol","I 5                 ","GRANDVIEW           ","","267.000","N","N","Snowing","Dark-No Street Lights","No Injury Collision","","DItch","Y","N","1","N","N","N","0","0"
"ED41840","2/25/2023 10:57:00 PM","Whatcom","Ferndale","State Road","State Patrol","I 5                 ","PEACE PORTAL DRIVE  ","","273.000","N","N","Snowing","Dark-No Street Lights","No Injury Collision","","","Y","N","1","N","N","N","0","0"
"ED38638","2/25/2023 11:07:00 PM","Whatcom","Bellingham","State Road","State Patrol","I 5 SOUTH           ","NORTH LAKE SAMISH   ","","246.000","N","N","Snowing","Dark-No Street Lights","No Injury Collision","","Roadway Ditch","N","N","1","Y","N","N","0","0"
"ED37933","2/25/2023 11:30:00 PM","Whatcom","Bellingham","State Road","State Patrol","I 5                 ","N LAKE SAMISH DR    ","","246.800","N","N","Snowing","Dark-No Street Lights","No Injury Collision","","","Y","N","2","N","N","N","0","0"
"ED40677","2/26/2023 1:35:00 AM","Whatcom","Bellingham","State Road","State Patrol","I 5                 ","SAMISH WAY          ","","252.100","N","N","Snowing","Dark-Street Lights On","Minor Injury Collision","","ditch","Y","N","1","Y","N","N","0","0"
"ED40206","2/26/2023 6:17:00 AM","Whatcom","Bellingham","State Road","State Patrol","I 5                 ","NULLE RD            ","","243.500","N","N","Clear","Dark-No Street Lights","No Injury Collision","","Guardrail","Y","N","1","N","N","N","0","0"
"ED40207","2/26/2023 11:23:00 AM","Whatcom","Bellingham","State Road","State Patrol","I 5                 ","SR 11               ","","250.000","N","N","Clear","Daylight","Minor Injury Collision","","Concrete/Jersey Barrier","Y","N","1","N","N","N","0","0"
"ED40207","2/26/2023 11:23:00 AM","Whatcom","Bellingham","State Road","State Patrol","I 5                 ","SR 11               ","","250.000","N","N","Clear","Daylight","Minor Injury Collision","","Concrete/Jersey Barrier","N","N","1","N","N","N","0","0"
"ED40208","2/28/2023 6:18:00 AM","Whatcom","Bellingham","State Road","State Patrol","I 5                 ","N LAKE SAMISH       ","","247.000","N","N","Snowing","Daylight","No Injury Collision","","","Y","N","2","N","N","N","0","0"
"ED40209","2/28/2023 8:49:00 AM","Whatcom","Bellingham","State Road","State Patrol","SR 539              ","SMITH RD            ",".     ","","N","Y","Snowing","Daylight","Minor Injury Collision","","","Y","N","2","Y","N","N","0","0"
"ED38425","2/28/2023 8:55:00 AM","Whatcom","Nooksack","State Road","State Patrol","SR 9                ","OLD STONE WAY       ","","71.400","N","N","Snowing","Daylight","No Injury Collision","","ditch","Y","N","2","N","N","N","0","0"
"ED40898","2/28/2023 9:30:00 AM","Whatcom","Bellingham","State Road","State Patrol","I 5                 ","N LAKE SAMISH       ","","246.000","N","N","Snowing","Daylight","No Injury Collision","","Guardrail","Y","N","1","N","N","N","0","0"
"ED40210","2/28/2023 9:45:00 AM","Whatcom","Blaine","State Road","State Patrol","I 5                 ","BIRCH BAY LYNDEN RD ","","272.300","N","N","Snowing","Daylight","Minor Injury Collision","","Tree","Y","N","1","N","N","N","0","0"
"ED39931","3/1/2023 5:39:00 PM","Whatcom","Bellingham","State Road","State Patrol","I 5                 ","BAKERVIEW           ","","258.000","N","Y","Overcast","Daylight","No Injury Collision","","","N","N","2","N","N","N","0","0"
"ED39931","3/1/2023 5:39:00 PM","Whatcom","Bellingham","State Road","State Patrol","I 5                 ","BAKERVIEW           ","","258.000","N","Y","Overcast","Daylight","No Injury Collision","","","Y","N","2","N","N","N","0","0"
"ED40211","3/2/2023 8:30:00 AM","Whatcom","Nooksack","State Road","State Patrol","STATE ROUTE 9       ","NOOKSACK ROAD       ","","87.800","N","N","Clear","Daylight","Minor Injury Collision","","Utility Pole","Y","N","1","N","N","N","0","0"
"ED40212","3/2/2023 8:45:00 AM","Whatcom","Bellingham","State Road","State Patrol","SR 542              ","ANDERSON CREEK RD   ","","47.000","N","N","Snowing","Daylight","Minor Injury Collision","","Trees","Y","N","1","N","N","N","0","0"
"ED40685","3/2/2023 5:11:00 PM","Whatcom","Lynden","State Road","State Patrol","SR 546              ","BENDER ROAD         ","","2.150","N","N","Clear","Daylight","No Injury Collision","","","Y","N","1","N","N","N","0","0"
"ED40687","3/2/2023 10:04:00 PM","Whatcom","Bellingham","State Road","State Patrol","I 5                 ","LAKEWAY DR          ","","252.450","N","N","Overcast","Dark-Street Lights On","No Injury Collision","","Guardrail","Y","N","1","N","N","N","0","0"
"ED40213","3/3/2023 2:06:00 PM","Whatcom","Bellingham","State Road","State Patrol","STATE ROUTE 539     ","TEN MILE ROAD       ","","6.000","N","Y","Clear","Daylight","No Injury Collision","","","Y","N","2","N","N","N","0","0"
"ED40214","3/3/2023 2:29:00 PM","Whatcom","Blaine","State Road","State Patrol","NB I-5              ","PEACE PORTAL DRIVE  ","","273.900","N","N","Sleet or Hail or Freezing Rain","Daylight","No Injury Collision","","Concrete/Jersey Barrier","N","N","1","N","N","N","0","0"
"ED40214","3/3/2023 2:29:00 PM","Whatcom","Blaine","State Road","State Patrol","NB I-5              ","PEACE PORTAL DRIVE  ","","273.900","N","N","Sleet or Hail or Freezing Rain","Daylight","No Injury Collision","","Concrete/Jersey Barrier","Y","N","1","N","N","N","0","0"
"ED40215","3/3/2023 2:39:00 PM","Whatcom","Blaine","State Road","State Patrol","I 5                 ","PEACE PORTAL WAY    ","","273.900","N","N","Sleet or Hail or Freezing Rain","Daylight","No Injury Collision","","Concrete/Jersey Barrier","Y","N","1","N","N","N","0","0"
"ED40215","3/3/2023 2:39:00 PM","Whatcom","Blaine","State Road","State Patrol","I 5                 ","PEACE PORTAL WAY    ","","273.900","N","N","Sleet or Hail or Freezing Rain","Daylight","No Injury Collision","","Concrete/Jersey Barrier","N","N","1","N","N","N","0","0"
"ED39932","3/4/2023 10:45:00 PM","Whatcom","Bellingham","State Road","State Patrol","I 5                 ","SR 11               ","","249.760","N","N","Overcast","Dark-No Street Lights","Serious Injury Collision","","Tree or Stump","Y","N","1","Y","N","N","0","0"
"EE56955","3/5/2023 4:01:00 AM","Whatcom","Bellingham","State Road","State Patrol","I5                  ","SLATER RD           ","","259.100","N","N","Clear","Dark-No Street Lights","Minor Injury Collision","","","Y","N","2","Y","Y","N","0","0"
"ED40216","3/5/2023 3:44:00 PM","Whatcom","Bellingham","State Road","State Patrol","S$ 539              ","SR 544              ","","7.500","N","Y","Overcast","Daylight","No Injury Collision","","","Y","N","2","Y","N","N","0","0"
"ED46777","3/6/2023 1:03:00 PM","Whatcom","Blaine","State Road","State Patrol","I 5                 ","SR 543              ","","274.700","N","N","Overcast","Daylight","No Injury Collision","","","Y","N","2","Y","N","N","0","0"
"ED46779","3/6/2023 3:17:00 PM","Whatcom","Bellingham","State Road","State Patrol","SR 542              ","BELL CREEK          ","","17.500","N","N","Clear","Daylight","Minor Injury Collision","","Tree","Y","N","1","Y","N","N","0","0"
"ED46775","3/7/2023 7:49:00 AM","Whatcom","Bellingham","State Road","State Patrol","SR 539              ","LAUREL RD           ","","5.300","N","N","Clear","Daylight","Minor Injury Collision","","","Y","N","2","N","N","N","0","0"
"ED46776","3/7/2023 4:50:00 PM","Whatcom","Bellingham","State Road","State Patrol","I 5                 ","SUNSET DR           ","","255.400","N","N","Clear","Daylight","Minor Injury Collision","","","Y","N","2","Y","Y","N","0","0"
"ED43132","3/7/2023 5:33:00 PM","Whatcom","Blaine","State Road","State Patrol","SR 548              ","DRAYTON HARBOR RD   ","","10.500","N","N","Clear","Dusk","Fatal Collision","","Ditch, Concrete blocks","Y","Y","2","Y","N","N","0","0"
"ED43132","3/7/2023 5:33:00 PM","Whatcom","Blaine","State Road","State Patrol","SR 548              ","DRAYTON HARBOR RD   ","","10.500","N","N","Clear","Dusk","Fatal Collision","","Ditch, Concrete blocks","N","Y","2","Y","N","N","0","0"
"ED41841","3/10/2023 4:40:00 PM","Whatcom","Bellingham","State Road","State Patrol","SR539               ","LAUREL ROAD         ","","5.000","N","Y","Clear","Daylight","No Injury Collision","","","Y","N","2","Y","N","N","0","0"
"ED43287","3/11/2023 1:54:00 AM","Whatcom","Bellingham","State Road","State Patrol","I 5                 ","MERIDIAN ST         ","","256.000","N","Y","Overcast","Dark-Street Lights On","No Injury Collision","","guard rail","Y","Y","1","N","N","N","0","0"
"ED45556","3/11/2023 9:05:00 PM","Whatcom","Lynden","State Road","State Patrol","SR 539              ","TEN MILE RD         ","","6.000","N","Y","Overcast","Dark-Street Lights On","No Injury Collision","","Roundabout, Bushes, Ditch","Y","N","1","N","N","N","0","0"
"ED45556","3/11/2023 9:05:00 PM","Whatcom","Lynden","State Road","State Patrol","SR 539              ","TEN MILE RD         ","","6.000","N","Y","Overcast","Dark-Street Lights On","No Injury Collision","","Roundabout, Bushes, Ditch","N","N","1","N","N","N","0","0"
"ED43288","3/11/2023 9:06:00 PM","Whatcom","Bellingham","State Road","State Patrol","I 5                 ","N LAKE SAMISH RD    ","","244.410","N","N","Overcast","Dark-No Street Lights","No Injury Collision","","","Y","N","1","N","N","N","0","0"
"ED41838","3/12/2023 6:28:00 PM","Whatcom","Blaine","State Road","State Patrol","I5                  ","SWEET RD.           ","","274.500","N","N","Raining","Dusk","No Injury Collision","","Fence","Y","N","1","Y","N","N","0","0"
"ED47369","3/12/2023 10:25:00 PM","Whatcom","Bellingham","State Road","State Patrol","SR 539              ","KLINE RD            ","","2.300","N","Y","Overcast","Dark-Street Lights On","No Injury Collision","","","Y","N","2","N","N","N","0","0"
"ED46781","3/13/2023 2:41:00 PM","Whatcom","Bellingham","State Road","State Patrol","005                 ","E SUNSET DRIVE      ","","254.800","N","N","Clear","Daylight","No Injury Collision","","","N","N","2","N","N","N","0","0"
"ED46781","3/13/2023 2:41:00 PM","Whatcom","Bellingham","State Road","State Patrol","005                 ","E SUNSET DRIVE      ","","254.800","N","N","Clear","Daylight","No Injury Collision","","","Y","N","2","N","N","N","0","0"
"ED46784","3/15/2023 7:45:00 AM","Whatcom","Everson","State Road","State Patrol","SR9                 ","LINDSAY ROAD        ","","92.800","N","N","Clear","Daylight","No Injury Collision","","","Y","N","2","Y","N","N","0","0"
"ED43289","3/15/2023 4:56:00 PM","Whatcom","Bellingham","State Road","State Patrol","I5                  ","IOWA ST             ","","253.700","N","N","Clear","Daylight","No Injury Collision","","","Y","N","4","N","N","N","0","0"
"ED64013","3/16/2023 3:50:00 PM","Whatcom","Bellingham","State Road","State Patrol","SR 542              ","SR 9                ","","10.000","N","N","Clear","Daylight","No Injury Collision","","DITCH","Y","N","1","N","N","N","0","0"
"ED45555","3/16/2023 9:39:00 PM","Whatcom","Lynden","State Road","State Patrol","SR 539              ","RIVER RD            ","","9.670","N","Y","Clear","Dark-Street Lights On","No Injury Collision","","Road Signs","Y","N","1","N","N","N","0","0"
"ED46785","3/17/2023 7:54:00 AM","Whatcom","Bellingham","State Road","State Patrol","SR-539              ","SR-544              ","","7.000","N","Y","Clear","Daylight","No Injury Collision","","","Y","N","2","N","N","N","0","0"
"ED45553","3/17/2023 4:10:00 PM","Whatcom","Lynden","State Road","State Patrol","SR539               ","SR544               ","","7.500","N","Y","Overcast","Daylight","No Injury Collision","","","Y","N","2","N","Y","N","0","0"
"ED45553","3/17/2023 4:10:00 PM","Whatcom","Lynden","State Road","State Patrol","SR539               ","SR544               ","","7.500","N","Y","Overcast","Daylight","No Injury Collision","","","N","N","2","N","Y","N","0","0"
"ED44473","3/18/2023 2:56:00 PM","Whatcom","Ferndale","State Road","State Patrol","GRANDVIEW ROAD      ","I 5                 ",".     ","","N","Y","Clear","Daylight","No Injury Collision","","","Y","N","2","N","N","N","0","0"
"ED48358","3/19/2023 3:29:00 PM","Whatcom","Nooksack","State Road","State Patrol","SR 9                ","MOSQUITO LAKE RD    ","","72.440","N","N","Clear","Daylight","No Injury Collision","","Guardrail","Y","Y","1","N","Y","N","0","0"
"ED44055","3/20/2023 2:24:00 AM","Whatcom","Bellingham","State Road","State Patrol","I 5                 ","LAKEWAY DR          ","","253.330","N","N","Raining","Dark-Street Lights On","Unknown Injury Collision","","Concrete/Jersey Barrier","N","N","1","N","N","N","0","0"
"ED44055","3/20/2023 2:24:00 AM","Whatcom","Bellingham","State Road","State Patrol","I 5                 ","LAKEWAY DR          ","","253.330","N","N","Raining","Dark-Street Lights On","Unknown Injury Collision","","Concrete/Jersey Barrier","Y","N","1","N","N","N","0","0"
"ED46757","3/20/2023 11:52:00 AM","Whatcom","Bellingham","State Road","State Patrol","I 5                 ","LAKEWAY DR          ","","252.600","N","N","Raining","Daylight","No Injury Collision","","Concrete/Jersey Barrier","Y","N","1","N","N","N","0","0"
"ED46759","3/20/2023 1:53:00 PM","Whatcom","Ferndale","State Road","State Patrol","I 5                 ","MAIN ST             ","","262.500","N","N","Raining","Daylight","No Injury Collision","","Guardrail","Y","N","1","N","N","N","0","0"
"ED46758","3/20/2023 3:01:00 PM","Whatcom","Bellingham","State Road","State Patrol","I 5                 ","SR 11               ","","249.900","N","N","Raining","Daylight","Serious Injury Collision","","","Y","N","2","Y","N","N","0","0"
"ED49027","3/21/2023 10:43:00 AM","Whatcom","Bellingham","State Road","State Patrol","I 5                 ","BAKERVIEW RD        ","","259.060","N","N","Clear","Daylight","No Injury Collision","","","Y","N","2","N","N","N","0","0"
"ED45554","3/21/2023 9:01:00 PM","Whatcom","Sumas","State Road","State Patrol","SR 547              ","REESE HILL RD       ","","5.050","N","N","Clear","Dark-No Street Lights","Minor Injury Collision","","Tree or Stump","Y","N","1","N","N","N","0","0"
"ED45558","3/21/2023 9:20:00 PM","Whatcom","Bellingham","State Road","State Patrol","I-5                 ","IOWA STREET         ","","253.880","N","N","Clear","Dark-Street Lights On","No Injury Collision","","Guardrail and Fence","Y","N","3","Y","N","N","0","0"
"ED46782","3/22/2023 11:26:00 AM","Whatcom","Ferndale","State Road","State Patrol","SR 548              ","I-5                 ","","","N","Y","Clear","Daylight","No Injury Collision","","","N","N","2","N","Y","N","0","0"
"ED46782","3/22/2023 11:26:00 AM","Whatcom","Ferndale","State Road","State Patrol","SR 548              ","I-5                 ","","","N","Y","Clear","Daylight","No Injury Collision","","","Y","N","2","N","Y","N","0","0"
"ED47364","3/22/2023 3:50:00 PM","Whatcom","Lynden","State Road","State Patrol","SR 539              ","SR 544              ","","7.510","N","Y","Clear","Daylight","No Injury Collision","","","Y","N","2","Y","N","N","0","0"
"ED46780","3/23/2023 3:15:00 PM","Whatcom","Bellingham","State Road","State Patrol","I5                  ","SAMISH WAY          ","","245.000","N","N","Overcast","Daylight","No Injury Collision","","","Y","N","2","Y","N","N","0","0"
"ED45795","3/23/2023 8:00:00 PM","Whatcom","Bellingham","State Road","State Patrol","I 5                 ","SR 11               ","","248.000","N","N","Raining","Dark-No Street Lights","No Injury Collision","","Concrete/Jersey Barrier","Y","N","1","Y","N","N","0","0"
"ED47363","3/23/2023 9:16:00 PM","Whatcom","Bellingham","State Road","State Patrol","I 5                 ","SUNSET DRIVE        ","","255.100","N","N","Overcast","Dark-No Street Lights","No Injury Collision","","Guardrail","Y","N","1","N","N","N","0","0"
"ED47363","3/23/2023 9:16:00 PM","Whatcom","Bellingham","State Road","State Patrol","I 5                 ","SUNSET DRIVE        ","","255.100","N","N","Overcast","Dark-No Street Lights","No Injury Collision","","Guardrail","N","N","1","N","N","N","0","0"
"ED46783","3/24/2023 11:09:00 AM","Whatcom","Lynden","State Road","State Patrol","SR546               ","VAN VUREN RD        ","2700  ","","N","N","Raining","Daylight","No Injury Collision","","Fence","Y","N","1","N","Y","N","0","0"
"ED46786","3/24/2023 1:37:00 PM","Whatcom","Lynden","State Road","State Patrol","NORTHWOOD RD        ","SR-546              ",".     ","","N","Y","Raining","Daylight","Unknown Injury Collision","","YIELD SIGN","N","Y","1","N","N","N","0","0"
"ED46786","3/24/2023 1:37:00 PM","Whatcom","Lynden","State Road","State Patrol","NORTHWOOD RD        ","SR-546              ",".     ","","N","Y","Raining","Daylight","Unknown Injury Collision","","YIELD SIGN","Y","Y","1","N","N","N","0","0"
"ED47202","3/24/2023 2:03:00 PM","Whatcom","Bellingham","State Road","State Patrol","I 5                 ","N LAKE SAMISH       ","","246.100","N","N","Snowing","Daylight","No Injury Collision","","Guardrail","N","N","1","Y","N","N","0","0"
"ED47202","3/24/2023 2:03:00 PM","Whatcom","Bellingham","State Road","State Patrol","I 5                 ","N LAKE SAMISH       ","","246.100","N","N","Snowing","Daylight","No Injury Collision","","Guardrail","Y","N","1","Y","N","N","0","0"
"ED47203","3/24/2023 3:06:00 PM","Whatcom","Bellingham","State Road","State Patrol","I 5                 ","N LAKE SAMISH       ","","245.950","N","N","Snowing","Daylight","No Injury Collision","","Ditch","Y","N","2","N","N","N","0","0"
"ED45839","3/24/2023 4:04:00 PM","Whatcom","Bellingham","State Road","State Patrol","I 5                 ","SUNSET DR           ","","255.350","N","N","Raining","Daylight","No Injury Collision","","","Y","N","3","N","N","N","0","0"
"ED47204","3/26/2023 4:24:00 PM","Whatcom","Ferndale","State Road","State Patrol","I 5                 ","BIRCH BAY LYNDEN RD ","","269.410","N","N","Clear","Daylight","No Injury Collision","","","Y","N","2","Y","N","N","0","0"
"ED52272","3/27/2023 3:23:00 AM","Whatcom","Ferndale","State Road","State Patrol","I 5                 ","PORTAL WAY          ","","263.740","N","N","Clear","Dark-No Street Lights","No Injury Collision","","Cable barrier","Y","N","1","N","N","N","0","0"
"ED47615","3/27/2023 3:24:00 PM","Whatcom","Everson","State Road","State Patrol","SR 544              ","EVERSON GOSHEN RD   ","","5.010","N","Y","Clear","Daylight","Minor Injury Collision","","","Y","N","3","Y","N","N","0","0"
"ED47365","3/27/2023 4:30:00 PM","Whatcom","Sumas","State Road","State Patrol","SR547               ","FROST RD            ","","6.100","N","N","Clear","Daylight","No Injury Collision","","Utility Pole","Y","N","1","N","N","N","0","0"
"ED46218","3/27/2023 5:02:00 PM","Whatcom","Bellingham","State Road","State Patrol","I 5                 ","ALABAMA ST          ","","254.030","N","N","Clear","Daylight","No Injury Collision","","","Y","N","2","N","N","N","0","0"
"ED46219","3/27/2023 5:16:00 PM","Whatcom","Lynden","State Road","State Patrol","SR 544              ","SR 539              ","","0.100","N","Y","Clear","Daylight","Unknown Injury Collision","","Metal Sign Post","N","Y","1","N","N","N","0","0"
"ED47366","3/27/2023 10:20:00 PM","Whatcom","Bellingham","State Road","State Patrol","I 5                 ","NULLE RD            ","","242.900","N","N","Clear","Dark-No Street Lights","Minor Injury Collision","","Guardrail","Y","N","1","N","N","N","0","0"
"ED49026","3/29/2023 9:43:00 AM","Whatcom","Bellingham","State Road","State Patrol","I 5                 ","OLD FAIRHAVEN PKWY  ","","250.980","N","N","Clear","Daylight","No Injury Collision","","","Y","N","2","Y","N","N","0","0"
"ED47386","3/30/2023 4:27:00 PM","Whatcom","Bellingham","State Road","State Patrol","I 5                 ","SUNSET DRIVE        ","","254.800","N","N","Overcast","Daylight","No Injury Collision","","","Y","N","2","N","N","N","0","0"
"ED49029","3/31/2023 1:01:00 PM","Whatcom","Bellingham","State Road","State Patrol","I 5                 ","SR 542              ","","255.000","N","N","Raining","Daylight","No Injury Collision","","Concrete/Jersey Barrier","Y","N","1","N","N","N","0","0"
"ED49029","3/31/2023 1:01:00 PM","Whatcom","Bellingham","State Road","State Patrol","I 5                 ","SR 542              ","","255.000","N","N","Raining","Daylight","No Injury Collision","","Concrete/Jersey Barrier","N","N","1","N","N","N","0","0"
"ED52273","3/31/2023 2:10:00 PM","Whatcom","Bellingham","State Road","State Patrol","I 5                 ","LAKEWAY DR          ","","252.400","N","N","Raining","Daylight","No Injury Collision","","DOT Cable Barrier","Y","N","2","N","Y","N","0","0"
"ED49335","3/31/2023 5:22:00 PM","Whatcom","Bellingham","State Road","State Patrol","I 5                 ","SUNSET DR           ","","254.430","N","N","Clear","Daylight","No Injury Collision","","","Y","N","2","N","N","N","0","0"
"ED49043","4/1/2023 12:56:00 PM","Whatcom","Everson","State Road","State Patrol","SR 9                ","LINDSAY RD          ","","92.370","N","Y","Overcast","Daylight","No Injury Collision","","","Y","N","2","N","N","N","0","0"
"ED47616","4/1/2023 1:08:00 PM","Whatcom","Lynden","State Road","State Patrol","SR 539              ","SR 546              ","","12.540","N","Y","Overcast","Daylight","No Injury Collision","","","Y","Y","2","N","N","N","0","0"
"ED47536","4/1/2023 2:34:00 PM","Whatcom","Burlington","State Road","State Patrol","SR 11               ","SKAGIT CO LINE      ","","15.100","N","N","Clear","Daylight","Minor Injury Collision","","Earth Bank or Ledge","Y","N","1","N","N","N","0","0"
"ED52289","4/2/2023 3:46:00 AM","Whatcom","Blaine","State Road","State Patrol","I 5                 ","SR 543              ","","274.170","N","N","Raining","Dark-No Street Lights","Minor Injury Collision","","Guardrail, Ditch","Y","N","1","N","N","N","0","0"