"Collision Report Number","Collision Date","County","City","Jurisdiction","Agency","Primary Trafficway","Secondary Trafficway","Block Number","Mile Post","School Zone","Intersection Related","Weather Condition","Lighting Condition","Injury Severity","Collision Type","Object Struck","Damage Threshold Met","Hit and Run","Motor Vehicles Involved","Passengers Involved","Commercial Carrier Involved","School Bus Involved","Pedestrians Involved","Pedalcyclists Involved"
"ED47825","4/2/2023 2:17:00 PM","Whatcom","Blaine","State Road","State Patrol","I 5                 ","LOOMIS TRAIL ROAD   ","","271.600","N","N","Sleet or Hail or Freezing Rain","Daylight","No Injury Collision","","Guardrail","Y","N","1","N","N","N","0","0"
"ED49030","4/5/2023 11:22:00 AM","Whatcom","Bellingham","State Road","State Patrol","SR 542              ","BRITTON RD          ","1511  ","","N","N","Clear","Daylight","No Injury Collision","","","N","N","2","Y","N","N","0","0"
"ED49030","4/5/2023 11:22:00 AM","Whatcom","Bellingham","State Road","State Patrol","SR 542              ","BRITTON RD          ","1511  ","","N","N","Clear","Daylight","No Injury Collision","","","Y","N","2","Y","N","N","0","0"
"ED52274","4/6/2023 9:53:00 PM","Whatcom","Bellingham","State Road","State Patrol","I 5                 ","LAKEWAY DR          ","","253.260","N","Y","Overcast","Dark-Street Lights On","No Injury Collision","","","Y","N","2","N","N","N","0","0"
"ED49872","4/8/2023 2:10:00 PM","Whatcom","Sedro-Woolley","State Road","State Patrol","SR 9                ","WICKERSHAM ST       ","","67.400","N","N","Overcast","Daylight","No Injury Collision","","Ditch","Y","N","1","N","N","N","0","0"
"ED52441","4/9/2023 5:10:00 PM","Whatcom","Bellingham","State Road","State Patrol","SR 542              ","MISTY LN            ","","4.200","N","N","Raining","Daylight","Serious Injury Collision","","Private property sign","Y","N","3","N","N","N","0","0"
"ED51759","4/9/2023 8:47:00 PM","Whatcom","Bellingham","State Road","State Patrol","SR 542              ","EVERSON- GOSHEN RD  ","","4.380","N","N","Raining","Dark-No Street Lights","No Injury Collision","","","Y","N","2","Y","N","N","0","0"
"ED59606","4/9/2023 11:00:00 PM","Whatcom","Nooksack","State Road","State Patrol","SR 542              ","GLACER SPRING DR    ","","28.000","N","N","Overcast","Dark-No Street Lights","No Injury Collision","","Guardrail","Y","Y","2","N","N","N","0","0"
"ED53584","4/11/2023 3:29:00 PM","Whatcom","Bellingham","State Road","State Patrol","I 5                 ","SR 11               ","","248.900","N","N","Clear","Daylight","No Injury Collision","","","Y","N","2","Y","N","N","0","0"
"ED55853","4/11/2023 4:09:00 PM","Whatcom","Ferndale","State Road","State Patrol","SR548               ","KICKERVILLE RD      ","","4.900","N","Y","Clear","Daylight","No Injury Collision","","","Y","N","2","N","N","N","0","0"
"ED54123","4/12/2023 5:50:00 PM","Whatcom","Bellingham","State Road","State Patrol","I 5                 ","NULLE RD            ","","243.100","N","N","Overcast","Daylight","No Injury Collision","","Guardrail","Y","N","1","N","Y","N","0","0"
"ED54679","4/13/2023 4:15:00 AM","Whatcom","Bellingham","State Road","State Patrol","I-5                 ","SAMISH WAY          ","","252.000","N","N","Overcast","Dark-No Street Lights","Minor Injury Collision","","Guardrail","Y","N","1","N","Y","N","0","0"
"ED53587","4/13/2023 9:26:00 AM","Whatcom","Bellingham","State Road","State Patrol","I 5                 ","SR 11               ","","249.400","N","N","Clear","Daylight","No Injury Collision","","","N","N","2","Y","N","N","0","0"
"ED53587","4/13/2023 9:26:00 AM","Whatcom","Bellingham","State Road","State Patrol","I 5                 ","SR 11               ","","249.400","N","N","Clear","Daylight","No Injury Collision","","","Y","N","2","Y","N","N","0","0"
"ED54681","4/13/2023 11:08:00 AM","Whatcom","Blaine","State Road","State Patrol","SR548               ","BIRCH BAY LYNDEN RD ","","8.960","N","Y","Overcast","Daylight","No Injury Collision","","","N","N","2","Y","N","N","0","0"
"ED54681","4/13/2023 11:08:00 AM","Whatcom","Blaine","State Road","State Patrol","SR548               ","BIRCH BAY LYNDEN RD ","","8.960","N","Y","Overcast","Daylight","No Injury Collision","","","Y","N","2","Y","N","N","0","0"
"ED53585","4/13/2023 11:16:00 AM","Whatcom","Bellingham","State Road","State Patrol","I 5                 ","SR 11               ","","249.400","N","N","Clear","Daylight","No Injury Collision","","","Y","N","2","N","N","N","0","0"
"ED53585","4/13/2023 11:16:00 AM","Whatcom","Bellingham","State Road","State Patrol","I 5                 ","SR 11               ","","249.400","N","N","Clear","Daylight","No Injury Collision","","","N","N","2","N","N","N","0","0"
"ED54675","4/13/2023 11:56:00 AM","Whatcom","Bellingham","State Road","State Patrol","N/B SR-539          ","TEN MILE RD         ","","6.000","N","Y","Clear","Daylight","No Injury Collision","","","Y","N","2","N","Y","N","0","0"
"ED54675","4/13/2023 11:56:00 AM","Whatcom","Bellingham","State Road","State Patrol","N/B SR-539          ","TEN MILE RD         ","","6.000","N","Y","Clear","Daylight","No Injury Collision","","","N","N","2","N","Y","N","0","0"
"ED53586","4/13/2023 4:21:00 PM","Whatcom","Ferndale","State Road","State Patrol","I 5                 ","GRANDVIEW           ","","265.980","N","N","Clear","Daylight","Minor Injury Collision","","MILE MARKER SIGN","Y","N","1","N","N","N","0","0"
"ED54677","4/14/2023 8:47:00 AM","Whatcom","Ferndale","State Road","State Patrol","S5                  ","MAIN STREET         ","","263.000","N","N","Clear","Daylight","Minor Injury Collision","","","N","N","2","N","N","N","0","0"
"ED54677","4/14/2023 8:47:00 AM","Whatcom","Ferndale","State Road","State Patrol","S5                  ","MAIN STREET         ","","263.000","N","N","Clear","Daylight","Minor Injury Collision","","","Y","N","2","N","N","N","0","0"
"ED51636","4/14/2023 5:33:00 PM","Whatcom","Bellingham","State Road","State Patrol","I 5                 ","IOWA ST             ","","253.570","N","N","Clear","Daylight","No Injury Collision","","","Y","N","3","Y","N","N","0","0"
"ED54684","4/14/2023 5:33:00 PM","Whatcom","Bellingham","State Road","State Patrol","I 5                 ","IOWA ST             ","","253.560","N","N","Clear","Daylight","No Injury Collision","","","Y","N","3","Y","N","N","0","0"
"ED52275","4/14/2023 6:20:00 PM","Whatcom","Bellingham","State Road","State Patrol","I 5                 ","IOWA ST             ","","254.100","N","Y","Clear","Daylight","No Injury Collision","","","Y","N","2","N","N","N","0","0"
"ED52276","4/14/2023 6:50:00 PM","Whatcom","Bellingham","State Road","State Patrol","SR 542              ","SR 547              ","","22.640","N","N","Clear","Daylight","No Injury Collision","","","Y","N","1","N","N","N","0","0"
"ED52287","4/14/2023 8:16:00 PM","Whatcom","Bellingham","State Road","State Patrol","I 5                 ","IOWA ST             ","","253.630","N","N","Clear","Dusk","No Injury Collision","","Guardrail","Y","N","1","N","N","N","0","0"
"ED52287","4/14/2023 8:16:00 PM","Whatcom","Bellingham","State Road","State Patrol","I 5                 ","IOWA ST             ","","253.630","N","N","Clear","Dusk","No Injury Collision","","Guardrail","N","N","1","N","N","N","0","0"
"ED52293","4/15/2023 6:22:00 AM","Whatcom","Bellingham","State Road","State Patrol","I 5                 ","SR 11               ","","250.710","N","N","Overcast","Dawn","No Injury Collision","","Deer","Y","N","1","N","N","N","0","0"
"ED54676","4/15/2023 4:45:00 PM","Whatcom","Everson","State Road","State Patrol","SR539               ","SR544               ","","7.500","N","Y","Overcast","Daylight","No Injury Collision","","","Y","N","2","N","N","N","0","0"
"ED54676","4/15/2023 4:45:00 PM","Whatcom","Everson","State Road","State Patrol","SR539               ","SR544               ","","7.500","N","Y","Overcast","Daylight","No Injury Collision","","","N","N","2","N","N","N","0","0"
"ED54670","4/15/2023 5:25:00 PM","Whatcom","Bellingham","State Road","State Patrol","SR539               ","SMITH STREET        ","5309  ","","N","Y","Overcast","Daylight","No Injury Collision","","Mailbox","Y","N","1","N","N","N","0","0"
"ED54672","4/16/2023 1:30:00 AM","Whatcom","Bellingham","State Road","State Patrol","N5                  ","SAMISH WAY          ","","251.000","N","Y","Overcast","Dark-No Street Lights","No Injury Collision","","Metal Sign Post","Y","N","1","Y","N","N","0","0"
"ED54671","4/16/2023 5:59:00 PM","Whatcom","Ferndale","State Road","State Patrol","I 5                 ","MAIN ST             ","","262.570","N","Y","Raining","Dusk","No Injury Collision","","","Y","N","2","N","N","N","0","0"
"ED54683","4/16/2023 8:32:00 PM","Whatcom","Bellingham","State Road","State Patrol","INTERSTATE 5        ","IOWA ST             ","","254.000","N","N","Raining","Dark-No Street Lights","No Injury Collision","","","N","Y","2","Y","N","N","0","0"
"ED54683","4/16/2023 8:32:00 PM","Whatcom","Bellingham","State Road","State Patrol","INTERSTATE 5        ","IOWA ST             ","","254.000","N","N","Raining","Dark-No Street Lights","No Injury Collision","","","Y","Y","2","Y","N","N","0","0"
"ED54680","4/16/2023 10:14:00 PM","Whatcom","Bellingham","State Road","State Patrol","STATE ROUTE 11      ","YACHT CLUB RD       ","","15.000","N","N","Raining","Dark-No Street Lights","Minor Injury Collision","","Tree or Stump","N","N","1","N","N","N","0","0"
"ED54680","4/16/2023 10:14:00 PM","Whatcom","Bellingham","State Road","State Patrol","STATE ROUTE 11      ","YACHT CLUB RD       ","","15.000","N","N","Raining","Dark-No Street Lights","Minor Injury Collision","","Tree or Stump","Y","N","1","N","N","N","0","0"
"ED52286","4/16/2023 11:51:00 PM","Whatcom","Blaine","State Road","State Patrol","SR 548              ","BAY RD              ","","7.020","N","N","Overcast","Dark-No Street Lights","No Injury Collision","","Roadway Ditch","Y","N","1","N","N","N","0","0"
"ED54685","4/17/2023 1:08:00 AM","Whatcom","Bellingham","State Road","State Patrol","STATE ROUTE 539     ","LAUREL RD           ","","5.000","N","Y","Raining","Dark - Unknown Lighting","No Injury Collision","","","Y","Y","2","Y","N","N","0","0"
"ED54678","4/17/2023 7:45:00 AM","Whatcom","Bellingham","State Road","State Patrol","SR 539              ","AXTON               ","","4.500","N","Y","Overcast","Daylight","Minor Injury Collision","","","Y","N","2","N","N","N","0","0"
"ED54674","4/18/2023 2:26:00 PM","Whatcom","Bellingham","State Road","State Patrol","I-5                 ","GUIDE MERIDIAN RD   ","","256.000","N","N","Clear","Daylight","Minor Injury Collision","","","Y","N","2","Y","N","N","0","0"
"ED54673","4/18/2023 6:05:00 PM","Whatcom","Bellingham","State Road","State Patrol","I 5                 ","NORTHWEST AVE       ","","256.980","N","N","Clear","Daylight","No Injury Collision","","Deer","Y","N","1","N","N","N","0","0"
"ED54682","4/18/2023 9:28:00 PM","Whatcom","Bellingham","State Road","State Patrol","SR 539              ","SMITH RD            ","","3.500","N","Y","Clear","Dark-Street Lights On","Minor Injury Collision","","","Y","N","2","N","Y","N","0","0"
"ED54688","4/19/2023 8:26:00 AM","Whatcom","Lynden","State Road","State Patrol","SR-546              ","BENSON RD           ","","1.000","N","Y","Overcast","Daylight","Minor Injury Collision","","","Y","N","2","Y","N","N","0","0"
"ED64014","4/19/2023 5:22:00 PM","Whatcom","Bellingham","State Road","State Patrol","SR 539              ","HEMMI               ","","5.500","N","Y","Clear","Daylight","No Injury Collision","","","Y","N","2","Y","N","N","0","0"
"ED54686","4/20/2023 4:00:00 AM","Whatcom","Bellingham","State Road","State Patrol","I 5                 ","SR 539              ","","256.600","N","N","Overcast","Dark-Street Lights On","No Injury Collision","","deer","Y","N","1","N","Y","N","0","0"
"ED54692","4/20/2023 12:28:00 PM","Whatcom","Lynden","State Road","State Patrol","SR 546              ","DEPOT RD            ","","1.850","N","N","Overcast","Daylight","No Injury Collision","","","Y","N","2","N","N","N","0","0"
"ED54691","4/20/2023 5:25:00 PM","Whatcom","Bellingham","State Road","State Patrol","I 5                 ","JS SUNSET           ","","254.200","N","N","Raining","Daylight","Minor Injury Collision","","","Y","N","4","Y","N","N","0","0"
"ED54691","4/20/2023 5:25:00 PM","Whatcom","Bellingham","State Road","State Patrol","I 5                 ","JS SUNSET           ","","254.200","N","N","Raining","Daylight","Minor Injury Collision","","","N","N","4","Y","N","N","0","0"
"ED54687","4/21/2023 3:59:00 AM","Whatcom","Lynden","State Road","State Patrol","SR 539              ","RIVER RD            ","","10.000","N","N","Raining","Dark-No Street Lights","No Injury Collision","","cable barrier","Y","N","1","Y","N","N","0","0"
"ED54690","4/21/2023 5:00:00 AM","Whatcom","Bellingham","State Road","State Patrol","SR 542              ","WELLS CRK RD        ","","41.550","N","N","Raining","Dark-No Street Lights","No Injury Collision","","ditch","Y","N","1","N","N","N","0","0"
"ED55483","4/21/2023 7:30:00 AM","Whatcom","Nooksack","State Road","State Patrol","SR 542              ","MOSQUITO LAKE RD    ","","18.400","N","N","Raining","Daylight","No Injury Collision","","DEER","Y","N","1","N","N","N","0","0"
"ED55482","4/21/2023 4:42:00 PM","Whatcom","Bellingham","State Road","State Patrol","I 5                 ","NULLE ROAD          ","","242.700","N","N","Raining","Daylight","No Injury Collision","","","Y","N","2","Y","N","N","0","0"
"ED55481","4/23/2023 2:20:00 AM","Whatcom","Bellingham","State Road","State Patrol","SR 9                ","WILLIAMS LAKE RD    ","","77.930","N","N","Raining","Dark-No Street Lights","Unknown Injury Collision","","Guardrail","Y","Y","1","N","N","N","0","0"
"ED59604","4/24/2023 8:37:00 AM","Whatcom","Bellingham","State Road","State Patrol","I 5                 ","IOWA                ","","254.000","N","N","Clear","Daylight","No Injury Collision","","","N","N","3","N","N","N","0","0"
"ED59604","4/24/2023 8:37:00 AM","Whatcom","Bellingham","State Road","State Patrol","I 5                 ","IOWA                ","","254.000","N","N","Clear","Daylight","No Injury Collision","","","Y","N","3","N","N","N","0","0"
"ED54669","4/24/2023 10:43:00 AM","Whatcom","Blaine","State Road","State Patrol","I 5                 ","BIRCH BAY LYNDEN RD ","","270.240","N","N","Clear","Daylight","No Injury Collision","","Roadway Ditch","Y","N","1","N","N","N","0","0"
"ED54693","4/25/2023 8:07:00 AM","Whatcom","Nooksack","State Road","State Patrol","SR 9                ","MASSEY RD           ","","89.300","N","Y","Clear","Daylight","Minor Injury Collision","","","Y","N","2","N","N","N","0","0"
"ED55480","4/25/2023 5:50:00 PM","Whatcom","Ferndale","State Road","State Patrol","SR 548              ","SOUTH BOUND OFF RAMP","","0.010","N","Y","Clear","Daylight","No Injury Collision","","","Y","N","4","Y","N","N","0","0"
"ED55479","4/26/2023 4:42:00 PM","Whatcom","Ferndale","State Road","State Patrol","SR 548              ","SALASHAN LOOP       ","","0.620","N","Y","Overcast","Daylight","No Injury Collision","","","Y","N","2","N","N","N","0","0"
"ED55484","4/26/2023 5:50:00 PM","Whatcom","Ferndale","State Road","State Patrol","SR 548              ","VISTA DR            ","","0.630","N","N","Overcast","Daylight","No Injury Collision","","","Y","N","2","Y","N","N","0","0"
"ED59617","4/27/2023 1:01:00 PM","Whatcom","Bellingham","State Road","State Patrol","I 5                 ","SR 539              ","","256.000","N","N","Clear","Daylight","No Injury Collision","","NONE","Y","N","2","N","N","N","0","0"
"ED55854","4/27/2023 5:15:00 PM","Whatcom","Ferndale","State Road","State Patrol","I 5                 ","PORTAL WAY          ","","265.200","N","N","Clear","Daylight","Minor Injury Collision","","","Y","Y","2","N","N","N","0","0"
"ED55854","4/27/2023 5:15:00 PM","Whatcom","Ferndale","State Road","State Patrol","I 5                 ","PORTAL WAY          ","","265.200","N","N","Clear","Daylight","Minor Injury Collision","","","N","Y","2","N","N","N","0","0"
"ED61647","4/27/2023 5:42:00 PM","Whatcom","Bellingham","State Road","State Patrol","I 5                 ","SUNSET DR           ","","255.400","N","N","Clear","Daylight","No Injury Collision","","","Y","N","2","N","Y","N","0","0"
"ED61647","4/27/2023 5:42:00 PM","Whatcom","Bellingham","State Road","State Patrol","I 5                 ","SUNSET DR           ","","255.400","N","N","Clear","Daylight","No Injury Collision","","","N","N","2","N","Y","N","0","0"
"ED59615","4/27/2023 6:10:00 PM","Whatcom","Bellingham","State Road","State Patrol","S/B I-5             ","SR-539              ","","256.000","N","N","Clear","Daylight","No Injury Collision","","","Y","N","2","Y","N","N","0","0"
"ED55858","4/27/2023 6:45:00 PM","Whatcom","Bellingham","State Road","State Patrol","I 5 SOUTH           ","SUNSET DRIVE        ","","255.400","N","N","Clear","Daylight","No Injury Collision","","","Y","N","2","Y","N","N","0","0"
"ED55858","4/27/2023 6:45:00 PM","Whatcom","Bellingham","State Road","State Patrol","I 5 SOUTH           ","SUNSET DRIVE        ","","255.400","N","N","Clear","Daylight","No Injury Collision","","","N","N","2","Y","N","N","0","0"
"ED59618","4/28/2023 5:35:00 PM","Whatcom","Bellingham","State Road","State Patrol","N/B I-5             ","SR-11               ","","250.000","N","Y","Clear","Daylight","No Injury Collision","","","Y","N","2","Y","N","N","0","0"
"ED59619","4/29/2023 6:30:00 AM","Whatcom","Bellingham","State Road","State Patrol","N 11                ","WHITECAP RD         ","","15.500","N","N","Clear","Dawn","No Injury Collision","","Rock Bank or Ledge","Y","N","1","N","N","N","0","0"
"ED59934","4/29/2023 10:30:00 AM","Whatcom","Lynden","State Road","State Patrol","9030 SR 539         ","SR 546              ","","12.890","N","Y","Clear","Daylight","No Injury Collision","","","Y","N","2","N","N","N","0","0"
"ED59933","4/30/2023 9:34:00 AM","Whatcom","Bellingham","State Road","State Patrol","I 5                 ","SAMISH WAY          ","","251.000","N","N","Overcast","Daylight","No Injury Collision","","","N","N","2","N","N","N","0","0"
"ED59933","4/30/2023 9:34:00 AM","Whatcom","Bellingham","State Road","State Patrol","I 5                 ","SAMISH WAY          ","","251.000","N","N","Overcast","Daylight","No Injury Collision","","","Y","N","2","N","N","N","0","0"
"ED59600","4/30/2023 2:50:00 PM","Whatcom","Bellingham","State Road","State Patrol","SR 542              ","GLACIER SPRINGS DR  ","","30.400","N","Y","Overcast","Daylight","No Injury Collision","","","N","N","2","N","N","N","0","0"
"ED59600","4/30/2023 2:50:00 PM","Whatcom","Bellingham","State Road","State Patrol","SR 542              ","GLACIER SPRINGS DR  ","","30.400","N","Y","Overcast","Daylight","No Injury Collision","","","Y","N","2","N","N","N","0","0"
"ED59603","5/1/2023 1:50:00 PM","Whatcom","Bellingham","State Road","State Patrol","SR 542              ","EASTWOOD RD         ","","20.810","N","N","Raining","Daylight","No Injury Collision","","","Y","N","2","N","N","N","0","0"
"ED59602","5/1/2023 2:48:00 PM","Whatcom","Nooksack","State Road","State Patrol","SR 9                ","POTTER RD           ","","77.800","N","N","Raining","Daylight","Serious Injury Collision","","","Y","N","2","Y","N","N","0","0"
"ED61649","5/2/2023 4:41:00 PM","Whatcom","Bellingham","State Road","State Patrol","I 5                 ","IOWA ST             ","","254.000","N","N","Clear","Daylight","No Injury Collision","","","Y","N","2","N","N","N","0","0"
"ED59937","5/2/2023 5:25:00 PM","Whatcom","Bellingham","State Road","State Patrol","I 5                 ","SR 539              ","","256.670","N","Y","Clear","Daylight","No Injury Collision","","","Y","N","3","N","N","N","0","0"
"ED59607","5/2/2023 5:44:00 PM","Whatcom","Bellingham","State Road","State Patrol","I 5                 ","SAMISH WAY          ","","251.550","N","N","Clear","Daylight","No Injury Collision","","","Y","N","2","Y","N","N","0","0"
"ED59936","5/2/2023 6:13:00 PM","Whatcom","Bellingham","State Road","State Patrol","I 5                 ","SUNSET DR           ","","255.110","N","Y","Clear","Daylight","No Injury Collision","","","Y","N","2","N","N","N","0","0"
"ED59935","5/3/2023 1:55:00 AM","Whatcom","Bellingham","State Road","State Patrol","SR 542              ","Y ROAD              ","","6.070","N","Y","Clear","Dark-No Street Lights","No Injury Collision","","","Y","N","1","N","N","N","0","0"
"ED67081","5/3/2023 1:30:00 PM","Whatcom","Blaine","State Road","State Patrol","I 5                 ","BIRCH BAY LYNDEN RD ","","271.100","N","N","Clear","Daylight","No Injury Collision","","","Y","N","2","N","N","N","0","0"
"ED61648","5/3/2023 4:30:00 PM","Whatcom","Bellingham","State Road","State Patrol","I 5                 ","SR 539              ","","256.000","N","N","Clear","Daylight","No Injury Collision","","none","Y","N","2","N","N","N","0","0"
"ED60162","5/3/2023 11:22:00 PM","Whatcom","Ferndale","State Road","State Patrol","I 5                 ","SLATER ROAD         ","","260.600","N","N","Clear","Dark-No Street Lights","Minor Injury Collision","","Roadway Ditch","Y","N","2","N","Y","N","0","0"
"ED59605","5/4/2023 12:10:00 PM","Whatcom","Bellingham","State Road","State Patrol","I 5                 ","BAKERVIEW           ","","257.000","N","N","Overcast","Daylight","No Injury Collision","","Deer","Y","N","1","Y","N","N","0","0"
"ED67082","5/4/2023 2:45:00 PM","Whatcom","Lynden","State Road","State Patrol","SR 539              ","SR 544              ","","7.500","N","Y","Overcast","Daylight","No Injury Collision","","","N","N","2","N","N","N","0","0"
"ED67082","5/4/2023 2:45:00 PM","Whatcom","Lynden","State Road","State Patrol","SR 539              ","SR 544              ","","7.500","N","Y","Overcast","Daylight","No Injury Collision","","","Y","N","2","N","N","N","0","0"
"ED59601","5/4/2023 5:53:00 PM","Whatcom","Bellingham","State Road","State Patrol","I 5                 ","SUNSET DRIVE        ","","253.810","N","N","Raining","Dusk","No Injury Collision","","","Y","N","2","Y","N","N","0","0"
"ED59608","5/5/2023 4:57:00 PM","Whatcom","Bellingham","State Road","State Patrol","I 5                 ","MEADOR AVE          ","","253.550","N","N","Raining","Daylight","No Injury Collision","","","N","N","2","Y","N","N","0","0"
"ED59610","5/5/2023 4:57:00 PM","Whatcom","Bellingham","State Road","State Patrol","I 5                 ","MEADOR AVE          ","","253.550","N","N","Raining","Daylight","No Injury Collision","","","Y","N","3","Y","N","N","0","0"
"ED59609","5/6/2023 4:10:00 AM","Whatcom","Nooksack","State Road","State Patrol","SR 9                ","MARDA LANE          ","","70.000","N","N","Raining","Dark-No Street Lights","Unknown Injury Collision","","Roadway Ditch / Mailbox","N","N","1","N","N","N","0","0"
"ED59609","5/6/2023 4:10:00 AM","Whatcom","Nooksack","State Road","State Patrol","SR 9                ","MARDA LANE          ","","70.000","N","N","Raining","Dark-No Street Lights","Unknown Injury Collision","","Roadway Ditch / Mailbox","Y","N","1","N","N","N","0","0"
"ED61654","5/6/2023 1:30:00 PM","Whatcom","Darrington","State Road","State Patrol","SR 542              ","SR 9                ","","14.000","N","Y","Clear","Unknown","Unknown Injury Collision","","Sign","Y","Y","1","N","N","N","0","0"
"ED61654","5/6/2023 1:30:00 PM","Whatcom","Darrington","State Road","State Patrol","SR 542              ","SR 9                ","","14.000","N","Y","Clear","Unknown","Unknown Injury Collision","","Sign","N","Y","1","N","N","N","0","0"
"ED59938","5/7/2023 8:53:00 PM","Whatcom","Bellingham","State Road","State Patrol","I 5                 ","SR 539              ","","256.210","N","Y","Clear","Dusk","No Injury Collision","","","Y","N","2","N","N","N","0","0"
"ED59611","5/7/2023 10:19:00 PM","Whatcom","Ferndale","State Road","State Patrol","E POLE RD           ","BLUMEFIELD DR       ",".     ","","N","N","Clear","Dark-No Street Lights","No Injury Collision","","","Y","Y","2","Y","N","N","0","0"
"ED59612","5/8/2023 7:53:00 AM","Whatcom","Bellingham","State Road","State Patrol","I 5                 ","NULLE RD            ","","243.350","N","N","Clear","Daylight","No Injury Collision","","sign post","Y","N","1","Y","N","N","0","0"
"ED61651","5/8/2023 9:43:00 AM","Whatcom","Nooksack","State Road","State Patrol","SR 9                ","SR 542              ","","79.320","N","Y","Clear","Daylight","No Injury Collision","","","Y","N","2","N","N","N","0","0"
"ED60170","5/9/2023 3:02:00 AM","Whatcom","Bellingham","State Road","State Patrol","I 5                 ","SAMISH WAY          ","","246.830","N","N","Clear","Dark-No Street Lights","No Injury Collision","","Guardrail","Y","Y","1","N","N","N","0","0"
"ED64016","5/9/2023 4:01:00 AM","Whatcom","Ferndale","State Road","State Patrol","I 5                 ","GRANDVIEW           ","","265.980","N","Y","Clear","Dark-Street Lights On","No Injury Collision","","","Y","Y","2","N","N","N","0","0"
"ED59613","5/9/2023 11:23:00 AM","Whatcom","Everson","State Road","State Patrol","SR 544              ","E 5TH PL            ","","1.210","N","N","Clear","Daylight","Minor Injury Collision","","","Y","N","3","N","Y","N","0","0"
"ED67093","5/9/2023 3:55:00 PM","Whatcom","Bellingham","State Road","State Patrol","I 5                 ","IOWA ST             ","","253.800","N","N","Clear","Daylight","No Injury Collision","","","N","N","3","N","N","N","0","0"
"ED67093","5/9/2023 3:55:00 PM","Whatcom","Bellingham","State Road","State Patrol","I 5                 ","IOWA ST             ","","253.800","N","N","Clear","Daylight","No Injury Collision","","","Y","N","3","N","N","N","0","0"
"ED60165","5/9/2023 5:33:00 PM","Whatcom","Ferndale","State Road","State Patrol","I 5                 ","PORTAL WAY          ","","263.050","N","N","Clear","Daylight","No Injury Collision","","","Y","N","2","N","N","N","0","0"
"ED67090","5/11/2023 8:30:00 AM","Whatcom","Blaine","State Road","State Patrol","SR 543              ","BOBLETT ST          ","","0.040","N","Y","Clear","Daylight","No Injury Collision","","","Y","N","2","Y","Y","N","0","0"
"ED60166","5/11/2023 3:53:00 PM","Whatcom","Bellingham","State Road","State Patrol","I 5                 ","LAKEWAY DR          ","","253.000","N","Y","Clear","Daylight","No Injury Collision","","","Y","N","2","Y","N","N","0","0"
"ED61652","5/11/2023 3:53:00 PM","Whatcom","Bellingham","State Road","State Patrol","I 5                 ","BAKERVIEW RD        ","","259.160","N","N","Clear","Daylight","No Injury Collision","","ditch","Y","N","1","N","N","N","0","0"
"ED60163","5/11/2023 5:03:00 PM","Whatcom","Bellingham","State Road","State Patrol","I 5 NORTH           ","IOWA STREET         ","","253.500","N","N","Clear","Daylight","No Injury Collision","","","Y","N","2","N","N","N","0","0"
"ED60168","5/11/2023 5:03:00 PM","Whatcom","Bellingham","State Road","State Patrol","I 5                 ","IOWA STREET         ","","253.500","N","N","Clear","Daylight","No Injury Collision","","","N","Y","2","N","N","N","0","0"
"ED60168","5/11/2023 5:03:00 PM","Whatcom","Bellingham","State Road","State Patrol","I 5                 ","IOWA STREET         ","","253.500","N","N","Clear","Daylight","No Injury Collision","","","Y","Y","2","N","N","N","0","0"
"ED61657","5/12/2023 12:06:00 AM","Whatcom","Ferndale","State Road","State Patrol","S/B I-5             ","","","265.000","N","N","Clear","Dark-No Street Lights","Minor Injury Collision","","","Y","N","1","N","N","N","0","0"
"ED60164","5/12/2023 3:43:00 PM","Whatcom","Bellingham","State Road","State Patrol","I 5                 ","IOWA ST             ","","253.780","N","N","Clear","Daylight","No Injury Collision","","","Y","N","2","Y","N","N","0","0"
"ED61653","5/12/2023 4:10:00 PM","Whatcom","Bellingham","State Road","State Patrol","I 5                 ","IOWA ST             ","","253.620","N","N","Clear","Daylight","No Injury Collision","","Guardrail","Y","N","3","N","Y","N","0","0"
"ED63868","5/12/2023 5:10:00 PM","Whatcom","Bellingham","State Road","State Patrol","I5                  ","SUNSET WAY          ","","255.200","N","N","Clear","Daylight","No Injury Collision","","","N","N","3","N","N","N","0","0"
"ED63868","5/12/2023 5:10:00 PM","Whatcom","Bellingham","State Road","State Patrol","I5                  ","SUNSET WAY          ","","255.200","N","N","Clear","Daylight","No Injury Collision","","","Y","N","3","N","N","N","0","0"
"ED61655","5/12/2023 5:11:00 PM","Whatcom","Bellingham","State Road","State Patrol","S 5                 ","MERIDIAN            ","","256.100","N","N","Clear","Daylight","No Injury Collision","","","Y","N","2","N","N","N","0","0"
"ED61650","5/12/2023 5:20:00 PM","Whatcom","Bellingham","State Road","State Patrol","I 5                 ","SAMISH WAY          ","","252.000","N","N","Clear","Daylight","No Injury Collision","","","Y","N","2","Y","N","N","0","0"
"ED61650","5/12/2023 5:20:00 PM","Whatcom","Bellingham","State Road","State Patrol","I 5                 ","SAMISH WAY          ","","252.000","N","N","Clear","Daylight","No Injury Collision","","","N","N","2","Y","N","N","0","0"