"Collision Report Number","Collision Date","County","City","Jurisdiction","Agency","Primary Trafficway","Secondary Trafficway","Block Number","Mile Post","School Zone","Intersection Related","Weather Condition","Lighting Condition","Injury Severity","Collision Type","Object Struck","Damage Threshold Met","Hit and Run","Motor Vehicles Involved","Passengers Involved","Commercial Carrier Involved","School Bus Involved","Pedestrians Involved","Pedalcyclists Involved"
"ED61656","5/12/2023 6:40:00 PM","Whatcom","Bellingham","State Road","State Patrol","I 5                 ","SUNSET DR           ","","255.250","N","N","Clear","Daylight","No Injury Collision","","","Y","N","3","Y","N","N","0","0"
"ED71076","5/12/2023 7:20:00 PM","Whatcom","Sumas","State Road","State Patrol","SR 9                ","WEST FRONT ST       ","","97.130","N","Y","Clear","Daylight","No Injury Collision","","","Y","N","2","N","Y","N","0","0"
"ED60167","5/13/2023 9:02:00 AM","Whatcom","Bellingham","State Road","State Patrol","I 5                 ","SUNSET              ","","254.800","N","N","Clear","Daylight","No Injury Collision","","","Y","N","2","Y","N","N","0","0"
"ED60169","5/14/2023 6:20:00 PM","Whatcom","Ferndale","State Road","State Patrol","I 5                 ","SLATER RD           ","","261.140","N","N","Clear","Daylight","No Injury Collision","","","Y","N","2","Y","N","N","0","0"
"ED71077","5/15/2023 2:04:00 AM","Whatcom","Lynden","State Road","State Patrol","SR 539              ","KING TUT RD         ","","6.630","N","N","Clear","Dark-No Street Lights","No Injury Collision","","cable barrier","Y","N","1","N","N","N","0","0"
"ED67083","5/17/2023 7:20:00 PM","Whatcom","Lynden","State Road","State Patrol","SR546               ","BENSON RD           ","","0.900","N","N","Clear","Daylight","No Injury Collision","","","Y","N","2","N","N","N","0","0"
"ED64165","5/18/2023 4:05:00 PM","Whatcom","Ferndale","State Road","State Patrol","N/B I-5             ","SLATER RD           ","","260.000","N","N","Clear","Daylight","No Injury Collision","","","Y","Y","2","Y","N","N","0","0"
"ED64165","5/18/2023 4:05:00 PM","Whatcom","Ferndale","State Road","State Patrol","N/B I-5             ","SLATER RD           ","","260.000","N","N","Clear","Daylight","No Injury Collision","","","N","Y","2","Y","N","N","0","0"
"ED64376","5/19/2023 9:30:00 AM","Whatcom","Bellingham","State Road","State Patrol","I 5                 ","SR 11               ","","250.000","N","N","Clear","Daylight","No Injury Collision","","","N","N","2","N","N","N","0","0"
"ED64376","5/19/2023 9:30:00 AM","Whatcom","Bellingham","State Road","State Patrol","I 5                 ","SR 11               ","","250.000","N","N","Clear","Daylight","No Injury Collision","","","Y","N","2","N","N","N","0","0"
"ED62801","5/19/2023 1:40:00 PM","Whatcom","Concrete","State Road","State Patrol","SR 20               ","COLONIAL CREEK      ","","128.200","N","N","Clear","Daylight","No Injury Collision","","deer","Y","N","1","N","N","N","0","0"
"ED62802","5/19/2023 1:40:00 PM","Whatcom","Concrete","State Road","State Patrol","SR 20               ","COLONIAL CREEK      ","","128.200","N","N","Clear","Daylight","Minor Injury Collision","","deer","Y","N","1","N","N","N","0","0"
"ED64008","5/19/2023 3:45:00 PM","Whatcom","Bellingham","State Road","State Patrol","I 5                 ","SUNSET DRIVE        ","","255.000","N","N","Clear","Daylight","No Injury Collision","","","Y","N","2","Y","N","N","0","0"
"ED64009","5/19/2023 5:00:00 PM","Whatcom","Bellingham","State Road","State Patrol","I 5                 ","LAKE WAY DRIVE      ","","253.000","N","N","Clear","Daylight","No Injury Collision","","","Y","N","2","Y","N","N","0","0"
"ED71078","5/19/2023 7:31:00 PM","Whatcom","Bellingham","State Road","State Patrol","SR 542              ","SMITH RD            ","","8.870","N","Y","Clear","Daylight","No Injury Collision","","","Y","N","2","N","N","N","0","0"
"ED67091","5/20/2023 1:50:00 AM","Whatcom","Bellingham","State Road","State Patrol","I 5                 ","NORTHWEST AVENUE    ","","257.200","N","N","Clear","Dark-Street Lights On","No Injury Collision","","CABLE BARRIER","Y","N","1","N","N","N","0","0"
"ED67085","5/20/2023 4:04:00 PM","Whatcom","Ferndale","State Road","State Patrol","I 5                 ","SLATER ROAD         ","","260.300","N","N","Clear","Daylight","No Injury Collision","","Wood Sign Post","N","N","2","Y","Y","N","0","0"
"ED67085","5/20/2023 4:04:00 PM","Whatcom","Ferndale","State Road","State Patrol","I 5                 ","SLATER ROAD         ","","260.300","N","N","Clear","Daylight","No Injury Collision","","Wood Sign Post","Y","N","2","Y","Y","N","0","0"
"ED64019","5/21/2023 2:51:00 PM","Whatcom","Bellingham","State Road","State Patrol","I 5                 ","LAKEWAY DR          ","","253.300","N","N","Clear","Daylight","No Injury Collision","","","Y","N","2","N","N","N","0","0"
"ED67086","5/21/2023 7:37:00 PM","Whatcom","Blaine","State Road","State Patrol","I 5                 ","SR 543              ","","275.100","N","N","Clear","Daylight","No Injury Collision","","Cable Barrier","Y","N","1","N","N","N","0","0"
"ED64015","5/22/2023 6:37:00 AM","Whatcom","Everson","State Road","State Patrol","SR 544              ","SR 539              ","","1.000","N","N","Overcast","Daylight","No Injury Collision","","","Y","N","2","N","N","N","0","0"
"ED64017","5/22/2023 8:19:00 AM","Whatcom","Bellingham","State Road","State Patrol","I 5                 ","N LAKE SAMISH       ","","244.700","N","N","Raining","Daylight","No Injury Collision","","Guardrail","Y","N","1","N","N","N","0","0"
"ED64018","5/23/2023 8:39:00 AM","Whatcom","Bellingham","State Road","State Patrol","I 5                 ","LAKEWAY DR          ","","253.450","N","N","Overcast","Daylight","No Injury Collision","","","N","Y","2","N","N","N","0","0"
"ED65517","5/23/2023 2:53:00 PM","Whatcom","Bellingham","State Road","State Patrol","SR 542              ","HATCHERY RD         ","","21.360","N","N","Clear","Daylight","No Injury Collision","","","Y","N","2","Y","N","N","0","0"
"ED64020","5/24/2023 3:45:00 PM","Whatcom","Bellingham","State Road","State Patrol","I 5                 ","NULLE RD            ","","243.220","N","N","Clear","Daylight","No Injury Collision","","traffic sign","Y","N","1","Y","N","N","0","0"
"ED67087","5/24/2023 3:56:00 PM","Whatcom","Bellingham","State Road","State Patrol","I 5                 ","SR 539              ","","256.010","N","N","Clear","Daylight","No Injury Collision","","","Y","N","2","N","N","N","0","0"
"ED67084","5/24/2023 5:23:00 PM","Whatcom","Bellingham","State Road","State Patrol","I 5                 ","LAKEWAY DR          ","","252.990","N","Y","Clear","Daylight","No Injury Collision","","","Y","N","3","N","N","N","0","0"
"ED67092","5/25/2023 7:23:00 PM","Whatcom","Bellingham","State Road","State Patrol","I 5                 ","BAKERVIEW RD        ","","258.200","N","N","Clear","Daylight","No Injury Collision","","Deer","Y","N","1","N","N","N","0","0"
"ED67095","5/26/2023 4:18:00 PM","Whatcom","Bellingham","State Road","State Patrol","I 5                 ","SUNSET DRIVE        ","","254.600","N","N","Clear","Daylight","No Injury Collision","","","Y","N","3","Y","N","N","0","0"
"ED67096","5/26/2023 5:13:00 PM","Whatcom","Bellingham","State Road","State Patrol","I 5                 ","WEST BAKERVIEW ROAD ","","257.400","N","N","Clear","Daylight","No Injury Collision","","","Y","N","2","Y","N","N","0","0"
"ED67094","5/27/2023 1:33:00 AM","Whatcom","Ferndale","State Road","State Patrol","I 5                 ","PORTAL WAY          ","","263.100","N","N","Clear","Dark-No Street Lights","No Injury Collision","","Guardrail","Y","N","1","N","N","N","0","0"
"ED65737","5/27/2023 7:35:00 PM","Whatcom","Blaine","State Road","State Patrol","I5                  ","LOOMIS TRAIL RD     ","","271.800","N","N","Clear","Daylight","Minor Injury Collision","","Roadway Ditch","Y","N","2","Y","N","N","0","0"
"ED67965","5/30/2023 10:42:00 AM","Whatcom","Bellingham","State Road","State Patrol","I 5                 ","LAKEWAY DR          ","","253.340","N","N","Clear","Daylight","No Injury Collision","","Guardrail","Y","N","2","N","N","N","0","0"
"ED67964","6/1/2023 1:21:00 PM","Whatcom","Everson","State Road","State Patrol","SR 544              ","EVERSON GOSHEN ROAD ","","6.580","N","Y","Clear","Daylight","Minor Injury Collision","","n/a","Y","N","2","N","N","N","0","0"
"ED67386","6/2/2023 3:27:00 PM","Whatcom","Concrete","State Road","State Patrol","SR 20               ","SENIC OVERLOOK      ","","131.700","N","N","Clear","Daylight","No Injury Collision","","","Y","N","2","Y","N","N","0","0"
"ED67097","6/2/2023 6:46:00 PM","Whatcom","Bellingham","State Road","State Patrol","SR 542              ","MCCAULAY RD         ","","12.480","N","Y","Clear","Dusk","No Injury Collision","","Guardrail","Y","N","1","N","N","N","0","0"
"ED67966","6/2/2023 11:59:00 PM","Whatcom","Sumas","State Road","State Patrol","N547                ","EAGLE ROOST DR      ","4853  ","","N","N","Clear","Dark-No Street Lights","Unknown Injury Collision","","Metal Sign Post","Y","Y","1","N","N","N","0","0"
"ED68730","6/4/2023 3:02:00 PM","Whatcom","Bellingham","State Road","State Patrol","SR 11               ","CHUCKANUT CREST     ","","17.760","N","N","Clear","Daylight","Serious Injury Collision","","sign","Y","N","2","Y","N","N","0","0"
"ED67609","6/4/2023 4:10:00 PM","Whatcom","Bellingham","State Road","State Patrol","I 5                 ","N LAKE SAMISH       ","","244.880","N","N","Clear","Daylight","No Injury Collision","","","N","N","2","Y","N","N","0","0"
"ED67609","6/4/2023 4:10:00 PM","Whatcom","Bellingham","State Road","State Patrol","I 5                 ","N LAKE SAMISH       ","","244.880","N","N","Clear","Daylight","No Injury Collision","","","Y","N","2","Y","N","N","0","0"
"ED67279","6/4/2023 8:31:00 PM","Whatcom","Concrete","State Road","State Patrol","SR 20               ","DIABLO DAM RD       ","","127.560","N","N","Clear","Daylight","Unknown Injury Collision","","Rock Bank or Ledge","Y","N","1","N","N","N","0","0"
"ED67080","6/4/2023 10:22:00 PM","Whatcom","Sumas","State Road","State Patrol","SR 542              ","SHUKSAN COURT       ","","26.400","N","N","Clear","Dark-No Street Lights","Minor Injury Collision","","ROCK","Y","N","1","N","N","N","0","0"
"ED69875","6/5/2023 2:00:00 PM","Whatcom","Bellingham","State Road","State Patrol","I 5                 ","SUNSET DR           ","","255.000","N","N","Clear","Daylight","No Injury Collision","","","Y","N","2","N","N","N","0","0"
"ED68731","6/5/2023 2:25:00 PM","Whatcom","Ferndale","State Road","State Patrol","I 5                 ","MAIN ST             ","","262.270","N","N","Clear","Daylight","No Injury Collision","","","Y","N","2","Y","N","N","0","0"
"ED70196","6/6/2023 3:03:00 PM","Whatcom","Blaine","State Road","State Patrol","SR 548              ","ANDERSON RD         ","","9.400","N","Y","Clear","Daylight","Fatal Collision","","","Y","N","2","Y","N","N","0","0"
"ED67765","6/6/2023 4:20:00 PM","Whatcom","Bellingham","State Road","State Patrol","I 5                 ","SR 539              ","","255.900","N","N","Clear","Daylight","No Injury Collision","","","Y","N","2","N","N","N","0","0"
"ED67766","6/6/2023 5:19:00 PM","Whatcom","Bellingham","State Road","State Patrol","I 5                 ","NORTHWEST DRIVE     ","","256.600","N","N","Clear","Daylight","No Injury Collision","","","Y","N","2","N","N","N","0","0"
"ED68079","6/6/2023 6:01:00 PM","Whatcom","Bellingham","State Road","State Patrol","I 5                 ","ALABAMA ST          ","","254.200","N","N","Clear","Daylight","No Injury Collision","","","Y","N","3","Y","N","N","0","0"
"ED70822","6/7/2023 3:45:00 AM","Whatcom","Nooksack","State Road","State Patrol","SR 9                ","LINDSAY RD          ","","92.970","N","N","Clear","Unknown","No Injury Collision","","Utility Pole","Y","Y","1","N","N","N","0","0"
"ED68733","6/7/2023 7:16:00 AM","Whatcom","Lynden","State Road","State Patrol","SR-546              ","DOUBLE DITCH RD     ","","1.000","N","Y","Clear","Daylight","No Injury Collision","","","Y","N","3","N","N","N","0","0"
"ED68734","6/7/2023 9:34:00 AM","Whatcom","Bellingham","State Road","State Patrol","SR-544              ","HANNEGAN RD         ","","2.000","N","N","Clear","Daylight","No Injury Collision","","Deer","Y","N","1","N","N","N","0","0"
"ED68732","6/7/2023 3:00:00 PM","Whatcom","Bellingham","State Road","State Patrol","SR-539              ","LARSON RD           ","","3.000","N","Y","Clear","Daylight","No Injury Collision","","","Y","Y","2","Y","Y","N","0","0"
"ED76741","6/7/2023 3:50:00 PM","Whatcom","Bellingham","State Road","State Patrol","I 5                 ","OHIO                ","","253.700","N","N","Overcast","Daylight","No Injury Collision","","DOT Sign","Y","N","1","N","N","N","0","0"
"ED68109","6/7/2023 5:02:00 PM","Whatcom","Bellingham","State Road","State Patrol","INTERSTATE 5        ","LAKEWAY DRIVE       ","","253.500","N","N","Clear","Daylight","No Injury Collision","","","Y","N","2","N","N","N","0","0"
"ED69873","6/8/2023 6:53:00 AM","Whatcom","Lynden","State Road","State Patrol","SR 539              ","SR 544              ","","7.900","N","N","Clear","Daylight","No Injury Collision","","Deer","Y","N","1","N","N","N","0","0"
"ED68735","6/8/2023 7:05:00 AM","Whatcom","Everson","State Road","State Patrol","SR 544              ","EVERSON GOSHEN ROAD ","","5.800","N","N","Clear","Daylight","Serious Injury Collision","","","Y","Y","1","N","N","N","0","1"
"ED68736","6/9/2023 10:31:00 AM","Whatcom","Bellingham","State Road","State Patrol","I 5                 ","SR 11               ","","249.500","N","N","Raining","Daylight","No Injury Collision","","","Y","N","2","Y","N","N","0","0"
"ED69874","6/10/2023 1:01:00 PM","Whatcom","Bellingham","State Road","State Patrol","I 5                 ","MEADOR AVE          ","","253.510","N","N","Raining","Daylight","No Injury Collision","","","Y","N","2","Y","N","N","0","0"
"ED69876","6/10/2023 3:11:00 PM","Whatcom","Bellingham","State Road","State Patrol","SR 539              ","LAUREL RD           ","","5.150","N","N","Overcast","Daylight","No Injury Collision","","","Y","N","2","Y","N","N","0","0"
"ED76744","6/14/2023 12:30:00 AM","Whatcom","Bellingham","State Road","State Patrol","SR 542              ","BELL CREEK RD       ","","18.100","N","N","Overcast","Dark-No Street Lights","No Injury Collision","","Blackberry Bushes","Y","N","1","N","N","N","0","0"
"ED71263","6/16/2023 8:36:00 AM","Whatcom","Bellingham","State Road","State Patrol","NB I-5              ","LAKEWAY DRIVE       ","","253.000","N","N","Clear","Daylight","No Injury Collision","","Deer","Y","N","1","Y","N","N","0","0"
"ED71264","6/16/2023 8:48:00 AM","Whatcom","Bellingham","State Road","State Patrol","I 5                 ","LAKEWAY DR          ","","252.850","N","N","Overcast","Daylight","No Injury Collision","","","Y","N","2","Y","N","N","0","0"
"ED71265","6/16/2023 10:38:00 AM","Whatcom","Bellingham","State Road","State Patrol","STATE ROUTE 539     ","AXTON ROAD          ","","4.500","N","Y","Overcast","Daylight","Minor Injury Collision","","","N","Y","2","N","N","N","0","0"
"ED75981","6/17/2023 4:42:00 AM","Whatcom","Bellingham","State Road","State Patrol","I 5                 ","LAKEWAY DR          ","","253.340","N","N","Clear","Dawn","No Injury Collision","","Guardrail","Y","Y","1","N","N","N","0","0"
"ED71825","6/17/2023 8:23:00 AM","Whatcom","Everson","State Road","State Patrol","SR 542              ","LAWRENCE ROAD       ","","10.800","N","N","Clear","Daylight","No Injury Collision","","","Y","N","2","Y","N","N","0","0"
"ED71826","6/19/2023 3:59:00 PM","Whatcom","Bellingham","State Road","State Patrol","I 5                 ","SAMISH WAY          ","","251.900","N","Y","Raining","Daylight","No Injury Collision","","SIGN","Y","N","1","N","N","N","0","0"
"ED71675","6/19/2023 5:11:00 PM","Whatcom","Bellingham","State Road","State Patrol","I 5                 ","SR 539              ","","256.260","N","N","Raining","Daylight","No Injury Collision","","Guardrail","Y","N","1","N","N","N","0","0"
"ED71675","6/19/2023 5:11:00 PM","Whatcom","Bellingham","State Road","State Patrol","I 5                 ","SR 539              ","","256.260","N","N","Raining","Daylight","No Injury Collision","","Guardrail","N","N","1","N","N","N","0","0"
"ED73069","6/19/2023 10:25:00 PM","Whatcom","Ferndale","State Road","State Patrol","SR 548              ","KICKERVILLE RD      ","","5.000","N","N","Raining","Dark-No Street Lights","No Injury Collision","","Power pole, speed limit sign","Y","N","1","N","N","N","0","0"
"ED73608","6/20/2023 2:00:00 PM","Whatcom","Bellingham","State Road","State Patrol","SR 542              ","WELLS CREEK RD      ","","42.000","N","N","Overcast","Daylight","Serious Injury Collision","","Guardrail, Tree, River, Riverbar","Y","N","1","N","N","N","0","0"
"ED73832","6/20/2023 4:00:00 PM","Whatcom","Ferndale","State Road","State Patrol","I 5                 ","PORTAL WAY          ","","263.000","N","N","Overcast","Daylight","No Injury Collision","","tree","Y","N","1","N","N","N","0","0"
"ED73830","6/21/2023 7:30:00 PM","Whatcom","Bellingham","State Road","State Patrol","SR 539              ","KELLY RD            ","","2.600","N","N","Clear","Daylight","Serious Injury Collision","","","Y","N","4","Y","N","N","0","0"
"ED75979","6/22/2023 7:00:00 AM","Whatcom","Bellingham","State Road","State Patrol","I 5                 ","N LAKE SAMISH       ","","246.240","N","N","Clear","Daylight","No Injury Collision","","Guardrail","Y","N","1","N","N","N","0","0"
"ED75979","6/22/2023 7:00:00 AM","Whatcom","Bellingham","State Road","State Patrol","I 5                 ","N LAKE SAMISH       ","","246.240","N","N","Clear","Daylight","No Injury Collision","","Guardrail","N","N","1","N","N","N","0","0"
"ED77809","6/23/2023 2:30:00 AM","Whatcom","Nooksack","State Road","State Patrol","SR 9                ","HOPEWELL RD         ","","87.600","N","N","Overcast","Dark-Street Lights On","No Injury Collision","","Ziply Phone Lines Pole","Y","N","1","N","N","N","0","0"
"ED77080","6/23/2023 12:53:00 PM","Whatcom","Bellingham","State Road","State Patrol","I 5                 ","SR539               ","","256.000","N","N","Clear","Daylight","No Injury Collision","","Tire","Y","N","2","N","Y","N","0","0"
"ED76743","6/23/2023 8:26:00 PM","Whatcom","Ferndale","State Road","State Patrol","I 5                 ","PORTAL WAY          ","","264.300","N","N","Clear","Daylight","No Injury Collision","","Cable Barrier","Y","N","3","Y","N","N","0","0"
"ED73833","6/25/2023 8:37:00 PM","Whatcom","Nooksack","State Road","State Patrol","SR 9                ","MALENG RD           ","","70.320","N","N","Clear","Daylight","No Injury Collision","","Guardrail","Y","N","1","N","N","N","0","0"
"ED81515","6/27/2023 1:23:00 AM","Whatcom","Bellingham","State Road","State Patrol","I 5                 ","SAMISH WAY          ","","252.000","N","N","Clear","Dark-Street Lights On","Minor Injury Collision","","","Y","N","2","N","Y","N","0","0"
"ED75982","6/27/2023 5:13:00 AM","Whatcom","Nooksack","State Road","State Patrol","SR 9                ","HOFF RD             ","","84.770","N","Y","Overcast","Daylight","No Injury Collision","","","Y","N","2","N","N","N","0","0"
"ED74314","6/27/2023 6:06:00 AM","Whatcom","Bellingham","State Road","State Patrol","I-5                 ","SR-548              ","","266.000","N","N","Clear","Daylight","Minor Injury Collision","","Tree or Stump","Y","N","1","N","N","N","0","0"
"ED77806","6/27/2023 3:52:00 PM","Whatcom","Bellingham","State Road","State Patrol","I 5                 ","LAKEWAY DR          ","","253.260","N","Y","Clear","Daylight","No Injury Collision","","","Y","N","3","Y","N","N","0","0"
"ED76758","6/27/2023 5:18:00 PM","Whatcom","Bellingham","State Road","State Patrol","I5                  ","N LAKE SAMISH RD    ","","245.400","N","N","Clear","Daylight","No Injury Collision","","","Y","N","2","N","N","N","0","0"
"ED76745","6/27/2023 5:21:00 PM","Whatcom","Bellingham","State Road","State Patrol","I 5                 ","IOWA ST             ","","253.500","N","N","Overcast","Daylight","No Injury Collision","","","Y","N","2","Y","N","N","0","0"
"ED77808","6/27/2023 5:35:00 PM","Whatcom","Bellingham","State Road","State Patrol","I 5                 ","IOWA ST             ","","253.500","N","N","Clear","Daylight","Minor Injury Collision","","","Y","N","4","N","N","N","0","0"
"ED76757","6/28/2023 4:25:00 PM","Whatcom","Bellingham","State Road","State Patrol","I 5                 ","SR 539              ","","256.000","N","N","Clear","Daylight","No Injury Collision","","","Y","N","2","N","N","N","0","0"
"ED76759","6/29/2023 4:50:00 PM","Whatcom","Bellingham","State Road","State Patrol","SR 542              ","SMITH RD            ","","9.170","N","N","Overcast","Daylight","No Injury Collision","","","Y","N","2","N","N","N","0","0"
"ED76191","6/30/2023 7:42:00 AM","Whatcom","Bellingham","State Road","State Patrol","I 5                 ","OLD FAIRHAVEN PRKWY ","","250.000","N","Y","Clear","Daylight","Minor Injury Collision","","Earth Bank or Ledge","Y","N","2","N","N","N","0","0"
"ED75980","6/30/2023 12:57:00 PM","Whatcom","Bellingham","State Road","State Patrol","I 5                 ","STATE  ST           ","","253.770","N","N","Clear","Daylight","No Injury Collision","","","N","N","2","Y","N","N","0","0"
"ED75980","6/30/2023 12:57:00 PM","Whatcom","Bellingham","State Road","State Patrol","I 5                 ","STATE  ST           ","","253.770","N","N","Clear","Daylight","No Injury Collision","","","Y","N","2","Y","N","N","0","0"
"ED75978","6/30/2023 1:54:00 PM","Whatcom","Bellingham","State Road","State Patrol","I5                  ","IOWA STREET         ","","254.000","N","N","Clear","Daylight","No Injury Collision","","","Y","N","2","Y","N","N","0","0"
"ED76269","6/30/2023 3:50:00 PM","Whatcom","Concrete","State Road","State Patrol","SR 20               ","SR 530              ","","117.500","N","N","Clear","Daylight","No Injury Collision","","Guardrail / Ditch / Bushes","N","N","1","N","N","N","0","0"
"ED76269","6/30/2023 3:50:00 PM","Whatcom","Concrete","State Road","State Patrol","SR 20               ","SR 530              ","","117.500","N","N","Clear","Daylight","No Injury Collision","","Guardrail / Ditch / Bushes","Y","N","1","N","N","N","0","0"
"ED75983","7/1/2023 1:23:00 PM","Whatcom","Everson","State Road","State Patrol","SR 544              ","EVERSON GOSHEN ROAD ","","5.010","N","Y","Clear","Daylight","No Injury Collision","","","Y","N","2","Y","N","N","0","0"
"ED75735","7/1/2023 1:32:00 PM","Whatcom","Concrete","State Road","State Patrol","SR 20               ","DIABLO RD           ","","124.300","N","N","Clear","Daylight","No Injury Collision","","","Y","N","1","Y","N","N","0","0"
"ED77812","7/1/2023 11:45:00 PM","Whatcom","Ferndale","State Road","State Patrol","I5                  ","PORTAL WAY          ","","264.400","N","N","Clear","Dark-No Street Lights","No Injury Collision","","deer","Y","N","1","N","N","N","0","0"
"ED78338","7/2/2023 10:11:00 PM","Whatcom","Bellingham","State Road","State Patrol","SR 11               ","COVE RD.            ","","14.500","N","N","Clear","Dark-No Street Lights","Minor Injury Collision","","Boulder","Y","N","1","Y","N","N","0","0"
"ED79097","7/4/2023 11:25:00 PM","Whatcom","Ferndale","State Road","State Patrol","I5                  ","SLATER RD           ","","259.800","N","N","Clear","Dark - Unknown Lighting","No Injury Collision","","","Y","Y","2","Y","N","N","0","0"
"ED76760","7/5/2023 6:13:00 AM","Whatcom","Bellingham","State Road","State Patrol","SR 539              ","KELLOGG RD          ","","0.860","N","Y","Overcast","Daylight","Minor Injury Collision","","","Y","N","2","N","N","N","0","0"
"ED77811","7/5/2023 1:48:00 PM","Whatcom","Bellingham","State Road","State Patrol","I 5                 ","SR 539              ","","256.000","N","N","Clear","Daylight","No Injury Collision","","","Y","N","2","Y","N","N","0","0"
"ED77953","7/5/2023 4:55:00 PM","Whatcom","Bellingham","State Road","State Patrol","SR 542              ","MARSHALL HILL RD    ","","14.100","N","Y","Clear","Daylight","No Injury Collision","","","Y","N","2","N","N","N","0","0"
"ED77954","7/5/2023 4:55:00 PM","Whatcom","Bellingham","State Road","State Patrol","SR 542              ","MARSHALL HILL RD    ","","14.100","N","Y","Clear","Daylight","No Injury Collision","","","Y","N","2","Y","N","N","0","0"
"ED80215","7/7/2023 11:10:00 AM","Whatcom","Bellingham","State Road","State Patrol","SR-539              ","LAUREL RD           ","","5.000","N","Y","Clear","Daylight","No Injury Collision","","","Y","N","2","N","N","N","0","0"
"ED80214","7/7/2023 12:46:00 PM","Whatcom","Lynden","State Road","State Patrol","SR-539              ","SR-546              ","","12.000","N","N","Clear","Daylight","No Injury Collision","","","Y","N","2","N","N","N","0","0"
"ED80214","7/7/2023 12:46:00 PM","Whatcom","Lynden","State Road","State Patrol","SR-539              ","SR-546              ","","12.000","N","N","Clear","Daylight","No Injury Collision","","","N","N","2","N","N","N","0","0"
"ED77813","7/7/2023 5:15:00 PM","Whatcom","Bellingham","State Road","State Patrol","I 5                 ","IOWA STREET         ","","254.000","N","N","Clear","Daylight","Minor Injury Collision","","","Y","N","2","N","N","N","0","0"
"ED77813","7/7/2023 5:15:00 PM","Whatcom","Bellingham","State Road","State Patrol","I 5                 ","IOWA STREET         ","","254.000","N","N","Clear","Daylight","Minor Injury Collision","","","N","N","2","N","N","N","0","0"
"ED80220","7/8/2023 12:59:00 PM","Whatcom","Bellingham","State Road","State Patrol","I 5                 ","SLATER ROAD         ","","259.100","N","N","Clear","Daylight","No Injury Collision","","deer","Y","N","1","N","N","N","0","0"
"ED78340","7/8/2023 8:10:00 PM","Whatcom","Ferndale","State Road","State Patrol","I 5                 ","PORTAL WAY          ","","263.360","N","N","Clear","Daylight","No Injury Collision","","Cable Barrier","Y","N","1","N","N","N","0","0"
"ED78305","7/8/2023 9:50:00 PM","Whatcom","Concrete","State Road","State Patrol","SR 20               ","DIABLO RD           ","","125.480","N","N","Clear","Dark-No Street Lights","No Injury Collision","","DEER","Y","N","1","Y","N","N","0","0"
"ED78341","7/8/2023 10:17:00 PM","Whatcom","Lynden","State Road","State Patrol","SR 539              ","PRAIRIE RD          ","","14.100","N","N","Clear","Dark-Street Lights On","No Injury Collision","","","Y","N","2","N","N","N","0","0"
"ED78339","7/9/2023 2:00:00 AM","Whatcom","Ferndale","State Road","State Patrol","I 5                 ","BIRCH BAY LYNDEN RD ","","270.150","N","N","Clear","Dark-No Street Lights","No Injury Collision","","WHEEL/TIRE","Y","N","1","Y","N","N","0","0"
"ED78342","7/9/2023 2:01:00 AM","Whatcom","Ferndale","State Road","State Patrol","I 5                 ","BIRCH BAY LYNDEN    ","","270.150","N","N","Clear","Dark-No Street Lights","No Injury Collision","","Tire/Wheel","Y","N","1","N","N","N","0","0"
"ED78717","7/9/2023 6:25:00 PM","Whatcom","Bellingham","State Road","State Patrol","SR 9                ","MOSQUITO LAKE RD    ","","72.500","N","Y","Clear","Daylight","Minor Injury Collision","","Earth Bank or Ledge","Y","N","2","Y","N","N","0","0"
"ED78717","7/9/2023 6:25:00 PM","Whatcom","Bellingham","State Road","State Patrol","SR 9                ","MOSQUITO LAKE RD    ","","72.500","N","Y","Clear","Daylight","Minor Injury Collision","","Earth Bank or Ledge","N","N","2","Y","N","N","0","0"
"ED78343","7/9/2023 7:42:00 PM","Whatcom","Ferndale","State Road","State Patrol","I 5                 ","PORTAL WAY          ","","263.420","N","N","Clear","Daylight","Minor Injury Collision","","Metal Sign Post","Y","N","1","Y","N","N","0","0"
"ED80217","7/10/2023 12:32:00 PM","Whatcom","Sumas","State Road","State Patrol","SR 547              ","ANDERSON LAKE DR    ","","7.340","N","N","Clear","Daylight","Serious Injury Collision","","Concrete/Jersey Barrier","Y","N","1","N","N","N","0","0"
"ED80216","7/10/2023 5:12:00 PM","Whatcom","Bellingham","State Road","State Patrol","I 5                 ","SR 542              ","","255.120","N","N","Clear","Daylight","No Injury Collision","","","Y","N","2","Y","N","N","0","0"
"ED78733","7/10/2023 5:50:00 PM","Whatcom","Bellingham","State Road","State Patrol","SR 542              ","TRUCK RD            ","","15.100","N","Y","Clear","Daylight","Minor Injury Collision","","Guardrail","Y","N","1","N","N","N","0","0"
"ED78718","7/10/2023 5:51:00 PM","Whatcom","Everson","State Road","State Patrol","SR 544              ","HANNEGAN RD         ","","1.970","N","N","Clear","Daylight","No Injury Collision","","","N","Y","2","N","N","N","0","0"
"ED78718","7/10/2023 5:51:00 PM","Whatcom","Everson","State Road","State Patrol","SR 544              ","HANNEGAN RD         ","","1.970","N","N","Clear","Daylight","No Injury Collision","","","Y","Y","2","N","N","N","0","0"