"Collision Report Number","Collision Date","County","City","Jurisdiction","Agency","Primary Trafficway","Secondary Trafficway","Block Number","Mile Post","School Zone","Intersection Related","Weather Condition","Lighting Condition","Injury Severity","Collision Type","Object Struck","Damage Threshold Met","Hit and Run","Motor Vehicles Involved","Passengers Involved","Commercial Carrier Involved","School Bus Involved","Pedestrians Involved","Pedalcyclists Involved"
"ED78719","7/10/2023 6:15:00 PM","Whatcom","Bellingham","State Road","State Patrol","I 5                 ","SR 11               ","","249.920","N","N","Clear","Daylight","No Injury Collision","","","Y","N","2","N","N","N","0","0"
"ED80218","7/11/2023 2:23:00 PM","Whatcom","Bellingham","State Road","State Patrol","SR 542              ","SILVER LAKE RD      ","","26.460","N","N","Clear","Daylight","Minor Injury Collision","","Large Rock","Y","N","1","Y","N","N","0","0"
"ED78734","7/11/2023 5:11:00 PM","Whatcom","Bellingham","State Road","State Patrol","I 5                 ","IOWA ST             ","","253.860","N","N","Clear","Daylight","No Injury Collision","","","Y","N","3","Y","N","N","0","0"
"ED81512","7/11/2023 5:20:00 PM","Whatcom","Bellingham","State Road","State Patrol","I 5                 ","OHIO STREET         ","","253.700","N","N","Clear","Daylight","No Injury Collision","","","Y","N","2","N","N","N","0","0"
"ED80221","7/13/2023 7:34:00 AM","Whatcom","Bellingham","State Road","State Patrol","I 5                 ","SR 539              ","","256.000","N","N","Clear","Daylight","No Injury Collision","","CABLE BARRIER","Y","N","1","N","N","N","0","0"
"ED81514","7/13/2023 6:47:00 PM","Whatcom","Bellingham","State Road","State Patrol","SR 539              ","AXTON RD            ","","4.600","N","N","Clear","Daylight","No Injury Collision","","","Y","N","2","Y","N","N","0","0"
"ED86137","7/14/2023 1:24:00 PM","Whatcom","Bellingham","State Road","State Patrol","I 5                 ","IOWA                ","","254.000","N","N","Clear","Daylight","Minor Injury Collision","","","Y","N","4","Y","N","N","0","0"
"ED81513","7/14/2023 8:35:00 PM","Whatcom","Sumas","State Road","State Patrol","SR 547              ","ANDERSON LAKE DR    ","","6.200","N","N","Overcast","Dusk","No Injury Collision","","Power pole","Y","N","1","N","N","N","0","0"
"ED83003","7/16/2023 12:00:00 AM","Whatcom","Bellingham","State Road","State Patrol","SR 9                ","ROTTENBUHLER RD     ","","71.100","N","N","Overcast","Dark-No Street Lights","Minor Injury Collision","","Ditch","Y","N","1","N","N","N","0","0"
"ED82433","7/17/2023 11:00:00 AM","Whatcom","Ferndale","State Road","State Patrol","I 5                 ","MAIN STREET         ","","262.570","N","Y","Clear","Daylight","No Injury Collision","","Misc Object or Debris on Road","Y","N","2","N","Y","N","0","0"
"ED82433","7/17/2023 11:00:00 AM","Whatcom","Ferndale","State Road","State Patrol","I 5                 ","MAIN STREET         ","","262.570","N","Y","Clear","Daylight","No Injury Collision","","Misc Object or Debris on Road","N","N","2","N","Y","N","0","0"
"ED82436","7/17/2023 3:38:00 PM","Whatcom","Bellingham","State Road","State Patrol","SR 539              ","LARSON ROAD         ","","3.000","N","N","Clear","Daylight","No Injury Collision","","DEER","Y","N","1","Y","N","N","0","0"
"ED81516","7/17/2023 6:41:00 PM","Whatcom","Bellingham","State Road","State Patrol","SR539               ","LARSON RD           ","","2.540","N","N","Clear","Daylight","No Injury Collision","","Power Pole","Y","N","1","N","N","N","0","0"
"ED86135","7/19/2023 1:19:00 PM","Whatcom","Bellingham","State Road","State Patrol","I 5                 ","SUNSET DR           ","","255.000","N","Y","Clear","Daylight","No Injury Collision","","","Y","N","3","N","N","N","0","0"
"ED86136","7/19/2023 2:10:00 PM","Whatcom","Nooksack","State Road","State Patrol","SR 9                ","HOMESTEADER RD      ","","74.200","N","N","Clear","Daylight","Minor Injury Collision","","Earth Bank or Ledge","Y","N","1","N","N","N","0","0"
"ED81460","7/19/2023 2:25:00 PM","Whatcom","Burlington","State Road","State Patrol","I 5                 ","NULLE RD            ","","242.700","N","N","Clear","Daylight","No Injury Collision","","ditch","Y","N","1","N","Y","N","0","0"
"ED85474","7/19/2023 3:26:00 PM","Whatcom","Bellingham","State Road","State Patrol","I5                  ","NULLY RD            ","","244.000","N","N","Clear","Daylight","No Injury Collision","","NONE","N","Y","2","N","N","N","0","0"
"ED82013","7/19/2023 4:52:00 PM","Whatcom","Bellingham","State Road","State Patrol","I 5                 ","LAKE SAMISH         ","","245.950","N","N","Clear","Daylight","No Injury Collision","","","Y","N","3","Y","N","N","0","0"
"ED86138","7/20/2023 6:36:00 AM","Whatcom","Ferndale","State Road","State Patrol","I 5                 ","CUSTER SCHOOL RD    ","","269.000","N","N","Clear","Daylight","No Injury Collision","","","Y","N","2","N","N","N","0","0"
"ED86140","7/20/2023 3:44:00 PM","Whatcom","Bellingham","State Road","State Patrol","I 5                 ","LAKEWAY DR          ","","253.100","N","N","Clear","Daylight","No Injury Collision","","","N","N","3","N","N","N","0","0"
"ED86140","7/20/2023 3:44:00 PM","Whatcom","Bellingham","State Road","State Patrol","I 5                 ","LAKEWAY DR          ","","253.100","N","N","Clear","Daylight","No Injury Collision","","","Y","N","3","N","N","N","0","0"
"ED84908","7/21/2023 5:20:00 PM","Whatcom","Bellingham","State Road","State Patrol","I 5                 ","SR 542              ","","255.300","N","N","Clear","Daylight","No Injury Collision","","","Y","N","2","N","N","N","0","0"
"ED82015","7/22/2023 1:19:00 AM","Whatcom","Blaine","State Road","State Patrol","I 5                 ","PEACE PORTAL DR     ","","273.200","N","N","Clear","Dark-No Street Lights","No Injury Collision","","Deer","Y","N","1","N","N","N","0","0"
"ED82434","7/22/2023 10:18:00 AM","Whatcom","Bellingham","State Road","State Patrol","SR 11               ","YACHT CLUB RD       ","","16.630","N","N","Clear","Daylight","Serious Injury Collision","","deer","Y","N","1","N","N","N","0","0"
"ED86141","7/24/2023 9:48:00 AM","Whatcom","Bellingham","State Road","State Patrol","I 5                 ","N LAKE SAMISH       ","","246.440","N","N","Clear","Daylight","No Injury Collision","","","Y","N","2","N","N","N","0","0"
"ED86143","7/24/2023 10:30:00 AM","Whatcom","Bellingham","State Road","State Patrol","I 5                 ","N LAKE SAMISH       ","","246.440","N","N","Clear","Daylight","No Injury Collision","","","Y","N","2","N","N","N","0","0"
"ED83002","7/24/2023 5:35:00 PM","Whatcom","Bellingham","State Road","State Patrol","I 5                 ","SR 539              ","","255.900","N","N","Raining","Daylight","No Injury Collision","","","N","N","3","Y","N","N","0","0"
"ED83002","7/24/2023 5:35:00 PM","Whatcom","Bellingham","State Road","State Patrol","I 5                 ","SR 539              ","","255.900","N","N","Raining","Daylight","No Injury Collision","","","Y","N","3","Y","N","N","0","0"
"ED83005","7/25/2023 3:00:00 AM","Whatcom","Bellingham","State Road","State Patrol","SR 9                ","STRAND RD           ","","74.800","N","N","Overcast","Dark-No Street Lights","No Injury Collision","","Elk","Y","N","1","N","N","N","0","0"
"ED86142","7/25/2023 12:21:00 PM","Whatcom","Ferndale","State Road","State Patrol","I 5                 ","SLATER RD           ","","260.100","N","N","Overcast","Daylight","No Injury Collision","","","Y","N","2","N","Y","N","0","0"
"ED83004","7/25/2023 5:20:00 PM","Whatcom","Bellingham","State Road","State Patrol","I 5                 ","IOWA ST             ","","253.600","N","N","Overcast","Daylight","No Injury Collision","","","Y","N","2","N","N","N","0","0"
"ED83390","7/26/2023 4:20:00 PM","Whatcom","Bellingham","State Road","State Patrol","SR 11               ","CHUCKANUT CREST     ","","17.900","N","N","Clear","Daylight","No Injury Collision","","Earth Bank or Ledge","Y","N","1","N","N","N","0","0"
"ED83392","7/26/2023 6:16:00 PM","Whatcom","Everson","State Road","State Patrol","SR 9                ","MASSEY RD           ","","88.300","N","N","Clear","Daylight","No Injury Collision","","Earth Bank or Ledge","Y","N","2","N","Y","N","0","0"
"ED83392","7/26/2023 6:16:00 PM","Whatcom","Everson","State Road","State Patrol","SR 9                ","MASSEY RD           ","","88.300","N","N","Clear","Daylight","No Injury Collision","","Earth Bank or Ledge","N","N","2","N","Y","N","0","0"
"ED86139","7/27/2023 2:52:00 PM","Whatcom","Bellingham","State Road","State Patrol","I-5                 ","N LAKE SAMISH RD    ","","246.000","N","Y","Clear","Daylight","No Injury Collision","","BRUSH FIRE","Y","N","1","N","N","N","0","0"
"ED84231","7/27/2023 4:33:00 PM","Whatcom","Bellingham","State Road","State Patrol","I 5                 ","SAMISH WAY          ","","252.300","N","N","Clear","Daylight","No Injury Collision","","","N","N","2","N","N","N","0","0"
"ED84231","7/27/2023 4:33:00 PM","Whatcom","Bellingham","State Road","State Patrol","I 5                 ","SAMISH WAY          ","","252.300","N","N","Clear","Daylight","No Injury Collision","","","Y","N","2","N","N","N","0","0"
"ED86404","7/27/2023 5:45:00 PM","Whatcom","Sumas","State Road","State Patrol","STATE ROUTE 547     ","DARDU ROAD          ","","0.800","N","N","Clear","Daylight","Minor Injury Collision","","Fence","Y","N","2","Y","N","N","0","0"
"ED84909","7/28/2023 4:43:00 PM","Whatcom","Bellingham","State Road","State Patrol","I5                  ","IOWA STREET         ","","253.500","N","N","Clear","Daylight","No Injury Collision","","","Y","N","3","N","N","N","0","0"
"ED84885","7/28/2023 9:27:00 PM","Whatcom","Blaine","State Road","State Patrol","SR 548              ","ARNIE RD            ","","8.150","N","N","Clear","Dark-No Street Lights","Minor Injury Collision","","Utility Pole","Y","N","1","Y","N","N","0","0"
"ED86855","7/29/2023 5:40:00 PM","Whatcom","Blaine","State Road","State Patrol","SR 548              ","ARNIE ROAD          ","4400  ","","N","Y","Clear","Daylight","No Injury Collision","","","N","Y","3","Y","N","N","0","0"
"ED86855","7/29/2023 5:40:00 PM","Whatcom","Blaine","State Road","State Patrol","SR 548              ","ARNIE ROAD          ","4400  ","","N","Y","Clear","Daylight","No Injury Collision","","","Y","Y","3","Y","N","N","0","0"
"ED87852","7/30/2023 6:07:00 AM","Whatcom","Blaine","State Road","State Patrol","I 5                 ","BIRCH BAY LYNDEN DR ","","270.580","N","Y","Clear","Daylight","No Injury Collision","","Earth Bank or Ledge","Y","Y","2","N","Y","N","0","0"
"ED86403","7/30/2023 5:02:00 PM","Whatcom","Lynden","State Road","State Patrol","SR 539              ","RIVER ROAD          ","","9.600","N","Y","Clear","Daylight","No Injury Collision","","","N","Y","2","Y","N","N","0","0"
"ED86403","7/30/2023 5:02:00 PM","Whatcom","Lynden","State Road","State Patrol","SR 539              ","RIVER ROAD          ","","9.600","N","Y","Clear","Daylight","No Injury Collision","","","Y","Y","2","Y","N","N","0","0"
"ED87192","7/30/2023 6:53:00 PM","Whatcom","Sumas","State Road","State Patrol","SR 547              ","ANDERSON LAKE DR    ","","6.330","N","N","Clear","Daylight","Fatal Collision","","Over Embankment","Y","N","1","N","N","N","0","0"
"ED86246","7/30/2023 7:02:00 PM","Whatcom","Bellingham","State Road","State Patrol","I 5                 ","BAKERVIEW RD        ","","257.650","N","N","Clear","Daylight","No Injury Collision","","cable barrier","Y","N","1","N","N","N","0","0"
"ED86145","7/31/2023 7:50:00 AM","Whatcom","Blaine","State Road","State Patrol","SR 548              ","DRAYTON HARBOR RD   ","","10.800","N","N","Clear","Daylight","No Injury Collision","","Earth Bank or Ledge","Y","N","1","N","N","N","0","0"
"ED86245","7/31/2023 3:40:00 PM","Whatcom","Bellingham","State Road","State Patrol","I 5                 ","SAMISH WAY          ","","252.240","N","N","Clear","Daylight","No Injury Collision","","","Y","N","2","N","N","N","0","0"
"ED86405","8/1/2023 5:54:00 PM","Whatcom","Everson","State Road","State Patrol","SR 544              ","MECKLEM RD          ","","4.650","N","Y","Clear","Daylight","No Injury Collision","","","Y","N","2","N","N","N","0","0"
"ED86407","8/1/2023 10:16:00 PM","Whatcom","Bellingham","State Road","State Patrol","SR 539              ","SMITH ROAD          ","","3.700","N","N","Clear","Dark-No Street Lights","No Injury Collision","","COW","Y","N","1","N","N","N","0","0"
"ED86247","8/3/2023 4:02:00 AM","Whatcom","Nooksack","State Road","State Patrol","STATE ROUTE 9       ","MALENG ROAD         ","","71.000","N","N","Clear","Dark-No Street Lights","No Injury Collision","","Roadway Ditch","Y","N","1","N","N","N","0","0"
"ED87191","8/3/2023 8:28:00 PM","Whatcom","Nooksack","State Road","State Patrol","STATE ROUTE 542     ","HATCHERY ROAD       ","6200  ","","N","N","Clear","Dusk","Minor Injury Collision","","","Y","N","1","N","N","N","0","0"
"ED87851","8/4/2023 8:37:00 AM","Whatcom","Lynden","State Road","State Patrol","SR 539              ","SR 544              ","","7.510","N","Y","Clear","Daylight","No Injury Collision","","","Y","N","2","N","N","N","0","0"
"ED86408","8/4/2023 4:18:00 PM","Whatcom","Bellingham","State Road","State Patrol","I 5                 ","NULLE RD            ","","244.210","N","N","Clear","Daylight","No Injury Collision","","DEER","Y","N","1","N","N","N","0","0"
"ED88864","8/4/2023 4:40:00 PM","Whatcom","Bellingham","State Road","State Patrol","I 5                 ","SR 539              ","","256.200","N","N","Clear","Daylight","No Injury Collision","","","Y","N","2","Y","N","N","0","0"
"ED88864","8/4/2023 4:40:00 PM","Whatcom","Bellingham","State Road","State Patrol","I 5                 ","SR 539              ","","256.200","N","N","Clear","Daylight","No Injury Collision","","","N","N","2","Y","N","N","0","0"
"ED87853","8/4/2023 4:48:00 PM","Whatcom","Everson","State Road","State Patrol","SR 539              ","SR 544              ","","7.510","N","Y","Clear","Daylight","No Injury Collision","","Sign","Y","N","2","N","N","N","0","0"
"ED86406","8/4/2023 5:53:00 PM","Whatcom","Bellingham","State Road","State Patrol","I 5                 ","SR 539              ","","256.000","N","N","Clear","Daylight","No Injury Collision","","","Y","Y","2","Y","N","N","0","0"
"ED88614","8/5/2023 12:57:00 AM","Whatcom","Bellingham","State Road","State Patrol","I 5                 ","N LAKE SAMISH       ","","247.200","N","N","Clear","Dark-No Street Lights","No Injury Collision","","Guardrail","Y","N","1","N","Y","N","0","0"
"ED94015","8/6/2023 6:40:00 PM","Whatcom","Everson","State Road","State Patrol","SR 544              ","MECKLEM RD          ","","4.200","N","N","Clear","Daylight","No Injury Collision","","","Y","Y","2","Y","N","N","0","0"
"ED87193","8/6/2023 10:35:00 PM","Whatcom","Lynden","State Road","State Patrol","SR 546              ","BENSON RD           ","","1.050","N","N","Clear","Dark-No Street Lights","Minor Injury Collision","","","Y","N","2","Y","N","N","0","0"
"ED92537","8/7/2023 9:22:00 AM","Whatcom","Bellingham","State Road","State Patrol","I 5                 ","SAMISH              ","","252.500","N","N","Overcast","Daylight","No Injury Collision","","CABLES","N","N","1","N","N","N","0","0"
"ED92537","8/7/2023 9:22:00 AM","Whatcom","Bellingham","State Road","State Patrol","I 5                 ","SAMISH              ","","252.500","N","N","Overcast","Daylight","No Injury Collision","","CABLES","Y","N","1","N","N","N","0","0"
"ED88615","8/7/2023 10:15:00 PM","Whatcom","Bellingham","State Road","State Patrol","I 5                 ","SR 539              ","","256.000","N","N","Clear","Dark-No Street Lights","No Injury Collision","","DEER","Y","N","1","N","N","N","0","0"
"ED92540","8/8/2023 7:42:00 AM","Whatcom","Lynden","State Road","State Patrol","SR 539              ","MAIN STREET         ","","12.000","N","N","Overcast","Daylight","No Injury Collision","","Earth Bank or Ledge","Y","N","1","N","N","N","0","0"
"ED89281","8/8/2023 4:48:00 PM","Whatcom","Lynden","State Road","State Patrol","SR 546              ","DEPOT RD            ","","1.500","N","N","Overcast","Daylight","No Injury Collision","","Light Post","Y","Y","1","N","N","N","0","0"
"ED88616","8/9/2023 3:10:00 AM","Whatcom","Nooksack","State Road","State Patrol","SR 9                ","WILLIAMS LAKE RD    ","","77.940","N","N","Raining","Dark-No Street Lights","No Injury Collision","","Guardrail","Y","N","1","N","N","N","0","0"
"ED92539","8/9/2023 11:19:00 AM","Whatcom","Bellingham","State Road","State Patrol","I 5                 ","MERIDIAN            ","","256.000","N","N","Overcast","Daylight","No Injury Collision","","","Y","N","2","N","N","N","0","0"
"ED94016","8/9/2023 5:05:00 PM","Whatcom","Bellingham","State Road","State Patrol","I5                  ","MERIDIAN ST         ","","256.100","N","Y","Overcast","Daylight","No Injury Collision","","","Y","N","2","Y","N","N","0","0"
"ED89085","8/10/2023 12:45:00 PM","Whatcom","Concrete","State Road","State Patrol","SR 20               ","","","127.200","N","N","Clear","Daylight","No Injury Collision","","Earth Bank or Ledge","Y","N","1","N","N","N","0","0"
"ED90647","8/10/2023 5:30:00 PM","Whatcom","Blaine","State Road","State Patrol","SR 543              ","H STREET            ","","0.500","N","Y","Clear","Daylight","No Injury Collision","","","Y","N","2","N","N","N","0","0"
"ED90647","8/10/2023 5:30:00 PM","Whatcom","Blaine","State Road","State Patrol","SR 543              ","H STREET            ","","0.500","N","Y","Clear","Daylight","No Injury Collision","","","N","N","2","N","N","N","0","0"
"ED89279","8/10/2023 5:35:00 PM","Whatcom","Bellingham","State Road","State Patrol","INTERSTATE 5        ","SR 539              ","","256.600","N","N","Clear","Daylight","No Injury Collision","","","Y","N","2","N","N","N","0","0"
"ED89279","8/10/2023 5:35:00 PM","Whatcom","Bellingham","State Road","State Patrol","INTERSTATE 5        ","SR 539              ","","256.600","N","N","Clear","Daylight","No Injury Collision","","","N","N","2","N","N","N","0","0"
"ED89280","8/10/2023 10:09:00 PM","Whatcom","Blaine","State Road","State Patrol","I 5                 ","PEACE PORTAL DR     ","","274.000","N","N","Overcast","Dark-No Street Lights","No Injury Collision","","DEER","Y","N","1","Y","N","N","0","0"
"ED92541","8/12/2023 7:54:00 AM","Whatcom","Bellingham","State Road","State Patrol","I 5                 ","MERIDIAN STREET     ","","255.980","N","N","Clear","Daylight","No Injury Collision","","","Y","N","2","N","N","N","0","0"
"ED92538","8/13/2023 10:09:00 AM","Whatcom","Bellingham","State Road","State Patrol","I 5                 ","SAMISH WAY          ","","247.910","N","N","Clear","Daylight","No Injury Collision","","Guardrail","Y","N","1","N","N","N","0","0"
"ED92538","8/13/2023 10:09:00 AM","Whatcom","Bellingham","State Road","State Patrol","I 5                 ","SAMISH WAY          ","","247.910","N","N","Clear","Daylight","No Injury Collision","","Guardrail","N","N","1","N","N","N","0","0"
"ED92536","8/13/2023 1:30:00 PM","Whatcom","Bellingham","State Road","State Patrol","SR 542              ","VAUGHN AVE          ","","33.330","N","Y","Clear","Daylight","Minor Injury Collision","","","Y","N","2","Y","N","N","0","0"
"ED92927","8/13/2023 4:00:00 PM","Whatcom","Bellingham","State Road","State Patrol","SR 542              ","WELLS CREEK RD      ","","40.700","N","Y","Clear","Daylight","Minor Injury Collision","","Guardrail","N","N","1","N","N","N","0","0"
"ED92927","8/13/2023 4:00:00 PM","Whatcom","Bellingham","State Road","State Patrol","SR 542              ","WELLS CREEK RD      ","","40.700","N","Y","Clear","Daylight","Minor Injury Collision","","Guardrail","Y","N","1","N","N","N","0","0"
"ED92543","8/14/2023 12:21:00 PM","Whatcom","Bellingham","State Road","State Patrol","I 5                 ","SUNSET              ","","254.470","N","N","Clear","Daylight","No Injury Collision","","","Y","N","2","N","N","N","0","0"
"ED92926","8/14/2023 4:43:00 PM","Whatcom","Bellingham","State Road","State Patrol","I5                  ","IOWA ST             ","","253.600","N","N","Clear","Daylight","No Injury Collision","","","Y","N","4","Y","N","N","0","0"
"ED89479","8/14/2023 8:37:00 PM","Whatcom","Bellingham","State Road","State Patrol","SR 542              ","76 PARKING LOT      ","","13.770","N","Y","Clear","Daylight","No Injury Collision","","","Y","N","2","N","N","N","0","0"
"ED90645","8/15/2023 3:17:00 AM","Whatcom","Bellingham","State Road","State Patrol","I 5                 ","SUNSET              ","","254.820","N","N","Clear","Dark-Street Lights On","No Injury Collision","","","Y","N","1","N","Y","N","0","0"
"ED92548","8/15/2023 6:15:00 AM","Whatcom","Nooksack","State Road","State Patrol","SR 9                ","OLD STONE WAY       ","1448  ","","N","N","Clear","Dark-No Street Lights","No Injury Collision","","Guardrail","Y","N","1","N","Y","N","0","0"
"ED92547","8/15/2023 7:03:00 AM","Whatcom","Bellingham","State Road","State Patrol","I 5                 ","MERIDIAN            ","","256.090","N","N","Clear","Daylight","No Injury Collision","","","Y","N","2","Y","N","N","0","0"
"ED92546","8/15/2023 11:10:00 AM","Whatcom","Bellingham","State Road","State Patrol","I 5                 ","LAKEWAY             ","","253.700","N","N","Clear","Daylight","No Injury Collision","","","N","Y","2","N","N","N","0","0"
"ED92544","8/16/2023 12:14:00 PM","Whatcom","Ferndale","State Road","State Patrol","I 5                 ","SLATER              ","","260.470","N","N","Clear","Daylight","Minor Injury Collision","","","Y","N","2","Y","N","N","0","0"
"ED95521","8/16/2023 5:54:00 PM","Whatcom","Bellingham","State Road","State Patrol","I 5                 ","N LAKE SAMISH       ","","245.620","N","N","Clear","Daylight","No Injury Collision","","","Y","N","2","N","N","N","0","0"
"ED90646","8/16/2023 6:46:00 PM","Whatcom","Lynden","State Road","State Patrol","SR 539              ","SR 544              ","","7.510","N","Y","Clear","Daylight","No Injury Collision","","","Y","N","2","Y","N","N","0","0"
"ED92545","8/17/2023 11:33:00 AM","Whatcom","Blaine","State Road","State Patrol","SR 548              ","ARNIE ROAD          ","","8.200","N","N","Clear","Daylight","Minor Injury Collision","","Earth Bank or Ledge","Y","N","1","Y","N","N","0","0"
"ED92925","8/17/2023 4:51:00 PM","Whatcom","Bellingham","State Road","State Patrol","I 5                 ","SUNSET DRIVE        ","","255.300","N","N","Clear","Daylight","Minor Injury Collision","","","Y","N","4","N","N","N","0","0"
"ED95522","8/17/2023 4:52:00 PM","Whatcom","Bellingham","State Road","State Patrol","I 5                 ","NORTHWEST           ","","257.000","N","Y","Clear","Daylight","No Injury Collision","","","Y","N","3","N","N","N","0","0"
"ED95505","8/17/2023 7:48:00 PM","Whatcom","Bellingham","State Road","State Patrol","SR 542              ","CEDARVILLE RD       ","","9.600","N","Y","Clear","Daylight","No Injury Collision","","Earth Bank or Ledge","Y","Y","2","N","N","N","0","0"
"ED95505","8/17/2023 7:48:00 PM","Whatcom","Bellingham","State Road","State Patrol","SR 542              ","CEDARVILLE RD       ","","9.600","N","Y","Clear","Daylight","No Injury Collision","","Earth Bank or Ledge","N","Y","2","N","N","N","0","0"
"ED92550","8/18/2023 9:35:00 AM","Whatcom","Ferndale","State Road","State Patrol","I 5                 ","BIRCH BAY LYNDEN RD ","","267.000","N","N","Clear","Daylight","Minor Injury Collision","","tree","Y","N","2","N","N","N","0","0"
"ED92550","8/18/2023 9:35:00 AM","Whatcom","Ferndale","State Road","State Patrol","I 5                 ","BIRCH BAY LYNDEN RD ","","267.000","N","N","Clear","Daylight","Minor Injury Collision","","tree","N","N","2","N","N","N","0","0"
"ED90648","8/18/2023 5:39:00 PM","Whatcom","Bellingham","State Road","State Patrol","I 5                 ","LAKEWAY DR          ","","253.260","N","N","Clear","Daylight","No Injury Collision","","","N","N","2","Y","N","N","0","0"
"ED90648","8/18/2023 5:39:00 PM","Whatcom","Bellingham","State Road","State Patrol","I 5                 ","LAKEWAY DR          ","","253.260","N","N","Clear","Daylight","No Injury Collision","","","Y","N","2","Y","N","N","0","0"
"ED92928","8/18/2023 11:54:00 PM","Whatcom","Bellingham","State Road","State Patrol","I 5                 ","SUNSET DRIVE        ","","254.800","N","N","Overcast","Dark-Street Lights On","Minor Injury Collision","","","Y","N","2","Y","N","N","0","0"
"ED92542","8/19/2023 9:55:00 AM","Whatcom","Bellingham","State Road","State Patrol","I 5                 ","SR 542              ","","255.000","N","N","Clear","Daylight","No Injury Collision","","deer","Y","N","1","Y","N","N","0","0"
"ED93630","8/21/2023 5:56:00 PM","Whatcom","Bellingham","State Road","State Patrol","I 5                 ","LAKEWAY DR          ","","252.900","N","N","Clear","Daylight","No Injury Collision","","","Y","N","2","N","Y","N","0","0"
"ED92549","8/22/2023 3:52:00 PM","Whatcom","Bellingham","State Road","State Patrol","I-5                 ","SAMISH WAY          ","","252.000","N","Y","Clear","Daylight","No Injury Collision","","","N","N","2","Y","N","N","0","0"
"ED92549","8/22/2023 3:52:00 PM","Whatcom","Bellingham","State Road","State Patrol","I-5                 ","SAMISH WAY          ","","252.000","N","Y","Clear","Daylight","No Injury Collision","","","Y","N","2","Y","N","N","0","0"
"ED96817","8/23/2023 5:21:00 AM","Whatcom","Nooksack","State Road","State Patrol","SR 9                ","HOMESTEADER RD      ","","74.000","N","N","Overcast","Dark-No Street Lights","No Injury Collision","","ELK","Y","N","1","N","N","N","0","0"
"ED92551","8/23/2023 5:30:00 AM","Whatcom","Blaine","State Road","State Patrol","I 5                 ","US CANNADA BORDER   ","","276.000","N","Y","Clear","Daylight","No Injury Collision","","curb","Y","N","2","N","N","N","0","0"
"ED92667","8/23/2023 11:23:00 AM","Whatcom","Bellingham","State Road","State Patrol","I-5                 ","N LAKE SAMISH RD    ","","249.000","N","N","Clear","Daylight","No Injury Collision","","","Y","N","2","N","N","N","0","0"
"ED92667","8/23/2023 11:23:00 AM","Whatcom","Bellingham","State Road","State Patrol","I-5                 ","N LAKE SAMISH RD    ","","249.000","N","N","Clear","Daylight","No Injury Collision","","","N","N","2","N","N","N","0","0"
"ED92666","8/23/2023 2:23:00 PM","Whatcom","Sumas","State Road","State Patrol","SR-547              ","BISHOP RD           ","","7.000","N","N","Clear","Daylight","Minor Injury Collision","","PAVEMENT","Y","N","1","Y","N","N","0","0"
"ED92668","8/23/2023 4:30:00 PM","Whatcom","Bellingham","State Road","State Patrol","I-5                 ","STATE ST            ","","254.000","N","N","Clear","Daylight","No Injury Collision","","TIRE/WHEEL","Y","N","1","Y","N","N","0","0"
"ED92929","8/23/2023 4:51:00 PM","Whatcom","Bellingham","State Road","State Patrol","I5                  ","ALABAMA ST          ","","253.700","N","N","Clear","Daylight","No Injury Collision","","","Y","N","2","N","N","N","0","0"
"ED93095","8/24/2023 5:07:00 PM","Whatcom","Bellingham","State Road","State Patrol","I 5                 ","IOWA ST             ","","253.890","N","N","Clear","Daylight","No Injury Collision","","","N","N","2","Y","N","N","0","0"
"ED93095","8/24/2023 5:07:00 PM","Whatcom","Bellingham","State Road","State Patrol","I 5                 ","IOWA ST             ","","253.890","N","N","Clear","Daylight","No Injury Collision","","","Y","N","2","Y","N","N","0","0"
"ED93629","8/25/2023 12:36:00 PM","Whatcom","Lynden","State Road","State Patrol","SR 539              ","SR 544              ","","7.510","N","Y","Clear","Daylight","No Injury Collision","","","Y","N","2","N","N","N","0","0"
"ED93629","8/25/2023 12:36:00 PM","Whatcom","Lynden","State Road","State Patrol","SR 539              ","SR 544              ","","7.510","N","Y","Clear","Daylight","No Injury Collision","","","N","N","2","N","N","N","0","0"
"ED97581","8/25/2023 8:00:00 PM","Whatcom","Bellingham","State Road","State Patrol","I 5                 ","SR 539              ","","256.290","N","N","Clear","Daylight","No Injury Collision","","","Y","N","1","N","N","N","0","0"
"ED97580","8/25/2023 11:26:00 PM","Whatcom","Bellingham","State Road","State Patrol","I 5                 ","IOWA ST.            ","","254.120","N","N","Clear","Dark-Street Lights On","No Injury Collision","","","Y","N","2","N","N","N","0","0"
"ED97579","8/26/2023 12:32:00 AM","Whatcom","Bellingham","State Road","State Patrol","SR 9                ","STRAND RD           ","","74.790","N","N","Fog or Smog or Smoke","Dark-No Street Lights","No Injury Collision","","elk","Y","N","1","N","N","N","0","0"
"ED93631","8/26/2023 1:39:00 PM","Whatcom","Bellingham","State Road","State Patrol","SR 542              ","FINSRUD RD          ","","10.800","N","N","Clear","Daylight","No Injury Collision","","","Y","N","1","N","N","N","0","0"
"ED93632","8/26/2023 1:54:00 PM","Whatcom","Ferndale","State Road","State Patrol","I 5                 ","SLATER RD           ","","260.470","N","N","Fog or Smog or Smoke","Daylight","No Injury Collision","","","Y","N","2","N","N","N","0","0"