"Collision Report Number","Collision Date","County","City","Jurisdiction","Agency","Primary Trafficway","Secondary Trafficway","Block Number","Mile Post","School Zone","Intersection Related","Weather Condition","Lighting Condition","Injury Severity","Collision Type","Object Struck","Damage Threshold Met","Hit and Run","Motor Vehicles Involved","Passengers Involved","Commercial Carrier Involved","School Bus Involved","Pedestrians Involved","Pedalcyclists Involved"
"ED93698","8/26/2023 8:27:00 PM","Whatcom","Bellingham","State Road","State Patrol","SR 539              ","W LARSON RD         ","","3.100","N","N","Clear","Dark-No Street Lights","Fatal Collision","","Pedestrian","Y","N","1","Y","N","N","1","0"
"ED93698","8/26/2023 8:27:00 PM","Whatcom","Bellingham","State Road","State Patrol","SR 539              ","W LARSON RD         ","","3.100","N","N","Clear","Dark-No Street Lights","Fatal Collision","","Pedestrian","N","N","1","Y","N","N","1","0"
"ED95747","8/28/2023 3:10:00 AM","Whatcom","Bellingham","State Road","State Patrol","I 5                 ","SUNSET              ","","254.600","N","N","Clear","Dark-Street Lights On","No Injury Collision","","Jersey Barrier","N","N","1","N","N","N","0","0"
"ED95747","8/28/2023 3:10:00 AM","Whatcom","Bellingham","State Road","State Patrol","I 5                 ","SUNSET              ","","254.600","N","N","Clear","Dark-Street Lights On","No Injury Collision","","Jersey Barrier","Y","N","1","N","N","N","0","0"
"ED96816","8/28/2023 1:49:00 PM","Whatcom","Blaine","State Road","State Patrol","I-5                 ","SR-543              ","","274.000","N","N","Clear","Daylight","No Injury Collision","","CABLE BARRIER","Y","N","1","N","N","N","0","0"
"ED96815","8/29/2023 2:39:00 PM","Whatcom","Lynden","State Road","State Patrol","SR 546              ","DEPOT RD            ","","1.400","N","N","Overcast","Daylight","Minor Injury Collision","","","N","N","3","N","Y","N","0","0"
"ED96815","8/29/2023 2:39:00 PM","Whatcom","Lynden","State Road","State Patrol","SR 546              ","DEPOT RD            ","","1.400","N","N","Overcast","Daylight","Minor Injury Collision","","","Y","N","3","N","Y","N","0","0"
"ED96818","8/29/2023 4:29:00 PM","Whatcom","Bellingham","State Road","State Patrol","SR 539              ","SMITH RD            ","","3.500","N","Y","Raining","Daylight","No Injury Collision","","","Y","N","3","N","N","N","0","0"
"ED94017","8/29/2023 5:33:00 PM","Whatcom","Bellingham","State Road","State Patrol","I5                  ","SUNSET DR           ","","255.000","N","N","Raining","Daylight","No Injury Collision","","","Y","Y","2","N","N","N","0","0"
"ED95523","8/29/2023 6:40:00 PM","Whatcom","Bellingham","State Road","State Patrol","I 5                 ","N LAKE SAMISH       ","","245.040","N","N","Raining","Daylight","No Injury Collision","","Guardrail","Y","N","1","N","N","N","0","0"
"ED96820","8/30/2023 9:29:00 AM","Whatcom","Bellingham","State Road","State Patrol","I5                  ","SUNSET DRIVE        ","","255.010","N","N","Overcast","Daylight","Minor Injury Collision","","cable barrier","Y","Y","2","N","N","N","0","0"
"ED96820","8/30/2023 9:29:00 AM","Whatcom","Bellingham","State Road","State Patrol","I5                  ","SUNSET DRIVE        ","","255.010","N","N","Overcast","Daylight","Minor Injury Collision","","cable barrier","N","Y","2","N","N","N","0","0"
"ED95506","8/30/2023 5:25:00 PM","Whatcom","Ferndale","State Road","State Patrol","I 5                 ","PORTAL WAY          ","","263.180","N","N","Clear","Daylight","No Injury Collision","","","Y","N","3","Y","N","N","0","0"
"ED95508","8/30/2023 7:58:00 PM","Whatcom","Sumas","State Road","State Patrol","SR 547              ","MOSEY CT            ","","1.560","N","Y","Clear","Dark-Street Lights On","Fatal Collision","","Metal Sign Post","Y","N","1","N","N","N","0","0"
"ED96819","8/31/2023 7:55:00 AM","Whatcom","Bellingham","State Road","State Patrol","I5                  ","GUIDE MERIDIAN      ","","256.210","N","N","Overcast","Daylight","No Injury Collision","","","Y","N","2","N","N","N","0","0"
"ED96814","8/31/2023 12:45:00 PM","Whatcom","Bellingham","State Road","State Patrol","I 5                 ","SUNSET DRIVE        ","","255.000","N","Y","Clear","Daylight","No Injury Collision","","","Y","Y","2","N","N","N","0","0"
"ED96814","8/31/2023 12:45:00 PM","Whatcom","Bellingham","State Road","State Patrol","I 5                 ","SUNSET DRIVE        ","","255.000","N","Y","Clear","Daylight","No Injury Collision","","","N","Y","2","N","N","N","0","0"
"ED96822","8/31/2023 3:15:00 PM","Whatcom","Lynden","State Road","State Patrol","SR 546              ","VINUP               ","","2.500","N","Y","Overcast","Daylight","Minor Injury Collision","","","Y","N","2","Y","N","N","0","0"
"ED95507","8/31/2023 4:56:00 PM","Whatcom","Sumas","State Road","State Patrol","SR 547              ","MOSEY CT            ","","1.530","N","Y","Clear","Daylight","No Injury Collision","","Traffic Sign","Y","N","1","N","N","N","0","0"
"ED95509","8/31/2023 5:20:00 PM","Whatcom","Bellingham","State Road","State Patrol","I 5                 ","BAKERVIEW           ","","257.500","N","N","Clear","Daylight","No Injury Collision","","Cable Barrier","Y","N","2","N","N","N","0","0"
"EE02321","8/31/2023 6:22:00 PM","Whatcom","Bellingham","State Road","State Patrol","IOWA ST             ","MOORE ST            ",".     ","","N","Y","Clear","Daylight","No Injury Collision","","","Y","N","2","N","N","N","0","0"
"ED96821","9/1/2023 3:54:00 PM","Whatcom","Bellingham","State Road","State Patrol","I 5                 ","ALABAMA ST          ","","254.200","N","N","Clear","Daylight","No Injury Collision","","","Y","N","2","Y","N","N","0","0"
"ED97582","9/1/2023 5:48:00 PM","Whatcom","Blaine","State Road","State Patrol","SR 543              ","H ST                ","","0.500","N","Y","Clear","Daylight","No Injury Collision","","","Y","N","2","Y","N","N","0","0"
"EE02313","9/2/2023 1:02:00 AM","Whatcom","Bellingham","State Road","State Patrol","SR 9                ","STRAND RD           ","","74.790","N","N","Fog or Smog or Smoke","Dark-No Street Lights","No Injury Collision","","elk","Y","N","1","N","N","N","0","0"
"ED96823","9/2/2023 8:16:00 AM","Whatcom","Blaine","State Road","State Patrol","SR 543              ","BOBLETT STREET      ","","1.000","N","N","Clear","Daylight","Minor Injury Collision","","","N","N","2","Y","Y","N","0","0"
"ED96823","9/2/2023 8:16:00 AM","Whatcom","Blaine","State Road","State Patrol","SR 543              ","BOBLETT STREET      ","","1.000","N","N","Clear","Daylight","Minor Injury Collision","","","Y","N","2","Y","Y","N","0","0"
"ED95510","9/2/2023 5:02:00 PM","Whatcom","Bellingham","State Road","State Patrol","INTERSTATE 5        ","SUNSET DRIVE        ","","254.000","N","N","Clear","Daylight","No Injury Collision","","","N","N","2","N","N","N","0","0"
"ED95510","9/2/2023 5:02:00 PM","Whatcom","Bellingham","State Road","State Patrol","INTERSTATE 5        ","SUNSET DRIVE        ","","254.000","N","N","Clear","Daylight","No Injury Collision","","","Y","N","2","N","N","N","0","0"
"ED96407","9/2/2023 7:09:00 PM","Whatcom","Bellingham","State Road","State Patrol","SR 542              ","SILVER LAKE RD      ","","26.210","N","N","Clear","Daylight","Serious Injury Collision","","","Y","N","2","Y","N","N","0","0"
"ED95809","9/3/2023 7:26:00 PM","Whatcom","Bellingham","State Road","State Patrol","I 5                 ","SAMISH WAY          ","","251.550","N","Y","Raining","Dusk","No Injury Collision","","","Y","N","2","N","N","N","0","0"
"ED96375","9/4/2023 11:43:00 PM","Whatcom","Sedro-Woolley","State Road","State Patrol","SR 9                ","STRAND RD           ","","75.000","N","N","Clear","Dark-No Street Lights","No Injury Collision","","DEER","Y","N","1","Y","N","N","0","0"
"ED98112","9/5/2023 9:07:00 AM","Whatcom","Blaine","State Road","State Patrol","SR 548              ","DRAYTON HARBOR RD   ","","10.800","N","Y","Overcast","Daylight","No Injury Collision","","","Y","N","2","N","N","N","0","0"
"ED98108","9/5/2023 3:22:00 PM","Whatcom","Bellingham","State Road","State Patrol","I 5                 ","GUIDE MERIDIAN      ","","256.100","N","N","Clear","Daylight","Minor Injury Collision","","","Y","N","3","N","N","N","0","0"
"ED98104","9/5/2023 4:42:00 PM","Whatcom","Bellingham","State Road","State Patrol","I 5                 ","IOWA ST             ","","253.600","N","N","Clear","Daylight","Minor Injury Collision","","","Y","N","3","Y","N","N","0","0"
"ED96410","9/5/2023 5:24:00 PM","Whatcom","Bellingham","State Road","State Patrol","I 5                 ","SR 11               ","","250.630","N","N","Clear","Daylight","No Injury Collision","","","Y","N","2","Y","N","N","0","0"
"ED98107","9/6/2023 7:27:00 AM","Whatcom","Ferndale","State Road","State Patrol","SR 548              ","SALASHAN LOOP       ","","0.630","N","N","Clear","Daylight","No Injury Collision","","","Y","N","2","N","N","N","0","0"
"ED98105","9/6/2023 9:21:00 AM","Whatcom","Bellingham","State Road","State Patrol","SR 542              ","HILLARD             ","","11.600","N","Y","Overcast","Daylight","Minor Injury Collision","","","Y","N","3","N","N","N","0","0"
"EE02719","9/7/2023 9:45:00 PM","Whatcom","Bellingham","State Road","State Patrol","SR 11               ","SPOKANE ST          ","","17.700","N","N","Clear","Dark-No Street Lights","No Injury Collision","","Earth Bank or Ledge","Y","N","1","N","N","N","0","0"
"EE01334","9/8/2023 2:48:00 PM","Whatcom","Bellingham","State Road","State Patrol","I 5                 ","NULLE ROAD          ","","242.900","N","N","Clear","Daylight","No Injury Collision","","Concrete/Jersey Barrier","Y","N","2","N","N","N","0","0"
"EE02320","9/9/2023 2:15:00 AM","Whatcom","Bellingham","State Road","State Patrol","I 5                 ","NULLE RD            ","","244.100","N","N","Clear","Dark-Street Lights Off","Unknown Injury Collision","","Trees","Y","N","1","N","N","N","0","0"
"ED98111","9/9/2023 9:50:00 AM","Whatcom","Bellingham","State Road","State Patrol","I 5                 ","LAKEWAY DRIVE       ","","253.000","N","N","Clear","Daylight","Minor Injury Collision","","Guardrail","Y","N","3","Y","N","N","0","0"
"ED98106","9/9/2023 11:24:00 AM","Whatcom","Bellingham","State Road","State Patrol","I 5                 ","IOWA ST             ","","253.860","N","N","Clear","Daylight","Minor Injury Collision","","Concrete/Jersey Barrier","Y","N","4","Y","N","N","0","0"
"ED98109","9/9/2023 11:24:00 AM","Whatcom","Bellingham","State Road","State Patrol","I 5                 ","IOWA ST             ","","253.860","N","N","Clear","Daylight","Minor Injury Collision","","","Y","N","2","N","N","N","0","0"
"EE02422","9/9/2023 10:00:00 PM","Whatcom","Ferndale","State Road","State Patrol","I 5                 ","MAIN ST             ","","262.810","N","N","Clear","Dark-Street Lights On","No Injury Collision","","sign","Y","Y","1","N","N","N","0","0"
"ED98204","9/10/2023 8:42:00 AM","Whatcom","Bellingham","State Road","State Patrol","I 5                 ","SAMISH WAY          ","","251.600","N","N","Clear","Daylight","No Injury Collision","","DEER","Y","N","1","N","N","N","0","0"
"ED98103","9/10/2023 2:50:00 PM","Whatcom","Sumas","State Road","State Patrol","SR 547              ","EAGLE ROOST DR      ","","7.350","N","N","Clear","Daylight","Serious Injury Collision","","","Y","N","2","N","N","N","0","0"
"ED97583","9/10/2023 5:10:00 PM","Whatcom","Sumas","State Road","State Patrol","S 9                 ","BADGER RD           ","","95.090","N","Y","Overcast","Daylight","No Injury Collision","","","Y","N","1","N","N","N","0","0"
"ED98110","9/11/2023 9:15:00 AM","Whatcom","Lynden","State Road","State Patrol","SR 539              ","SR 546              ","","12.370","N","Y","Overcast","Daylight","No Injury Collision","","","N","N","2","N","N","N","0","0"
"ED98110","9/11/2023 9:15:00 AM","Whatcom","Lynden","State Road","State Patrol","SR 539              ","SR 546              ","","12.370","N","Y","Overcast","Daylight","No Injury Collision","","","Y","N","2","N","N","N","0","0"
"ED98203","9/12/2023 6:47:00 AM","Whatcom","Bellingham","State Road","State Patrol","I 5                 ","IOWA                ","","254.000","N","N","Overcast","Daylight","No Injury Collision","","","Y","N","2","N","N","N","0","0"
"ED99030","9/12/2023 9:00:00 PM","Whatcom","Lynden","State Road","State Patrol","SR 546              ","BENSON RD           ","","1.000","N","Y","Clear","Dark-No Street Lights","Minor Injury Collision","","","Y","N","2","N","N","N","0","0"
"ED99031","9/13/2023 1:20:00 AM","Whatcom","Blaine","State Road","State Patrol","I 5                 ","SR543               ","","274.000","N","N","Overcast","Dark-No Street Lights","No Injury Collision","","DEER","Y","N","1","N","N","N","0","0"
"EE01333","9/13/2023 11:48:00 AM","Whatcom","Ferndale","State Road","State Patrol","I 5                 ","MAIN ST             ","","261.980","N","N","Clear","Daylight","No Injury Collision","","","Y","N","2","Y","N","N","0","0"
"ED98969","9/13/2023 3:40:00 PM","Whatcom","Bellingham","State Road","State Patrol","I 5                 ","NULLE RD            ","","243.500","N","N","Clear","Daylight","Serious Injury Collision","","Tree or Stump","Y","N","1","N","N","N","0","0"
"EE02352","9/14/2023 3:45:00 PM","Whatcom","Bellingham","State Road","State Patrol","I 5                 ","SLATER              ","","260.000","N","N","Overcast","Daylight","No Injury Collision","","","N","N","3","N","N","N","0","0"
"EE02352","9/14/2023 3:45:00 PM","Whatcom","Bellingham","State Road","State Patrol","I 5                 ","SLATER              ","","260.000","N","N","Overcast","Daylight","No Injury Collision","","","Y","N","3","N","N","N","0","0"
"EE01332","9/14/2023 4:15:00 PM","Whatcom","Bellingham","State Road","State Patrol","I 5                 ","LAKEWAY DR          ","","253.000","N","N","Clear","Daylight","No Injury Collision","","","Y","N","2","N","N","N","0","0"
"ED99686","9/15/2023 4:20:00 PM","Whatcom","Bellingham","State Road","State Patrol","INTERSTATE 5        ","IOWA STREET         ","","253.580","N","N","Clear","Daylight","No Injury Collision","","","Y","N","2","Y","N","N","0","0"
"EE01336","9/17/2023 7:33:00 AM","Whatcom","Nooksack","State Road","State Patrol","SR 9                ","MOSQUITO LAKE RD    ","","73.730","N","N","Clear","Dark-No Street Lights","Unknown Injury Collision","","Fence","N","Y","1","N","N","N","0","0"
"EE01336","9/17/2023 7:33:00 AM","Whatcom","Nooksack","State Road","State Patrol","SR 9                ","MOSQUITO LAKE RD    ","","73.730","N","N","Clear","Dark-No Street Lights","Unknown Injury Collision","","Fence","Y","Y","1","N","N","N","0","0"
"EE01335","9/17/2023 12:22:00 PM","Whatcom","Ferndale","State Road","State Patrol","I 5                 ","SMITH ROAD          ","","261.500","N","N","Clear","Daylight","Minor Injury Collision","","Bridge pillar","N","N","1","N","N","N","0","0"
"EE01335","9/17/2023 12:22:00 PM","Whatcom","Ferndale","State Road","State Patrol","I 5                 ","SMITH ROAD          ","","261.500","N","N","Clear","Daylight","Minor Injury Collision","","Bridge pillar","Y","N","1","N","N","N","0","0"
"EE01337","9/17/2023 1:09:00 PM","Whatcom","Bellingham","State Road","State Patrol","SR 542              ","TRUCK RD            ","","15.030","N","Y","Clear","Daylight","No Injury Collision","","","Y","N","2","N","N","N","0","0"
"EE02319","9/17/2023 6:50:00 PM","Whatcom","Lynden","State Road","State Patrol","SR 546              ","VAN BUREN RD        ","","7.000","N","Y","Clear","Dusk","Serious Injury Collision","","Stop sign","Y","N","2","Y","N","N","0","0"
"EE02429","9/19/2023 1:12:00 PM","Whatcom","Bellingham","State Road","State Patrol","SR 539              ","LAUREL ROAD         ","","2.000","N","N","Clear","Daylight","No Injury Collision","","","Y","N","2","N","N","N","0","0"
"EE02317","9/20/2023 5:04:00 PM","Whatcom","Bellingham","State Road","State Patrol","SR 542              ","KELLY RD            ","","7.600","N","N","Clear","Daylight","No Injury Collision","","","N","N","2","N","N","N","0","0"
"EE02317","9/20/2023 5:04:00 PM","Whatcom","Bellingham","State Road","State Patrol","SR 542              ","KELLY RD            ","","7.600","N","N","Clear","Daylight","No Injury Collision","","","Y","N","2","N","N","N","0","0"
"EE05577","9/21/2023 10:41:00 AM","Whatcom","Everson","State Road","State Patrol","SR 544              ","NOON                ","","4.000","N","Y","Clear","Daylight","No Injury Collision","","DITCH","Y","N","1","N","Y","N","0","0"
"EE02318","9/21/2023 5:12:00 PM","Whatcom","Nooksack","State Road","State Patrol","SR 9                ","SIPER RD            ","","85.700","N","N","Clear","Daylight","No Injury Collision","","Utility Pole","Y","N","1","N","N","N","0","0"
"EE05346","9/21/2023 7:56:00 PM","Whatcom","Lynden","State Road","State Patrol","STATE ROUTE 544     ","STATE ROUTE 539     ","","0.800","N","N","Clear","Dark-No Street Lights","Minor Injury Collision","","","Y","N","2","N","N","N","0","0"
"EE02720","9/21/2023 10:35:00 PM","Whatcom","Bellingham","State Road","State Patrol","I 5                 ","LAKEWAY DR.         ","","252.840","N","N","Clear","Dark-Street Lights On","Minor Injury Collision","","Guardrail","Y","N","1","N","N","N","0","0"
"EE02423","9/22/2023 12:45:00 PM","Whatcom","Ferndale","State Road","State Patrol","I 5                 ","MAIN ST             ","","262.570","N","N","Clear","Daylight","No Injury Collision","","Guardrail","Y","N","1","N","Y","N","0","0"
"EE02721","9/22/2023 2:05:00 PM","Whatcom","Bellingham","State Road","State Patrol","I 5                 ","LAKEWAY DR          ","","253.000","N","N","Clear","Daylight","No Injury Collision","","","Y","N","3","N","N","N","0","0"
"EE02324","9/22/2023 7:06:00 PM","Whatcom","Bellingham","State Road","State Patrol","INTERSTATE 5        ","ALABAMA ST          ","","254.080","N","N","Clear","Dusk","No Injury Collision","","Concrete/Jersey Barrier","Y","N","1","N","N","N","0","0"
"EE02323","9/22/2023 8:03:00 PM","Whatcom","Bellingham","State Road","State Patrol","INTERSTATE 5        ","LAKEWAY DRIVE       ","","253.180","N","N","Clear","Dark-Street Lights On","No Injury Collision","","","N","N","4","Y","N","N","0","0"
"EE02323","9/22/2023 8:03:00 PM","Whatcom","Bellingham","State Road","State Patrol","INTERSTATE 5        ","LAKEWAY DRIVE       ","","253.180","N","N","Clear","Dark-Street Lights On","No Injury Collision","","","Y","N","4","Y","N","N","0","0"
"EE05343","9/23/2023 2:15:00 AM","Whatcom","Bellingham","State Road","State Patrol","SR 9                ","NELSON RD           ","","75.850","N","N","Clear","Dark-No Street Lights","No Injury Collision","","Roadway Ditch","Y","N","1","N","N","N","0","0"
"EE05344","9/23/2023 6:24:00 PM","Whatcom","Bellingham","State Road","State Patrol","INRTSTATE 5         ","OHIO STREET         ","","253.680","N","N","Overcast","Daylight","Minor Injury Collision","","","Y","N","2","N","N","N","0","0"
"EE02322","9/23/2023 7:30:00 PM","Whatcom","Bellingham","State Road","State Patrol","I 5                 ","SUNSET DR           ","","255.140","N","N","Raining","Dark-No Street Lights","No Injury Collision","","","N","Y","2","N","N","N","0","0"
"EE02322","9/23/2023 7:30:00 PM","Whatcom","Bellingham","State Road","State Patrol","I 5                 ","SUNSET DR           ","","255.140","N","N","Raining","Dark-No Street Lights","No Injury Collision","","","Y","Y","2","N","N","N","0","0"
"EE02325","9/23/2023 11:34:00 PM","Whatcom","Ferndale","State Road","State Patrol","I 5                 ","MAIN ST             ","","262.140","N","Y","Overcast","Dark-Street Lights On","Minor Injury Collision","","Guardrail","Y","N","1","N","N","N","0","0"
"EE15219","9/24/2023 12:16:00 AM","Whatcom","Lynden","State Road","State Patrol","SR 539              ","US CUSTOMS LYDEN    ","","15.180","N","N","Other","Unknown","No Injury Collision","","Fence","Y","Y","1","N","N","N","0","0"
"EE03152","9/24/2023 6:20:00 PM","Whatcom","Bellingham","State Road","State Patrol","I 5                 ","NULLE RD            ","","244.070","N","N","Other","Daylight","No Injury Collision","","Roadway Ditch","Y","N","1","N","N","N","0","0"
"EE05342","9/24/2023 9:20:00 PM","Whatcom","Lynden","State Road","State Patrol","SR 544              ","SR 539              ","","1.000","N","Y","Raining","Dark-Street Lights On","No Injury Collision","","","N","Y","2","N","N","N","0","0"
"EE05342","9/24/2023 9:20:00 PM","Whatcom","Lynden","State Road","State Patrol","SR 544              ","SR 539              ","","1.000","N","Y","Raining","Dark-Street Lights On","No Injury Collision","","","Y","Y","2","N","N","N","0","0"
"EE05348","9/25/2023 5:05:00 PM","Whatcom","Lynden","State Road","State Patrol","SR 539              ","TEN MILE RD         ","","6.000","N","Y","Overcast","Daylight","No Injury Collision","","DOT Sign","Y","N","3","N","N","N","0","0"
"EE05348","9/25/2023 5:05:00 PM","Whatcom","Lynden","State Road","State Patrol","SR 539              ","TEN MILE RD         ","","6.000","N","Y","Overcast","Daylight","No Injury Collision","","DOT Sign","N","N","3","N","N","N","0","0"
"EE03127","9/27/2023 2:38:00 AM","Whatcom","Lynden","State Road","State Patrol","SR 539              ","TEN MILE            ","","6.000","N","Y","Raining","Dark-Street Lights On","No Injury Collision","","Curb","Y","N","1","N","N","N","0","0"
"EE05576","9/27/2023 4:12:00 AM","Whatcom","Bellingham","State Road","State Patrol","I 5                 ","N LAKE SAMISH       ","","247.970","N","N","Raining","Dark-No Street Lights","No Injury Collision","","Guardrail","Y","N","1","N","N","N","0","0"
"EE05592","9/27/2023 10:44:00 AM","Whatcom","Bellingham","State Road","State Patrol","SR-9                ","WILLIAMS LK RD      ","","77.000","N","N","Overcast","Daylight","No Injury Collision","","Guardrail","Y","N","1","Y","N","N","0","0"
"EE05349","9/27/2023 4:48:00 PM","Whatcom","Bellingham","State Road","State Patrol","I5                  ","IOWA ST             ","","253.700","N","N","Overcast","Daylight","No Injury Collision","","","Y","N","3","N","N","N","0","0"
"EE05349","9/27/2023 4:48:00 PM","Whatcom","Bellingham","State Road","State Patrol","I5                  ","IOWA ST             ","","253.700","N","N","Overcast","Daylight","No Injury Collision","","","N","N","3","N","N","N","0","0"
"EE08368","9/28/2023 8:36:00 AM","Whatcom","Lynden","State Road","State Patrol","SR 539              ","BEARD RD            ","","6.500","N","N","Raining","Daylight","No Injury Collision","","","Y","N","2","N","N","N","0","0"
"EE05593","9/28/2023 8:57:00 AM","Whatcom","Bellingham","State Road","State Patrol","I 5                 ","OHIO ST             ","","253.650","N","N","Raining","Daylight","No Injury Collision","","Guardrail","Y","N","1","Y","N","N","0","0"
"EE05593","9/28/2023 8:57:00 AM","Whatcom","Bellingham","State Road","State Patrol","I 5                 ","OHIO ST             ","","253.650","N","N","Raining","Daylight","No Injury Collision","","Guardrail","N","N","1","Y","N","N","0","0"
"EE05581","9/28/2023 10:21:00 AM","Whatcom","Nooksack","State Road","State Patrol","SR-9                ","HOPEWELL RD         ","","87.300","N","Y","Overcast","Daylight","No Injury Collision","","POWER POLE/LANDSCAPING","N","N","1","N","N","N","0","0"
"EE05581","9/28/2023 10:21:00 AM","Whatcom","Nooksack","State Road","State Patrol","SR-9                ","HOPEWELL RD         ","","87.300","N","Y","Overcast","Daylight","No Injury Collision","","POWER POLE/LANDSCAPING","Y","N","1","N","N","N","0","0"
"EE05580","9/28/2023 12:28:00 PM","Whatcom","Blaine","State Road","State Patrol","I 5                 ","EXIT 274            ","","273.000","N","N","Clear","Daylight","No Injury Collision","","Wood Sign Post","Y","N","1","N","N","N","0","0"
"EE05579","9/29/2023 7:34:00 AM","Whatcom","Ferndale","State Road","State Patrol","I 5                 ","PORTAL WAY          ","","263.000","N","N","Clear","Daylight","No Injury Collision","","","Y","N","2","N","N","N","0","0"
"EE05347","9/29/2023 4:57:00 PM","Whatcom","Bellingham","State Road","State Patrol","INTERSTATE 5        ","IOWA STREET         ","","253.780","N","N","Clear","Daylight","No Injury Collision","","","Y","N","2","N","N","N","0","0"
"EE05345","9/29/2023 10:40:00 PM","Whatcom","Blaine","State Road","State Patrol","SR 548              ","ALDERSON RD         ","","7.800","N","Y","Clear","Dark-Street Lights On","Minor Injury Collision","","Roadway Ditch","Y","N","2","Y","N","N","0","0"
"EE05341","9/29/2023 10:49:00 PM","Whatcom","Bellingham","State Road","State Patrol","INTERSTATE 5        ","IOWA STREET         ","","253.780","N","N","Clear","Dark-Street Lights On","No Injury Collision","","Concrete/Jersey Barrier","Y","N","1","N","N","N","0","0"
"EE05595","10/1/2023 5:21:00 AM","Whatcom","Bellingham","State Road","State Patrol","SR 542              ","GALENA CREEK        ","","49.870","N","N","Overcast","Dark-No Street Lights","Minor Injury Collision","","Tree or Stump","Y","N","1","N","N","N","0","0"
"EE05578","10/1/2023 9:45:00 AM","Whatcom","Bellingham","State Road","State Patrol","SR 542              ","NATL FOREST #3065   ","","43.000","N","N","Clear","Daylight","No Injury Collision","","","Y","N","1","Y","N","N","0","0"
"EE10588","10/2/2023 12:05:00 PM","Whatcom","Lynden","State Road","State Patrol","SR 539              ","W KING TUT ROAD     ","","7.000","N","N","Raining","Daylight","No Injury Collision","","","Y","N","1","N","N","N","0","0"
"EE10589","10/2/2023 1:05:00 PM","Whatcom","Bellingham","State Road","State Patrol","SR 539              ","LAUREL ROAD         ","","5.000","N","Y","Raining","Daylight","Minor Injury Collision","","PSE POLE, CHAINLINK FENCE","Y","Y","2","Y","N","N","0","0"
"EE05350","10/2/2023 4:55:00 PM","Whatcom","Bellingham","State Road","State Patrol","I 5                 ","SR539               ","","256.500","N","N","Raining","Daylight","No Injury Collision","","","Y","N","2","N","N","N","0","0"
"EE07843","10/2/2023 5:45:00 PM","Whatcom","Bellingham","State Road","State Patrol","I 5                 ","IOWA ST             ","","253.750","N","N","Raining","Daylight","Minor Injury Collision","","","Y","N","3","Y","Y","N","0","0"
"EE17061","10/2/2023 6:25:00 PM","Whatcom","Lynden","State Road","State Patrol","SR 544              ","HANNEGAN RD         ","","4.000","N","Y","Raining","Dark-Street Lights On","No Injury Collision","","","N","Y","2","N","N","N","0","0"
"EE17061","10/2/2023 6:25:00 PM","Whatcom","Lynden","State Road","State Patrol","SR 544              ","HANNEGAN RD         ","","4.000","N","Y","Raining","Dark-Street Lights On","No Injury Collision","","","Y","Y","2","N","N","N","0","0"
"EE07846","10/3/2023 5:59:00 PM","Whatcom","Bellingham","State Road","State Patrol","STATE ROUTE 542     ","EVERSON-GOSHEN      ","","4.700","N","N","Clear","Daylight","No Injury Collision","","","Y","N","1","N","N","N","0","0"
"EE05583","10/4/2023 9:32:00 AM","Whatcom","Bellingham","State Road","State Patrol","I-5                 ","SUNSET DR           ","","255.000","N","N","Overcast","Daylight","No Injury Collision","","WOOD DEBRIS","Y","N","1","N","N","N","0","0"
"EE08365","10/4/2023 11:10:00 AM","Whatcom","Bellingham","State Road","State Patrol","I 5                 ","OHIO ST             ","","253.590","N","N","Overcast","Daylight","No Injury Collision","","Guardrail","Y","N","1","N","N","N","0","0"
"EE08360","10/4/2023 3:14:00 PM","Whatcom","Bellingham","State Road","State Patrol","I-5                 ","BIRCH BAY LYNDEN RD ","","268.000","N","N","Clear","Daylight","No Injury Collision","","","Y","N","2","N","N","N","0","0"
"EE07845","10/4/2023 8:08:00 PM","Whatcom","Bellingham","State Road","State Patrol","STATE ROUTE 542     ","1ST ST              ","4900  ","","N","N","Clear","Dark-No Street Lights","No Injury Collision","","K9","Y","N","1","N","N","N","0","0"
"EE07849","10/4/2023 8:38:00 PM","Whatcom","Bellingham","State Road","State Patrol","SR 542              ","MISSION RD          ","","5.800","N","Y","Overcast","Dark-No Street Lights","No Injury Collision","","","Y","N","2","N","N","N","0","0"
"EE07848","10/5/2023 3:29:00 AM","Whatcom","Bellingham","State Road","State Patrol","INTERSTATE 5        ","SAMISH WAY          ","","25.580","N","N","Clear","Dark-Street Lights On","No Injury Collision","","DEER","Y","N","1","N","Y","N","0","0"
"EE10584","10/5/2023 10:03:00 AM","Whatcom","Bellingham","State Road","State Patrol","I-5                 ","SMITH RD            ","","261.000","N","N","Clear","Daylight","No Injury Collision","","","Y","Y","2","N","N","N","0","0"
"EE07847","10/5/2023 10:50:00 PM","Whatcom","Sumas","State Road","State Patrol","SR 547              ","ANDERSON LAKE RD    ","","7.500","N","N","Clear","Dark-No Street Lights","No Injury Collision","","Roadway Ditch","Y","N","1","N","N","N","0","0"
"EE08361","10/6/2023 7:35:00 AM","Whatcom","Ferndale","State Road","State Patrol","SR 548              ","NORTHGATE WAY       ","","0.450","N","Y","Clear","Daylight","No Injury Collision","","","Y","N","2","N","N","N","0","0"