"Collision Report Number","Collision Date","County","City","Jurisdiction","Agency","Primary Trafficway","Secondary Trafficway","Block Number","Mile Post","School Zone","Intersection Related","Weather Condition","Lighting Condition","Injury Severity","Collision Type","Object Struck","Damage Threshold Met","Hit and Run","Motor Vehicles Involved","Passengers Involved","Commercial Carrier Involved","School Bus Involved","Pedestrians Involved","Pedalcyclists Involved"
"EE08359","10/6/2023 8:47:00 AM","Whatcom","Bellingham","State Road","State Patrol","I 5                 ","MERIDIAN STREET     ","","256.210","N","N","Clear","Daylight","Minor Injury Collision","","Guardrail","N","Y","2","N","N","N","0","0"
"EE08359","10/6/2023 8:47:00 AM","Whatcom","Bellingham","State Road","State Patrol","I 5                 ","MERIDIAN STREET     ","","256.210","N","N","Clear","Daylight","Minor Injury Collision","","Guardrail","Y","Y","2","N","N","N","0","0"
"EE08362","10/6/2023 3:29:00 PM","Whatcom","Bellingham","State Road","State Patrol","I5                  ","IOWA STREET         ","","253.700","N","N","Clear","Daylight","No Injury Collision","","","Y","N","2","N","N","N","0","0"
"EE08363","10/6/2023 3:29:00 PM","Whatcom","Bellingham","State Road","State Patrol","I5                  ","IOWA STREET         ","","253.700","N","N","Clear","Daylight","Minor Injury Collision","","Guardrail","Y","N","2","N","N","N","0","0"
"EE16032","10/7/2023 11:20:00 PM","Whatcom","Everson","State Road","State Patrol","SR 9                ","HOPEWELL RD         ","","87.800","N","Y","Clear","Dark - Unknown Lighting","Fatal Collision","","POWER POLE","Y","N","1","Y","N","N","0","0"
"EE10585","10/8/2023 12:27:00 PM","Whatcom","Bellingham","State Road","State Patrol","SR 539              ","AXTON ROAD          ","","4.900","N","Y","Overcast","Daylight","No Injury Collision","","","N","N","2","Y","N","N","0","0"
"EE10585","10/8/2023 12:27:00 PM","Whatcom","Bellingham","State Road","State Patrol","SR 539              ","AXTON ROAD          ","","4.900","N","Y","Overcast","Daylight","No Injury Collision","","","Y","N","2","Y","N","N","0","0"
"EE07850","10/8/2023 6:10:00 PM","Whatcom","Bellingham","State Road","State Patrol","SR 542              ","HEATHER MEADOWS     ","","54.400","N","N","Clear","Daylight","Minor Injury Collision","","Boulder","Y","N","1","N","N","N","0","0"
"EE14260","10/9/2023 3:50:00 PM","Whatcom","Ferndale","State Road","State Patrol","I 5                 ","GRANDVIEW           ","","265.900","N","N","Raining","Daylight","No Injury Collision","","Guardrail","N","N","1","N","Y","N","0","0"
"EE14260","10/9/2023 3:50:00 PM","Whatcom","Ferndale","State Road","State Patrol","I 5                 ","GRANDVIEW           ","","265.900","N","N","Raining","Daylight","No Injury Collision","","Guardrail","Y","N","1","N","Y","N","0","0"
"EE15217","10/10/2023 8:18:00 AM","Whatcom","Lynden","State Road","State Patrol","SR 539              ","RIVER RD            ","","9.600","N","Y","Raining","Daylight","No Injury Collision","","Yield Sign","Y","N","1","N","N","N","0","0"
"EE10587","10/11/2023 1:21:00 PM","Whatcom","Bellingham","State Road","State Patrol","I 5                 ","IOWA ST             ","","254.000","N","N","Clear","Daylight","No Injury Collision","","","Y","N","2","N","N","N","0","0"
"EE10586","10/12/2023 7:31:00 AM","Whatcom","Lynden","State Road","State Patrol","SR 546              ","NORTHWOOD RD        ","","3.530","N","Y","Fog or Smog or Smoke","Daylight","No Injury Collision","","","Y","Y","2","N","N","N","0","0"
"EE10581","10/12/2023 11:31:00 AM","Whatcom","Bellingham","State Road","State Patrol","I 5                 ","SAMISH              ","","251.900","N","N","Clear","Daylight","No Injury Collision","","deer","Y","N","1","N","N","N","0","0"
"EE08778","10/12/2023 4:04:00 PM","Whatcom","Bellingham","State Road","State Patrol","INTERSTATE 5        ","SAMISH WAY          ","","252.100","N","N","Clear","Daylight","No Injury Collision","","","N","N","2","Y","N","N","0","0"
"EE08778","10/12/2023 4:04:00 PM","Whatcom","Bellingham","State Road","State Patrol","INTERSTATE 5        ","SAMISH WAY          ","","252.100","N","N","Clear","Daylight","No Injury Collision","","","Y","N","2","Y","N","N","0","0"
"EE10756","10/12/2023 5:41:00 PM","Whatcom","Bellingham","State Road","State Patrol","STATE ROUTE 542     ","EVERSON-GOSHEN ROAD ","","4.900","N","N","Clear","Daylight","No Injury Collision","","","Y","N","2","N","N","N","0","0"
"EE08776","10/12/2023 6:10:00 PM","Whatcom","Bellingham","State Road","State Patrol","SR 539              ","AXTON RD            ","","4.300","N","N","Clear","Daylight","No Injury Collision","","Guardrail","Y","N","1","N","Y","N","0","0"
"EE08776","10/12/2023 6:10:00 PM","Whatcom","Bellingham","State Road","State Patrol","SR 539              ","AXTON RD            ","","4.300","N","N","Clear","Daylight","No Injury Collision","","Guardrail","N","N","1","N","Y","N","0","0"
"EE10582","10/13/2023 7:06:00 AM","Whatcom","Bellingham","State Road","State Patrol","I 5                 ","SAMISH WAY          ","","252.000","N","N","Clear","Dawn","No Injury Collision","","Deer","Y","N","1","N","N","N","0","0"
"EE12736","10/13/2023 6:19:00 PM","Whatcom","Ferndale","State Road","State Patrol","INTERSTATE 5        ","SLATER ROAD         ","","260.000","N","N","Overcast","Daylight","No Injury Collision","","","Y","N","2","N","N","N","0","0"
"EE10288","10/14/2023 1:15:00 AM","Whatcom","Bellingham","State Road","State Patrol","I 5                 ","SAMISH WAY          ","","251.800","N","N","Overcast","Dark-No Street Lights","No Injury Collision","","DEER","Y","N","1","N","N","N","0","0"
"EE11242","10/14/2023 6:42:00 AM","Whatcom","Bellingham","State Road","State Patrol","I 5                 ","OHIO STREET         ","","254.000","N","N","Clear","Dawn","No Injury Collision","","Deer","Y","N","1","N","N","N","0","0"
"EE10580","10/14/2023 12:22:00 PM","Whatcom","Ferndale","State Road","State Patrol","I 5                 ","SLATER ROAD         ","","260.000","N","N","Overcast","Daylight","No Injury Collision","","BICYCLE","Y","N","1","N","N","N","0","0"
"EE16033","10/15/2023 12:45:00 AM","Whatcom","Bellingham","State Road","State Patrol","SR 9                ","STRAND RD           ","3484  ","","N","N","Overcast","Dark-No Street Lights","No Injury Collision","","Ditch","Y","N","1","N","N","N","0","0"
"EE09851","10/15/2023 4:41:00 PM","Whatcom","Bellingham","State Road","State Patrol","I5                  ","BAKERVIEW RD        ","","257.900","N","N","Raining","Daylight","No Injury Collision","","cable barrier","Y","N","1","N","N","N","0","0"
"EE14261","10/15/2023 8:15:00 PM","Whatcom","Bellingham","State Road","State Patrol","I 5                 ","SLATER RD           ","","259.000","N","N","Overcast","Dark-No Street Lights","No Injury Collision","","Deer","Y","N","1","N","N","N","0","0"
"EE14263","10/15/2023 8:45:00 PM","Whatcom","Blaine","State Road","State Patrol","I 5                 ","HUGHES AVE          ","","274.300","N","N","Raining","Dark-Street Lights On","Minor Injury Collision","","Ditch","Y","N","1","N","N","N","0","0"
"EE14262","10/16/2023 3:43:00 PM","Whatcom","Blaine","State Road","State Patrol","I 5                 ","HUGHES AVE          ","","274.500","N","N","Raining","Daylight","No Injury Collision","","Cable Barrier","N","N","1","N","N","N","0","0"
"EE14262","10/16/2023 3:43:00 PM","Whatcom","Blaine","State Road","State Patrol","I 5                 ","HUGHES AVE          ","","274.500","N","N","Raining","Daylight","No Injury Collision","","Cable Barrier","Y","N","1","N","N","N","0","0"
"EE09848","10/16/2023 6:06:00 PM","Whatcom","Lynden","State Road","State Patrol","SR 539              ","SR 544              ","","7.510","N","Y","Raining","Daylight","No Injury Collision","","","Y","N","2","N","N","N","0","0"
"EE09848","10/16/2023 6:06:00 PM","Whatcom","Lynden","State Road","State Patrol","SR 539              ","SR 544              ","","7.510","N","Y","Raining","Daylight","No Injury Collision","","","N","N","2","N","N","N","0","0"
"EE10583","10/17/2023 7:09:00 AM","Whatcom","Bellingham","State Road","State Patrol","SR 539              ","LAUREL RD           ","","5.000","N","N","Overcast","Daylight","No Injury Collision","","","Y","N","2","N","N","N","0","0"
"EE15220","10/17/2023 9:00:00 AM","Whatcom","Bellingham","State Road","State Patrol","I 5                 ","FAIRHAVEN PKWY      ","","249.000","N","N","Overcast","Daylight","No Injury Collision","","","Y","N","2","Y","N","N","0","0"
"EE11243","10/17/2023 3:02:00 PM","Whatcom","Bellingham","State Road","State Patrol","SR 542              ","DEMING RD           ","","10.560","N","Y","Raining","Daylight","No Injury Collision","","","Y","N","2","N","N","N","0","0"
"EE11240","10/18/2023 6:10:00 AM","Whatcom","Bellingham","State Road","State Patrol","I 5                 ","SUNSET DRIVE        ","","255.600","N","N","Overcast","Dark-No Street Lights","No Injury Collision","","Guardrail","Y","N","1","N","N","N","0","0"
"EE11928","10/18/2023 8:07:00 AM","Whatcom","Bellingham","State Road","State Patrol","I-5                 ","SMITH RD            ","","261.000","N","N","Raining","Daylight","No Injury Collision","","","Y","N","2","N","Y","N","0","0"
"EE11928","10/18/2023 8:07:00 AM","Whatcom","Bellingham","State Road","State Patrol","I-5                 ","SMITH RD            ","","261.000","N","N","Raining","Daylight","No Injury Collision","","","N","N","2","N","Y","N","0","0"
"EE10590","10/18/2023 9:58:00 AM","Whatcom","Bellingham","State Road","State Patrol","I 5                 ","N LAKE SAMISH       ","","247.040","N","N","Overcast","Daylight","No Injury Collision","","","Y","N","2","N","N","N","0","0"
"EE14264","10/18/2023 6:34:00 PM","Whatcom","Ferndale","State Road","State Patrol","I 5                 ","GRANDVIEW RD        ","","265.400","N","N","Overcast","Daylight","No Injury Collision","","","N","N","2","N","N","N","0","0"
"EE14264","10/18/2023 6:34:00 PM","Whatcom","Ferndale","State Road","State Patrol","I 5                 ","GRANDVIEW RD        ","","265.400","N","N","Overcast","Daylight","No Injury Collision","","","Y","N","2","N","N","N","0","0"
"EE15218","10/19/2023 5:46:00 AM","Whatcom","Lynden","State Road","State Patrol","SR 539              ","SR 546              ","","12.500","N","Y","Raining","Dark-Street Lights On","No Injury Collision","","","Y","N","2","N","N","N","0","0"
"EE11930","10/19/2023 7:40:00 AM","Whatcom","Ferndale","State Road","State Patrol","I 5                 ","SR 548              ","","265.000","N","N","Raining","Daylight","No Injury Collision","","Deer","Y","N","1","N","N","N","0","0"
"EE11929","10/19/2023 7:41:00 AM","Whatcom","Ferndale","State Road","State Patrol","I 5                 ","SR 548              ","","265.400","N","N","Raining","Daylight","No Injury Collision","","","Y","N","2","N","N","N","0","0"
"EE11931","10/19/2023 1:16:00 PM","Whatcom","Nooksack","State Road","State Patrol","STATE ROUTE 9       ","HOPEWELL ROAD       ","","87.300","N","Y","Clear","Daylight","No Injury Collision","","Utility Pole","Y","N","1","Y","N","N","0","0"
"EE11696","10/19/2023 4:57:00 PM","Whatcom","Bellingham","State Road","State Patrol","I 5                 ","SUNSET DRIVE        ","","254.800","N","N","Overcast","Daylight","No Injury Collision","","","Y","N","2","N","N","N","0","0"
"EE11241","10/20/2023 6:58:00 AM","Whatcom","Ferndale","State Road","State Patrol","I 5                 ","GRAND VIEW ROAD     ","","266.000","N","Y","Clear","Dawn","No Injury Collision","","Tree or Stump","Y","N","1","N","N","N","0","0"
"EE17093","10/21/2023 8:00:00 PM","Whatcom","Bellingham","State Road","State Patrol","SR 539              ","AXTON RD            ","","4.530","N","N","Overcast","Dark-No Street Lights","No Injury Collision","","","Y","Y","2","N","N","N","0","0"
"EE15223","10/22/2023 9:16:00 AM","Whatcom","Bellingham","State Road","State Patrol","I5                  ","IOWA STREET         ","","254.000","N","N","Clear","Daylight","No Injury Collision","","Guardrail","Y","N","3","N","N","N","0","0"
"EE11949","10/22/2023 6:20:00 PM","Whatcom","Bellingham","State Road","State Patrol","SR 542              ","WHITE SALMON ACCESS ","","52.000","N","N","Overcast","Dusk","No Injury Collision","","Tree or Stump","Y","N","1","N","N","N","0","0"
"EE12741","10/22/2023 6:30:00 PM","Whatcom","Lynden","State Road","State Patrol","SR 546              ","TRAPLINE RD         ","","6.000","N","N","Clear","Dark-No Street Lights","No Injury Collision","","Deer","Y","N","1","N","N","N","0","0"
"EE16878","10/23/2023 12:45:00 PM","Whatcom","Bellingham","State Road","State Patrol","SR 539              ","LARSON RD           ","","3.500","N","N","Overcast","Daylight","Minor Injury Collision","","Deer","Y","N","1","Y","N","N","0","0"
"EE12734","10/23/2023 11:26:00 PM","Whatcom","Lynden","State Road","State Patrol","SR 539              ","RIVER RD            ","","9.600","N","Y","Clear","Dark-Street Lights On","No Injury Collision","","Street Light Pole","Y","N","2","N","N","N","0","0"
"EE15221","10/24/2023 7:58:00 AM","Whatcom","Bellingham","State Road","State Patrol","I 5                 ","STATE ST            ","","254.000","N","N","Raining","Daylight","No Injury Collision","","","Y","N","2","N","N","N","0","0"
"EE15251","10/24/2023 3:45:00 PM","Whatcom","Bellingham","State Road","State Patrol","I 5                 ","SUNSET DRIVE        ","","254.900","N","N","Raining","Daylight","No Injury Collision","","","Y","N","2","N","N","N","0","0"
"EE12735","10/24/2023 4:37:00 PM","Whatcom","Lynden","State Road","State Patrol","SR 539              ","RIVER RD            ","","9.800","N","N","Raining","Daylight","No Injury Collision","","","Y","N","2","N","N","N","0","0"
"EE12737","10/24/2023 5:48:00 PM","Whatcom","Bellingham","State Road","State Patrol","I5                  ","N LAKE SAMISH       ","","245.100","N","N","Raining","Dusk","No Injury Collision","","Guardrail","Y","N","1","N","N","N","0","0"
"EE12737","10/24/2023 5:48:00 PM","Whatcom","Bellingham","State Road","State Patrol","I5                  ","N LAKE SAMISH       ","","245.100","N","N","Raining","Dusk","No Injury Collision","","Guardrail","N","N","1","N","N","N","0","0"
"EE15224","10/25/2023 8:32:00 AM","Whatcom","Nooksack","State Road","State Patrol","SR 9                ","RUTSATZ RD          ","","77.940","N","N","Overcast","Daylight","Minor Injury Collision","","ditch","Y","N","1","N","N","N","0","0"
"EE15222","10/26/2023 7:57:00 AM","Whatcom","Bellingham","State Road","State Patrol","I5                  ","OHIO ST             ","","254.000","N","N","Clear","Daylight","No Injury Collision","","","Y","N","2","N","N","N","0","0"
"EE14266","10/26/2023 4:10:00 PM","Whatcom","Sedro-Woolley","State Road","State Patrol","SR 9                ","SAXON RD            ","","70.100","N","N","Clear","Daylight","No Injury Collision","","","Y","N","2","N","N","N","0","0"
"EE14266","10/26/2023 4:10:00 PM","Whatcom","Sedro-Woolley","State Road","State Patrol","SR 9                ","SAXON RD            ","","70.100","N","N","Clear","Daylight","No Injury Collision","","","N","N","2","N","N","N","0","0"
"EE14265","10/26/2023 11:22:00 PM","Whatcom","Blaine","State Road","State Patrol","INTERSTATE 5        ","LOOMIS TRAIL RD     ","","272.180","N","N","Clear","Dark-No Street Lights","No Injury Collision","","DEER","Y","N","1","Y","N","N","0","0"
"EE15225","10/27/2023 8:34:00 AM","Whatcom","Bellingham","State Road","State Patrol","SR 539              ","LAUREL RD           ","","5.130","N","N","Clear","Daylight","No Injury Collision","","","Y","N","2","N","N","N","0","0"
"EE15226","10/27/2023 1:30:00 PM","Whatcom","Blaine","State Road","State Patrol","I5                  ","BIRCH BAY LYNDEN RD ","","269.700","N","N","Clear","Daylight","No Injury Collision","","","Y","N","2","Y","N","N","0","0"
"EE16031","10/27/2023 5:55:00 PM","Whatcom","Bellingham","State Road","State Patrol","I 5                 ","IOWA ST             ","","253.800","N","N","Overcast","Daylight","No Injury Collision","","","Y","N","2","N","N","N","0","0"
"EE14267","10/27/2023 6:10:00 PM","Whatcom","Bellingham","State Road","State Patrol","I 5                 ","IOWA STREET         ","","253.600","N","N","Clear","Dusk","No Injury Collision","","","Y","N","2","Y","N","N","0","0"
"EE17092","10/27/2023 9:37:00 PM","Whatcom","Blaine","State Road","State Patrol","I 5                 ","PORTAL WAY          ","","273.360","N","N","Clear","Dark-No Street Lights","No Injury Collision","","deer","Y","N","1","N","N","N","0","0"
"EE17094","10/28/2023 4:07:00 AM","Whatcom","Bellingham","State Road","State Patrol","I 5                 ","SUNSET DR           ","","255.400","N","N","Clear","Dark-No Street Lights","No Injury Collision","","Guardrail","Y","N","1","N","N","N","0","0"
"EE14698","10/29/2023 12:50:00 AM","Whatcom","Bellingham","State Road","State Patrol","I 5                 ","NORTHWEST ST        ","","256.970","N","N","Clear","Dark-Street Lights On","Serious Injury Collision","","Guardrail","Y","N","1","Y","N","N","0","0"
"EE16880","10/29/2023 2:59:00 PM","Whatcom","Everson","State Road","State Patrol","SR 544              ","HANNEGAN            ","577   ","","N","N","Clear","Daylight","No Injury Collision","","POLE, SIGN","Y","N","1","Y","N","N","0","0"
"EE14259","10/29/2023 5:50:00 PM","Whatcom","Bellingham","State Road","State Patrol","I 5                 ","SUNSET DR           ","","254.820","N","N","Clear","Dusk","No Injury Collision","","","N","Y","2","N","N","N","0","0"
"EE14259","10/29/2023 5:50:00 PM","Whatcom","Bellingham","State Road","State Patrol","I 5                 ","SUNSET DR           ","","254.820","N","N","Clear","Dusk","No Injury Collision","","","Y","Y","2","N","N","N","0","0"
"EE17095","10/29/2023 8:40:00 PM","Whatcom","Bellingham","State Road","State Patrol","I 5                 ","SUNSET DR.          ","","255.400","N","N","Clear","Dark-No Street Lights","No Injury Collision","","","N","N","2","N","Y","N","0","0"
"EE17095","10/29/2023 8:40:00 PM","Whatcom","Bellingham","State Road","State Patrol","I 5                 ","SUNSET DR.          ","","255.400","N","N","Clear","Dark-No Street Lights","No Injury Collision","","","Y","N","2","N","Y","N","0","0"
"EE16879","10/30/2023 7:39:00 AM","Whatcom","Nooksack","State Road","State Patrol","SR 9                ","SR 542              ","","79.400","N","Y","Clear","Daylight","No Injury Collision","","","Y","N","2","Y","N","N","0","0"
"EE16884","10/30/2023 11:38:00 AM","Whatcom","Bellingham","State Road","State Patrol","I 5                 ","N LAKE SAMISH       ","","247.990","N","N","Clear","Daylight","No Injury Collision","","none","Y","N","1","N","N","N","0","0"
"EE14697","10/30/2023 4:34:00 PM","Whatcom","Bellingham","State Road","State Patrol","I 5                 ","SR 542              ","","254.820","N","Y","Clear","Daylight","No Injury Collision","","","Y","N","2","N","N","N","0","0"
"EE14697","10/30/2023 4:34:00 PM","Whatcom","Bellingham","State Road","State Patrol","I 5                 ","SR 542              ","","254.820","N","Y","Clear","Daylight","No Injury Collision","","","N","N","2","N","N","N","0","0"
"EE16882","10/31/2023 10:28:00 AM","Whatcom","Bellingham","State Road","State Patrol","I 5                 ","N LAKE SAMISH       ","","246.140","N","N","Clear","Daylight","No Injury Collision","","none","Y","Y","2","N","N","N","0","0"
"EE16883","10/31/2023 12:13:00 PM","Whatcom","Bellingham","State Road","State Patrol","I 5                 ","NORTHWEST           ","","256.980","N","N","Clear","Daylight","Minor Injury Collision","","Guardrail","Y","N","1","N","N","N","0","0"
"EE19055","10/31/2023 12:14:00 PM","Whatcom","Ferndale","State Road","State Patrol","I 5                 ","GRANDVIEW           ","","266.000","N","N","Clear","Daylight","Minor Injury Collision","","","Y","N","2","N","Y","N","0","0"
"EE19056","10/31/2023 4:07:00 PM","Whatcom","Bellingham","State Road","State Patrol","I 5                 ","SR 539              ","","256.000","N","N","Clear","Daylight","Minor Injury Collision","","","Y","N","3","Y","N","N","0","0"
"EE16881","11/1/2023 8:23:00 AM","Whatcom","Bellingham","State Road","State Patrol","I 5                 ","SUNSET DR           ","","254.700","N","N","Overcast","Daylight","Minor Injury Collision","","JERSEY BARRIER","Y","N","3","Y","N","N","0","0"
"EE17011","11/1/2023 5:12:00 PM","Whatcom","Bellingham","State Road","State Patrol","I5                  ","SUNSET DR           ","","255.100","N","N","Overcast","Daylight","No Injury Collision","","","Y","N","3","N","N","N","0","0"
"EE16034","11/1/2023 7:00:00 PM","Whatcom","Ferndale","State Road","State Patrol","I 5                 ","PORTAL WAY          ","","265.100","N","N","Raining","Dark-No Street Lights","No Injury Collision","","Deer","Y","N","1","N","N","N","0","0"
"EE16885","11/2/2023 7:26:00 AM","Whatcom","Bellingham","State Road","State Patrol","SR 542              ","SR 539              ","","14.500","N","Y","Raining","Dark - Unknown Lighting","Minor Injury Collision","","","Y","N","2","N","N","N","0","0"
"EE16963","11/2/2023 7:30:00 AM","Whatcom","Ferndale","State Road","State Patrol","I 5                 ","CUSTER REST AREA    ","","267.000","N","N","Raining","Dark-Street Lights On","No Injury Collision","","Fence","Y","N","1","N","Y","N","0","0"
"EE21418","11/2/2023 11:37:00 AM","Whatcom","Bellingham","State Road","State Patrol","I 5                 ","NORTHWEST           ","","256.900","N","N","Raining","Daylight","No Injury Collision","","","Y","N","3","Y","N","N","0","0"
"EE16964","11/2/2023 2:45:00 PM","Whatcom","Ferndale","State Road","State Patrol","I 5                 ","CUSTER REST AREA    ","","267.000","N","N","Overcast","Daylight","No Injury Collision","","","Y","N","2","Y","N","N","0","0"
"EE17967","11/2/2023 11:50:00 PM","Whatcom","Ferndale","State Road","State Patrol","I 5                 ","MAIN ST             ","","262.600","N","N","Raining","Dark-Street Lights On","No Injury Collision","","DOT sign, ditch","Y","N","1","N","N","N","0","0"
"EE16646","11/3/2023 12:12:00 AM","Whatcom","Bellingham","State Road","State Patrol","I 5                 ","SLATER RD           ","","260.000","N","N","Raining","Dark-No Street Lights","No Injury Collision","","ditch","Y","N","1","N","N","N","0","0"
"EE17570","11/3/2023 7:15:00 PM","Whatcom","Bellingham","State Road","State Patrol","SR 539              ","AXTON RD            ","","4.500","N","Y","Raining","Dusk","No Injury Collision","","","Y","Y","2","N","N","N","0","0"
"EE16647","11/3/2023 11:49:00 PM","Whatcom","Ferndale","State Road","State Patrol","I 5                 ","MAIN STREET         ","","262.000","N","Y","Raining","Dark-Street Lights On","No Injury Collision","","Metal Sign Post","Y","N","1","N","N","N","0","0"
"EE16874","11/4/2023 10:27:00 AM","Whatcom","Bellingham","State Road","State Patrol","I 5                 ","AIRPORT DRIVE       ","","258.000","N","Y","Raining","Daylight","No Injury Collision","","Guardrail","Y","N","1","N","Y","N","0","0"
"EE16875","11/4/2023 1:25:00 PM","Whatcom","Ferndale","State Road","State Patrol","I-5                 ","MAIN ST             ","","262.000","N","N","Raining","Daylight","Unknown Injury Collision","","Directional Sign","N","Y","1","N","N","N","0","0"
"EE16875","11/4/2023 1:25:00 PM","Whatcom","Ferndale","State Road","State Patrol","I-5                 ","MAIN ST             ","","262.000","N","N","Raining","Daylight","Unknown Injury Collision","","Directional Sign","Y","Y","1","N","N","N","0","0"
"EE16876","11/4/2023 1:37:00 PM","Whatcom","Everson","State Road","State Patrol","SR 9                ","MASSEY ROAD         ","","89.300","N","Y","Overcast","Daylight","Minor Injury Collision","","Fence","Y","N","2","Y","N","N","0","0"
"EE16877","11/4/2023 2:42:00 PM","Whatcom","Bellingham","State Road","State Patrol","SR-542              ","NOON RD             ","","3.800","N","Y","Overcast","Daylight","Minor Injury Collision","","","Y","N","2","N","N","N","0","0"
"EE17968","11/4/2023 4:00:00 PM","Whatcom","Bellingham","State Road","State Patrol","I 5                 ","SR 539              ","","256.100","N","N","Overcast","Daylight","No Injury Collision","","","Y","N","2","N","N","N","0","0"
"EE18904","11/4/2023 6:20:00 PM","Whatcom","Blaine","State Road","State Patrol","I 5                 ","BIRCH BAY LYNDEN RD ","","269.000","N","N","Raining","Dark-Street Lights On","No Injury Collision","","","Y","Y","2","N","N","N","0","0"
"EE16648","11/4/2023 6:34:00 PM","Whatcom","Bellingham","State Road","State Patrol","I 5                 ","SLATER RD           ","","260.000","N","Y","Raining","Dusk","No Injury Collision","","","N","N","2","Y","N","N","0","0"
"EE16648","11/4/2023 6:34:00 PM","Whatcom","Bellingham","State Road","State Patrol","I 5                 ","SLATER RD           ","","260.000","N","Y","Raining","Dusk","No Injury Collision","","","Y","N","2","Y","N","N","0","0"
"EE18848","11/5/2023 3:25:00 PM","Whatcom","Bellingham","State Road","State Patrol","SR-11               ","SOUND VIEW RD       ","","15.000","N","N","Overcast","Daylight","No Injury Collision","","DITCH/TREE","Y","N","1","N","N","N","0","0"
"EE16649","11/5/2023 5:22:00 PM","Whatcom","Lynden","State Road","State Patrol","SR 546              ","NORTHWOOD RD        ","","3.530","N","Y","Raining","Dark-Street Lights On","No Injury Collision","","","Y","N","2","N","N","N","0","0"
"EE17012","11/5/2023 9:16:00 PM","Whatcom","Ferndale","State Road","State Patrol","I5                  ","MAIN ST             ","","262.000","N","N","Raining","Dark-No Street Lights","Minor Injury Collision","","","Y","N","2","N","N","N","0","0"
"EE17656","11/6/2023 5:48:00 PM","Whatcom","Bellingham","State Road","State Patrol","I5                  ","IOWA ST             ","","253.500","N","N","Raining","Dusk","No Injury Collision","","","Y","N","2","N","N","N","0","0"
"EE17656","11/6/2023 5:48:00 PM","Whatcom","Bellingham","State Road","State Patrol","I5                  ","IOWA ST             ","","253.500","N","N","Raining","Dusk","No Injury Collision","","","N","N","2","N","N","N","0","0"
"EE17571","11/7/2023 1:57:00 AM","Whatcom","Bellingham","State Road","State Patrol","I 5                 ","SAMISH WAY          ","","248.350","N","N","Raining","Dark-No Street Lights","No Injury Collision","","Concrete/Jersey Barrier","Y","N","1","N","N","N","0","0"
"EE18849","11/7/2023 7:57:00 AM","Whatcom","Bellingham","State Road","State Patrol","I 5                 ","SR 542              ","","255.360","N","N","Overcast","Daylight","No Injury Collision","","","Y","N","3","N","N","N","0","0"
"EE21419","11/7/2023 7:57:00 AM","Whatcom","Bellingham","State Road","State Patrol","I 5                 ","SUNSET DR           ","","255.360","N","N","Overcast","Daylight","Minor Injury Collision","","none","N","N","2","N","N","N","0","0"
"EE21419","11/7/2023 7:57:00 AM","Whatcom","Bellingham","State Road","State Patrol","I 5                 ","SUNSET DR           ","","255.360","N","N","Overcast","Daylight","Minor Injury Collision","","none","Y","N","2","N","N","N","0","0"
"EE18855","11/7/2023 8:24:00 AM","Whatcom","Bellingham","State Road","State Patrol","SR-548              ","I-5                 ","","1.000","N","Y","Overcast","Daylight","No Injury Collision","","","Y","N","2","N","N","N","0","0"
"EE18856","11/7/2023 11:25:00 AM","Whatcom","Bellingham","State Road","State Patrol","SR-542              ","SALMON RIDGE RD     ","","51.000","N","N","Overcast","Unknown","Fatal Collision","","MOUNTAINSIDE/TREE","Y","N","1","N","N","N","0","0"
"EE21417","11/7/2023 12:12:00 PM","Whatcom","Nooksack","State Road","State Patrol","SR 9                ","NELSON RD           ","","76.530","N","N","Overcast","Daylight","No Injury Collision","","none","N","Y","2","N","N","N","0","0"
"EE21417","11/7/2023 12:12:00 PM","Whatcom","Nooksack","State Road","State Patrol","SR 9                ","NELSON RD           ","","76.530","N","N","Overcast","Daylight","No Injury Collision","","none","Y","Y","2","N","N","N","0","0"
"EE21422","11/8/2023 6:02:00 AM","Whatcom","Ferndale","State Road","State Patrol","I 5                 ","PORTAL WAY          ","","264.000","N","N","Overcast","Dark - Unknown Lighting","No Injury Collision","","Deer","Y","N","1","N","N","N","0","0"
"EE21415","11/8/2023 7:56:00 AM","Whatcom","Blaine","State Road","State Patrol","I 5                 ","PEACE PORTAL DRIVE  ","","274.000","N","Y","Overcast","Daylight","Minor Injury Collision","","Guardrail","N","Y","2","N","N","N","0","0"
"EE21415","11/8/2023 7:56:00 AM","Whatcom","Blaine","State Road","State Patrol","I 5                 ","PEACE PORTAL DRIVE  ","","274.000","N","Y","Overcast","Daylight","Minor Injury Collision","","Guardrail","Y","Y","2","N","N","N","0","0"
"EE17949","11/8/2023 5:55:00 PM","Whatcom","Bellingham","State Road","State Patrol","I 5                 ","SR 539              ","","256.000","N","N","Overcast","Dark-Street Lights On","No Injury Collision","","","Y","N","2","N","N","N","0","0"