"Collision Report Number","Collision Date","County","City","Jurisdiction","Agency","Primary Trafficway","Secondary Trafficway","Block Number","Mile Post","School Zone","Intersection Related","Weather Condition","Lighting Condition","Injury Severity","Collision Type","Object Struck","Damage Threshold Met","Hit and Run","Motor Vehicles Involved","Passengers Involved","Commercial Carrier Involved","School Bus Involved","Pedestrians Involved","Pedalcyclists Involved"
"EE21414","11/9/2023 2:01:00 PM","Whatcom","Nooksack","State Road","State Patrol","SR 9                ","LINE RD             ","","86.080","N","N","Overcast","Daylight","No Injury Collision","","landscape","Y","N","2","N","Y","N","0","0"
"EE20051","11/9/2023 4:05:00 PM","Whatcom","Bellingham","State Road","State Patrol","I 5                 ","SR 539              ","","256.500","N","N","Raining","Daylight","Minor Injury Collision","","","Y","N","2","N","N","N","0","0"
"EE20052","11/9/2023 5:30:00 PM","Whatcom","Bellingham","State Road","State Patrol","I 5                 ","LAKEWAY DR          ","","252.800","N","N","Raining","Dark-Street Lights On","No Injury Collision","","","Y","N","2","N","N","N","0","0"
"EE21423","11/10/2023 2:29:00 PM","Whatcom","Bellingham","State Road","State Patrol","I 5                 ","SR 539              ","","255.400","N","N","Overcast","Daylight","No Injury Collision","","","Y","N","2","Y","N","N","0","0"
"EE21420","11/10/2023 3:06:00 PM","Whatcom","Bellingham","State Road","State Patrol","I 5                 ","ALGER RD            ","","241.930","N","N","Overcast","Daylight","No Injury Collision","","","Y","N","2","Y","N","N","0","0"
"EE20050","11/10/2023 11:21:00 PM","Whatcom","Bellingham","State Road","State Patrol","INTERSTATE 5        ","OLD FAIRHAVEN PKWY  ","","248.200","N","N","Severe Crosswind","Dark-No Street Lights","Minor Injury Collision","","","Y","N","2","N","Y","N","0","0"
"EE20050","11/10/2023 11:21:00 PM","Whatcom","Bellingham","State Road","State Patrol","INTERSTATE 5        ","OLD FAIRHAVEN PKWY  ","","248.200","N","N","Severe Crosswind","Dark-No Street Lights","Minor Injury Collision","","","N","N","2","N","Y","N","0","0"
"EE21412","11/11/2023 10:07:00 AM","Whatcom","Bellingham","State Road","State Patrol","SR 539              ","AXTON RD            ","","4.500","N","Y","Raining","Daylight","No Injury Collision","","","Y","N","2","N","N","N","0","0"
"EE21425","11/11/2023 12:14:00 PM","Whatcom","Bellingham","State Road","State Patrol","SR 542              ","HANNEGAN RD         ","","52.400","N","N","Snowing","Daylight","No Injury Collision","","Tree or Stump","Y","N","1","N","N","N","0","0"
"EE18932","11/11/2023 10:23:00 PM","Whatcom","Ferndale","State Road","State Patrol","I 5                 ","MAIN ST.            ","","262.050","N","N","Overcast","Dark-No Street Lights","No Injury Collision","","deer","Y","N","1","N","N","N","0","0"
"EE21416","11/13/2023 8:01:00 AM","Whatcom","Bellingham","State Road","State Patrol","I 5                 ","SUNSET              ","","254.900","N","N","Overcast","Daylight","Minor Injury Collision","","","Y","N","3","Y","N","N","0","0"
"EE21411","11/13/2023 8:40:00 AM","Whatcom","Bellingham","State Road","State Patrol","SR 539              ","HEMI ROAD           ","","5.000","N","N","Overcast","Daylight","Minor Injury Collision","","","Y","N","2","N","N","N","0","0"
"EE26833","11/13/2023 1:08:00 PM","Whatcom","Bellingham","State Road","State Patrol","I 5                 ","STATE ST            ","","253.590","N","N","Overcast","Daylight","No Injury Collision","","","Y","N","2","Y","N","N","0","0"
"EE21413","11/14/2023 7:08:00 AM","Whatcom","Lynden","State Road","State Patrol","SR 546              ","TRAPLINE RD         ","","5.800","N","N","Fog or Smog or Smoke","Daylight","Minor Injury Collision","","","Y","N","3","N","Y","N","0","0"
"EE21421","11/14/2023 7:50:00 AM","Whatcom","Bellingham","State Road","State Patrol","I 5                 ","SR 542              ","","255.250","N","N","Clear","Daylight","No Injury Collision","","","N","Y","2","N","N","N","0","0"
"EE21429","11/14/2023 9:00:00 AM","Whatcom","Blaine","State Road","State Patrol","SR 548              ","ARNIE RD            ","","8.120","N","N","Clear","Daylight","No Injury Collision","","Mailbox","Y","Y","1","N","N","N","0","0"
"EE21428","11/14/2023 1:53:00 PM","Whatcom","Ferndale","State Road","State Patrol","I 5                 ","MAIN ST             ","","262.420","N","N","Clear","Daylight","No Injury Collision","","cable barrier","Y","Y","1","N","N","N","0","0"
"EE19691","11/14/2023 6:01:00 PM","Whatcom","Bellingham","State Road","State Patrol","I 5                 ","SUNSET DR           ","","254.920","N","N","Overcast","Dark-No Street Lights","No Injury Collision","","","Y","Y","2","Y","N","N","0","0"
"EE19691","11/14/2023 6:01:00 PM","Whatcom","Bellingham","State Road","State Patrol","I 5                 ","SUNSET DR           ","","254.920","N","N","Overcast","Dark-No Street Lights","No Injury Collision","","","N","Y","2","Y","N","N","0","0"
"EE21430","11/15/2023 11:05:00 AM","Whatcom","Ferndale","State Road","State Patrol","SR 548              ","OLSON RD            ","","1.930","N","Y","Clear","Daylight","Minor Injury Collision","","","Y","N","2","N","Y","N","0","0"
"EE24732","11/15/2023 4:58:00 PM","Whatcom","Bellingham","State Road","State Patrol","INTERSTATE 5        ","IOWA STREET         ","","253.500","N","N","Clear","Dark-Street Lights On","No Injury Collision","","","Y","N","3","N","N","N","0","0"
"EE20142","11/15/2023 5:10:00 PM","Whatcom","Lynden","State Road","State Patrol","SR 546              ","DOUBLE DITCH RD     ","","0.600","N","N","Clear","Dusk","No Injury Collision","","","Y","N","2","N","N","N","0","0"
"EE21729","11/15/2023 6:00:00 PM","Whatcom","Bellingham","State Road","State Patrol","INTERSTATE 5        ","SAMISH WAY          ","","252.500","N","N","Clear","Dark-No Street Lights","Minor Injury Collision","","","Y","N","2","N","N","N","0","0"
"EE21729","11/15/2023 6:00:00 PM","Whatcom","Bellingham","State Road","State Patrol","INTERSTATE 5        ","SAMISH WAY          ","","252.500","N","N","Clear","Dark-No Street Lights","Minor Injury Collision","","","N","N","2","N","N","N","0","0"
"EE20239","11/16/2023 5:28:00 AM","Whatcom","Concrete","State Road","State Patrol","SR 20               ","WHATCOM COUNTY LINE ","","118.190","N","N","Overcast","Dark-No Street Lights","Minor Injury Collision","","Ditch","Y","N","1","N","N","N","0","0"
"EE21427","11/17/2023 3:04:00 PM","Whatcom","Bellingham","State Road","State Patrol","SR-539              ","SR-544              ","","7.000","N","N","Clear","Daylight","No Injury Collision","","","Y","N","2","N","N","N","0","0"
"EE21426","11/17/2023 3:24:00 PM","Whatcom","Bellingham","State Road","State Patrol","I 5                 ","IOWA ST             ","","253.540","N","N","Clear","Daylight","Serious Injury Collision","","","Y","N","4","N","N","N","0","0"
"EE21426","11/17/2023 3:24:00 PM","Whatcom","Bellingham","State Road","State Patrol","I 5                 ","IOWA ST             ","","253.540","N","N","Clear","Daylight","Serious Injury Collision","","","N","N","4","N","N","N","0","0"
"EE21431","11/17/2023 3:24:00 PM","Whatcom","Bellingham","State Road","State Patrol","I 5                 ","IOWA ST             ","","253.540","N","N","Clear","Daylight","Serious Injury Collision","","","Y","N","2","N","N","N","0","0"
"EE22582","11/17/2023 6:40:00 PM","Whatcom","Lynden","State Road","State Patrol","SR544               ","BLUMEFIELD RD       ","","0.700","N","N","Overcast","Dark-No Street Lights","No Injury Collision","","Mailbox","Y","N","2","Y","N","N","0","0"
"EE23412","11/19/2023 12:19:00 AM","Whatcom","Bellingham","State Road","State Patrol","I 5                 ","SAMISH WAY          ","","247.890","N","N","Raining","Dark-No Street Lights","No Injury Collision","","Guardrail","N","N","1","N","N","N","0","0"
"EE23412","11/19/2023 12:19:00 AM","Whatcom","Bellingham","State Road","State Patrol","I 5                 ","SAMISH WAY          ","","247.890","N","N","Raining","Dark-No Street Lights","No Injury Collision","","Guardrail","Y","N","1","N","N","N","0","0"
"EE26836","11/20/2023 12:03:00 PM","Whatcom","Bellingham","State Road","State Patrol","SR 539              ","SMITH RD            ","","3.490","N","N","Clear","Daylight","No Injury Collision","","","Y","N","2","Y","N","N","0","0"
"EE22550","11/20/2023 11:31:00 PM","Whatcom","Sumas","State Road","State Patrol","STATE ROUTE 542     ","CORNELL CREEK ROAD  ","","32.200","N","N","Clear","Dark-No Street Lights","Fatal Collision","","Earth Bank or Ledge","Y","N","1","N","N","N","0","0"
"EE23413","11/21/2023 5:05:00 PM","Whatcom","Bellingham","State Road","State Patrol","I 5                 ","IOWA                ","","253.500","N","N","Overcast","Dark-Street Lights On","No Injury Collision","","","Y","N","2","N","N","N","0","0"
"EE22551","11/21/2023 5:09:00 PM","Whatcom","Bellingham","State Road","State Patrol","I 5                 ","SR 539              ","","256.000","N","Y","Raining","Dark-Street Lights On","Minor Injury Collision","","","Y","N","4","N","N","N","0","0"
"EE33404","11/21/2023 7:35:00 PM","Whatcom","Blaine","State Road","State Patrol","I 5                 ","PEACE PORTAL DR     ","","273.800","N","N","Overcast","Dark-Street Lights On","Minor Injury Collision","","Guardrail","Y","N","7","N","Y","N","0","0"
"EE26830","11/22/2023 6:41:00 AM","Whatcom","Everson","State Road","State Patrol","SR 544              ","NOON RD             ","","3.900","N","N","Overcast","Dark-No Street Lights","No Injury Collision","","Ditch/Culvert","Y","N","1","N","N","N","0","0"
"EE26832","11/22/2023 2:36:00 PM","Whatcom","Bellingham","State Road","State Patrol","I-5                 ","SUNSET DR           ","","255.000","N","N","Clear","Daylight","No Injury Collision","","","Y","N","2","N","N","N","0","0"
"EE23414","11/22/2023 4:20:00 PM","Whatcom","Bellingham","State Road","State Patrol","I 5                 ","SR 11               ","","250.800","N","Y","Clear","Dusk","No Injury Collision","","Light pole","Y","N","2","Y","Y","N","0","0"
"EE26837","11/24/2023 2:30:00 PM","Whatcom","Bellingham","State Road","State Patrol","SR 542              ","TWIN LAKES RD       ","","45.410","N","N","Clear","Daylight","No Injury Collision","","ditch, debris","Y","N","1","Y","N","N","0","0"
"EE26835","11/25/2023 2:38:00 PM","Whatcom","Blaine","State Road","State Patrol","STATE ROUTE 548     ","FLEET ROAD          ","","9.700","N","N","Clear","Daylight","Minor Injury Collision","","Roadway Ditch","Y","N","1","N","N","N","0","0"
"EE26831","11/26/2023 8:06:00 AM","Whatcom","Blaine","State Road","State Patrol","I 5                 ","CUSTER SCHOOL ROAD  ","","268.900","N","N","Fog or Smog or Smoke","Daylight","No Injury Collision","","","Y","N","2","Y","N","N","0","0"
"EE26834","11/26/2023 8:06:00 AM","Whatcom","Ferndale","State Road","State Patrol","I-5                 ","SR-548              ","","265.000","N","N","Fog or Smog or Smoke","Daylight","No Injury Collision","","cable barrier","Y","N","1","N","N","N","0","0"
"EE26842","11/26/2023 1:26:00 PM","Whatcom","Bellingham","State Road","State Patrol","I-5                 ","N LAKE SAMISH RD    ","","247.000","N","N","Clear","Daylight","No Injury Collision","","","N","N","2","Y","N","N","0","0"
"EE26842","11/26/2023 1:26:00 PM","Whatcom","Bellingham","State Road","State Patrol","I-5                 ","N LAKE SAMISH RD    ","","247.000","N","N","Clear","Daylight","No Injury Collision","","","Y","N","2","Y","N","N","0","0"
"EE23507","11/26/2023 6:10:00 PM","Whatcom","Bellingham","State Road","State Patrol","I 5                 ","N LAKE SAMMISH      ","","246.000","N","Y","Overcast","Dark-No Street Lights","No Injury Collision","","","Y","N","2","N","N","N","0","0"
"EE23472","11/26/2023 6:15:00 PM","Whatcom","Bellingham","State Road","State Patrol","SR 539              ","TEN MILE RD         ","","6.000","N","Y","Fog or Smog or Smoke","Dark-Street Lights On","No Injury Collision","","","Y","N","2","Y","N","N","0","0"
"EE29151","11/28/2023 4:52:00 PM","Whatcom","Bellingham","State Road","State Patrol","I 5                 ","E SUNSET DR         ","","255.000","N","N","Clear","Dark-Street Lights On","No Injury Collision","","","Y","N","3","N","N","N","0","0"
"EE27339","11/29/2023 4:54:00 PM","Whatcom","Nooksack","State Road","State Patrol","SR 542              ","SR 9                ","","10.100","N","Y","Clear","Dark-Street Lights On","No Injury Collision","","","Y","N","2","N","N","N","0","0"
"EE29153","11/29/2023 5:30:00 PM","Whatcom","Bellingham","State Road","State Patrol","I 5                 ","LAKEWAY DRIVE       ","","253.200","N","N","Overcast","Dark-Street Lights On","No Injury Collision","","","Y","Y","2","N","N","N","0","0"
"EE29153","11/29/2023 5:30:00 PM","Whatcom","Bellingham","State Road","State Patrol","I 5                 ","LAKEWAY DRIVE       ","","253.200","N","N","Overcast","Dark-Street Lights On","No Injury Collision","","","N","Y","2","N","N","N","0","0"
"EE24726","11/29/2023 5:43:00 PM","Whatcom","Bellingham","State Road","State Patrol","SR 539              ","HEMMI RD            ","","5.500","N","Y","Clear","Dark-Street Lights On","No Injury Collision","","","N","N","2","N","N","N","0","0"
"EE24726","11/29/2023 5:43:00 PM","Whatcom","Bellingham","State Road","State Patrol","SR 539              ","HEMMI RD            ","","5.500","N","Y","Clear","Dark-Street Lights On","No Injury Collision","","","Y","N","2","N","N","N","0","0"
"EE29152","11/30/2023 3:21:00 AM","Whatcom","Lynden","State Road","State Patrol","SR 546              ","VAN  BUREN ROAD     ","","7.400","N","N","Clear","Dark-No Street Lights","No Injury Collision","","COW","Y","N","1","N","N","N","0","0"
"EE27462","11/30/2023 7:28:00 AM","Whatcom","Lynden","State Road","State Patrol","SR 546              ","BENSON RD           ","","1.000","N","Y","Overcast","Daylight","Minor Injury Collision","","","Y","N","2","N","N","N","0","0"
"EE26839","11/30/2023 1:03:00 PM","Whatcom","Bellingham","State Road","State Patrol","STATE ROUTE 539     ","KELLY ROAD          ","","2.500","N","N","Overcast","Daylight","Minor Injury Collision","","","Y","N","2","Y","N","N","0","0"
"EE26840","11/30/2023 1:03:00 PM","Whatcom","Bellingham","State Road","State Patrol","STATE ROUTE 539     ","KELLY ROAD          ","","2.500","N","N","Clear","Daylight","Minor Injury Collision","","","Y","N","3","N","N","N","0","0"
"EE26838","12/1/2023 10:48:00 AM","Whatcom","Everson","State Road","State Patrol","SR 544              ","GUIDE MERIDIAN      ","","1.500","N","N","Raining","Daylight","Minor Injury Collision","","","Y","N","2","N","N","N","0","0"
"EE26841","12/1/2023 4:02:00 PM","Whatcom","Bellingham","State Road","State Patrol","SR 539              ","HEMMI RD            ","","5.400","N","N","Overcast","Daylight","No Injury Collision","","","Y","N","2","N","N","N","0","0"
"EE29154","12/1/2023 10:01:00 PM","Whatcom","Bellingham","State Road","State Patrol","STATE ROUTE 542     ","BRITTON ROAD        ","","2.800","N","Y","Clear","Dark-Street Lights On","Unknown Injury Collision","","Metal Sign Post","N","Y","1","N","N","N","0","0"
"EE29177","12/1/2023 10:50:00 PM","Whatcom","Bellingham","State Road","State Patrol","I 5                 ","MERIDIAN ST         ","","256.600","N","N","Raining","Dark-Street Lights On","No Injury Collision","","cable barrier","Y","N","1","N","N","N","0","0"
"EE26843","12/2/2023 8:09:00 AM","Whatcom","Ferndale","State Road","State Patrol","I 5                 ","MAIN STREET         ","","261.900","N","N","Clear","Daylight","No Injury Collision","","Earth Bank or Ledge","Y","N","1","N","N","N","0","0"
"EE27463","12/2/2023 11:46:00 AM","Whatcom","Bellingham","State Road","State Patrol","I 5                 ","MERIDIAN            ","","255.770","N","N","Overcast","Daylight","No Injury Collision","","","Y","N","2","Y","N","N","0","0"
"EE26844","12/2/2023 1:25:00 PM","Whatcom","Bellingham","State Road","State Patrol","STATE ROUTE 11      ","LARABEE STATE PARK  ","","14.500","N","N","Clear","Daylight","No Injury Collision","","Rock Bank or Ledge","Y","N","1","N","N","N","0","0"
"EE29855","12/2/2023 8:43:00 PM","Whatcom","Bellingham","State Road","State Patrol","I 5                 ","SR-539              ","","256.200","N","N","Raining","Dark-Street Lights On","No Injury Collision","","DITCH","Y","Y","2","N","N","N","0","0"
"EE29175","12/3/2023 12:46:00 AM","Whatcom","Ferndale","State Road","State Patrol","INTERSTATE 5        ","GRANDVIEW ROAD      ","","264.700","N","N","Clear","Dark-No Street Lights","No Injury Collision","","CABLE BARRIER","Y","N","1","Y","N","N","0","0"
"EE26845","12/4/2023 11:28:00 AM","Whatcom","Bellingham","State Road","State Patrol","SR-539              ","AXTON RD            ","","4.000","N","N","Overcast","Daylight","Minor Injury Collision","","Fire Hydrant","Y","N","2","Y","N","N","0","0"
"EE26956","12/4/2023 5:42:00 PM","Whatcom","Bellingham","State Road","State Patrol","I5                  ","LAKEWAY DR          ","","252.800","N","N","Raining","Dark-Street Lights On","No Injury Collision","","","Y","N","2","Y","N","N","0","0"
"EE27340","12/4/2023 6:17:00 PM","Whatcom","Bellingham","State Road","State Patrol","I5                  ","SUNSET WAY          ","","255.300","N","N","Raining","Dark-Street Lights On","No Injury Collision","","","Y","N","2","N","N","N","0","0"
"EE27464","12/5/2023 9:52:00 AM","Whatcom","Bellingham","State Road","State Patrol","I-5                 ","OLD FAIRHAVEN PRKWY ","","250.000","N","N","Raining","Daylight","No Injury Collision","","DITCH/EMBANKMENT","Y","N","1","N","N","N","0","0"
"EE29687","12/5/2023 3:38:00 PM","Whatcom","Bellingham","State Road","State Patrol","SR 542              ","BRITTAIN RD         ","","3.200","N","N","Overcast","Dusk","No Injury Collision","","","Y","N","2","N","N","N","0","0"
"EE29178","12/5/2023 5:22:00 PM","Whatcom","Bellingham","State Road","State Patrol","SR 539              ","AXTON RD            ","","4.000","N","Y","Raining","Dark-Street Lights On","Minor Injury Collision","","","Y","N","3","N","N","N","0","0"
"EE29686","12/6/2023 8:10:00 AM","Whatcom","Bellingham","State Road","State Patrol","SR 539              ","AXTON               ","","4.400","N","N","Fog or Smog or Smoke","Daylight","No Injury Collision","","","Y","N","2","N","N","N","0","0"
"EE30315","12/6/2023 1:02:00 PM","Whatcom","Bellingham","State Road","State Patrol","I 5                 ","SUNSET              ","","254.610","N","N","Overcast","Daylight","Fatal Collision","","person","Y","N","4","Y","N","N","0","0"
"EE32983","12/6/2023 3:57:00 PM","Whatcom","Ferndale","State Road","State Patrol","I 5                 ","PORTAL WAY          ","","263.100","N","N","Overcast","Daylight","No Injury Collision","","","Y","N","4","N","N","N","0","0"
"EE32983","12/6/2023 3:57:00 PM","Whatcom","Ferndale","State Road","State Patrol","I 5                 ","PORTAL WAY          ","","263.100","N","N","Overcast","Daylight","No Injury Collision","","","N","N","4","N","N","N","0","0"
"EE29176","12/6/2023 5:18:00 PM","Whatcom","Bellingham","State Road","State Patrol","I 5                 ","SUNSET DRIVE        ","","255.480","N","N","Overcast","Dark-Street Lights On","Minor Injury Collision","","black berry bushes","Y","N","2","N","N","N","0","0"
"EE30316","12/7/2023 9:02:00 AM","Whatcom","Bellingham","State Road","State Patrol","I 5                 ","N. LAKE SAMISH      ","","244.980","N","N","Raining","Daylight","No Injury Collision","","","Y","N","2","N","N","N","0","0"
"EE29691","12/7/2023 10:29:00 AM","Whatcom","Bellingham","State Road","State Patrol","I 5                 ","N. LK SAMISH        ","","246.000","N","N","Raining","Daylight","No Injury Collision","","","Y","N","2","N","N","N","0","0"
"EE29689","12/7/2023 1:52:00 PM","Whatcom","Bellingham","State Road","State Patrol","I 5                 ","SUNSET DR           ","","254.600","N","N","Overcast","Daylight","Minor Injury Collision","","","Y","N","2","N","N","N","0","0"
"EE29690","12/7/2023 3:43:00 PM","Whatcom","Bellingham","State Road","State Patrol","I 5                 ","SUNSET DRIVE        ","","254.600","N","N","Overcast","Dusk","No Injury Collision","","","Y","N","2","N","N","N","0","0"
"EE32986","12/8/2023 6:47:00 AM","Whatcom","Bellingham","State Road","State Patrol","I 5                 ","MERIDIAN            ","","256.120","N","N","Overcast","Dark-Street Lights On","No Injury Collision","","","Y","N","2","N","N","N","0","0"
"EE29688","12/8/2023 10:09:00 AM","Whatcom","Bellingham","State Road","State Patrol","I 5                 ","E BAKERVIEW RD      ","","257.660","N","N","Overcast","Daylight","No Injury Collision","","","N","Y","3","Y","N","N","0","0"
"EE29688","12/8/2023 10:09:00 AM","Whatcom","Bellingham","State Road","State Patrol","I 5                 ","E BAKERVIEW RD      ","","257.660","N","N","Overcast","Daylight","No Injury Collision","","","Y","Y","3","Y","N","N","0","0"
"EE29179","12/8/2023 11:20:00 PM","Whatcom","Lynden","State Road","State Patrol","SR 539              ","WISER LAKE RD       ","","8.010","N","N","Raining","Dark-Street Lights On","Unknown Injury Collision","","Metal Sign Post","Y","Y","1","N","N","N","0","0"
"EE32987","12/9/2023 4:41:00 AM","Whatcom","Bellingham","State Road","State Patrol","I 5                 ","SR 11               ","","248.970","N","N","Overcast","Dark-No Street Lights","Minor Injury Collision","","ditch","Y","N","1","N","N","N","0","0"
"EE29692","12/9/2023 2:22:00 PM","Whatcom","Ferndale","State Road","State Patrol","I 5                 ","SR 548              ","","266.970","N","N","Snowing","Daylight","No Injury Collision","","ditch, small trees","Y","N","1","N","N","N","0","0"
"EE32984","12/10/2023 2:33:00 PM","Whatcom","Bellingham","State Road","State Patrol","I 5                 ","SR 11               ","","249.960","N","N","Raining","Daylight","No Injury Collision","","Guardrail","N","N","1","N","N","N","0","0"
"EE30774","12/10/2023 4:33:00 PM","Whatcom","Bellingham","State Road","State Patrol","INTERSTATE 5        ","IOWA STREET         ","","253.800","N","N","Overcast","Daylight","Unknown Injury Collision","","Guardrail","N","Y","1","N","N","N","0","0"
"EE30774","12/10/2023 4:33:00 PM","Whatcom","Bellingham","State Road","State Patrol","INTERSTATE 5        ","IOWA STREET         ","","253.800","N","N","Overcast","Daylight","Unknown Injury Collision","","Guardrail","Y","Y","1","N","N","N","0","0"
"EE30772","12/10/2023 4:52:00 PM","Whatcom","Ferndale","State Road","State Patrol","INTERSTATE 5        ","SMITH ROAD          ","","261.900","N","N","Overcast","Dark-No Street Lights","Minor Injury Collision","","","N","N","3","Y","N","N","0","0"
"EE30772","12/10/2023 4:52:00 PM","Whatcom","Ferndale","State Road","State Patrol","INTERSTATE 5        ","SMITH ROAD          ","","261.900","N","N","Overcast","Dark-No Street Lights","Minor Injury Collision","","","Y","N","3","Y","N","N","0","0"
"EE92720","12/10/2023 6:45:00 PM","Whatcom","Bellingham","State Road","State Patrol","SR 542              ","SR 9                ","","14.570","N","Y","Overcast","Dark-Street Lights On","Unknown Injury Collision","","Metal Sign Post","N","Y","1","N","N","N","0","0"
"EE92720","12/10/2023 6:45:00 PM","Whatcom","Bellingham","State Road","State Patrol","SR 542              ","SR 9                ","","14.570","N","Y","Overcast","Dark-Street Lights On","Unknown Injury Collision","","Metal Sign Post","Y","Y","1","N","N","N","0","0"
"EE32991","12/11/2023 8:15:00 AM","Whatcom","Bellingham","State Road","State Patrol","SR 539              ","SMITH RD            ","","3.490","N","N","Fog or Smog or Smoke","Daylight","No Injury Collision","","","Y","Y","2","N","N","N","0","0"
"EE29759","12/11/2023 11:55:00 AM","Whatcom","Bellingham","State Road","State Patrol","I 5                 ","BAKERVIEW RD        ","","258.000","N","N","Clear","Daylight","No Injury Collision","","","Y","N","2","Y","N","N","0","0"
"EE29759","12/11/2023 11:55:00 AM","Whatcom","Bellingham","State Road","State Patrol","I 5                 ","BAKERVIEW RD        ","","258.000","N","N","Clear","Daylight","No Injury Collision","","","N","N","2","Y","N","N","0","0"
"EE32989","12/11/2023 12:10:00 PM","Whatcom","Ferndale","State Road","State Patrol","I 5                 ","PORTAL WAY          ","","263.000","N","N","Clear","Daylight","No Injury Collision","","","N","N","2","Y","Y","N","0","0"
"EE32989","12/11/2023 12:10:00 PM","Whatcom","Ferndale","State Road","State Patrol","I 5                 ","PORTAL WAY          ","","263.000","N","N","Clear","Daylight","No Injury Collision","","","Y","N","2","Y","Y","N","0","0"
"EE29760","12/11/2023 4:47:00 PM","Whatcom","Ferndale","State Road","State Patrol","I 5                 ","MAIN ST             ","","262.670","N","N","Clear","Dark-No Street Lights","Minor Injury Collision","","","N","N","2","Y","Y","N","0","0"
"EE29760","12/11/2023 4:47:00 PM","Whatcom","Ferndale","State Road","State Patrol","I 5                 ","MAIN ST             ","","262.670","N","N","Clear","Dark-No Street Lights","Minor Injury Collision","","","Y","N","2","Y","Y","N","0","0"
"EE30275","12/12/2023 4:45:00 PM","Whatcom","Ferndale","State Road","State Patrol","I 5                 ","PORTAL WAY          ","","263.000","N","N","Overcast","Dark-Street Lights On","No Injury Collision","","","Y","N","2","N","N","N","0","0"
"EE30773","12/12/2023 4:54:00 PM","Whatcom","Ferndale","State Road","State Patrol","I 5                 ","PORTAL WAY          ","","263.360","N","N","Clear","Dark-Street Lights On","No Injury Collision","","","Y","N","2","Y","N","N","0","0"
"EE36652","12/13/2023 6:39:00 AM","Whatcom","Bellingham","State Road","State Patrol","SR 542              ","SR 9                ",".     ","","N","Y","Clear","Dark-Street Lights On","No Injury Collision","","2 DOT SIGNS","Y","N","1","N","N","N","0","0"
"EE32990","12/13/2023 7:36:00 AM","Whatcom","Bellingham","State Road","State Patrol","SR 542              ","FIRST ST            ","","13.480","N","N","Clear","Daylight","No Injury Collision","","tire","Y","N","2","N","Y","N","0","0"
"EE32988","12/14/2023 1:59:00 PM","Whatcom","Bellingham","State Road","State Patrol","SR 542              ","CEDARVILL ROAD      ","","9.800","N","N","Overcast","Daylight","No Injury Collision","","","Y","N","2","Y","N","N","0","0"
"EE30775","12/14/2023 5:19:00 PM","Whatcom","Bellingham","State Road","State Patrol","STATE ROUTE 9       ","STRAND ROAD         ","","74.900","N","N","Overcast","Dark-No Street Lights","No Injury Collision","","Utility Pole","Y","N","1","N","Y","N","0","0"
"EE30775","12/14/2023 5:19:00 PM","Whatcom","Bellingham","State Road","State Patrol","STATE ROUTE 9       ","STRAND ROAD         ","","74.900","N","N","Overcast","Dark-No Street Lights","No Injury Collision","","Utility Pole","N","N","1","N","Y","N","0","0"
"EE30776","12/14/2023 7:51:00 PM","Whatcom","Bellingham","State Road","State Patrol","SR 542              ","MARSHALL HILL RD.   ","","15.600","N","N","Clear","Dark-No Street Lights","Serious Injury Collision","","Tree or Stump","Y","N","1","Y","N","N","0","0"
"EE32985","12/15/2023 2:24:00 PM","Whatcom","Sumas","State Road","State Patrol","SR 9                ","NOOKSACK RD         ","","94.160","N","N","Clear","Daylight","No Injury Collision","","","Y","N","2","Y","Y","N","0","0"
"EE36752","12/15/2023 5:22:00 PM","Whatcom","Bellingham","State Road","State Patrol","STATE ROUTE 542     ","UPHILL DRIVE        ","","24.000","N","N","Overcast","Dark-No Street Lights","No Injury Collision","","GATE","Y","Y","1","N","N","N","0","0"
"EE33402","12/16/2023 1:31:00 AM","Whatcom","Blaine","State Road","State Patrol","I 5                 ","SR 543              ","","274.400","N","N","Raining","Dark-No Street Lights","No Injury Collision","","DEBRIS","Y","N","1","Y","N","N","0","0"
"EE32992","12/16/2023 11:51:00 AM","Whatcom","Bellingham","State Road","State Patrol","SR 542              ","KELLY RD            ","","8.060","N","N","Clear","Daylight","No Injury Collision","","","Y","N","3","Y","N","N","0","0"
"EE33401","12/18/2023 3:55:00 PM","Whatcom","Bellingham","State Road","State Patrol","INTERSTATE 5        ","IOWA STREET         ","","253.600","N","N","Raining","Dark-Street Lights On","No Injury Collision","","","Y","N","2","N","N","N","0","0"
"EE33405","12/18/2023 3:55:00 PM","Whatcom","Bellingham","State Road","State Patrol","I 5                 ","IOWA STREET         ","","253.600","N","N","Raining","Dark-Street Lights On","No Injury Collision","","","Y","N","2","N","N","N","0","0"
"EE33403","12/18/2023 4:03:00 PM","Whatcom","Bellingham","State Road","State Patrol","SR 539              ","LAUREL RD           ","","5.000","N","Y","Raining","Dusk","No Injury Collision","","","Y","Y","2","N","N","N","0","0"
"EE36749","12/18/2023 4:23:00 PM","Whatcom","Bellingham","State Road","State Patrol","I5                  ","LAKEWAY DR          ","","253.000","N","Y","Raining","Dark-Street Lights On","No Injury Collision","","","Y","N","2","N","Y","N","0","0"