"Collision Report Number","Collision Date","County","City","Jurisdiction","Agency","Primary Trafficway","Secondary Trafficway","Block Number","Mile Post","School Zone","Intersection Related","Weather Condition","Lighting Condition","Injury Severity","Collision Type","Object Struck","Damage Threshold Met","Hit and Run","Motor Vehicles Involved","Passengers Involved","Commercial Carrier Involved","School Bus Involved","Pedestrians Involved","Pedalcyclists Involved"
"EE36749","12/18/2023 4:23:00 PM","Whatcom","Bellingham","State Road","State Patrol","I5                  ","LAKEWAY DR          ","","253.000","N","Y","Raining","Dark-Street Lights On","No Injury Collision","","","N","N","2","N","Y","N","0","0"
"EE36756","12/18/2023 4:57:00 PM","Whatcom","Bellingham","State Road","State Patrol","I5                  ","LAKEWAY DR          ","","253.100","N","N","Raining","Dark-Street Lights On","No Injury Collision","","","Y","N","2","Y","Y","N","0","0"
"EE33408","12/18/2023 5:20:00 PM","Whatcom","Bellingham","State Road","State Patrol","SR 539              ","KELLY RD            ","","2.600","N","N","Raining","Dark-Street Lights On","No Injury Collision","","Deer","Y","N","1","N","N","N","0","0"
"EE33410","12/18/2023 8:21:00 PM","Whatcom","Lynden","State Road","State Patrol","SR 544              ","HANNEGAN RD         ","","2.000","N","Y","Raining","Dark-Street Lights On","Minor Injury Collision","","Gas Pump","Y","N","2","Y","Y","N","0","0"
"EE33407","12/18/2023 11:09:00 PM","Whatcom","Bellingham","State Road","State Patrol","I 5                 ","SR 539              ","","256.070","N","N","Raining","Dark-No Street Lights","No Injury Collision","","","Y","N","2","Y","N","N","0","0"
"EE42213","12/19/2023 12:29:00 PM","Whatcom","Bellingham","State Road","State Patrol","SR 542              ","SILVER LK RD        ","","27.000","N","N","Clear","Daylight","Serious Injury Collision","","Tree or Stump","Y","N","1","Y","N","N","0","0"
"EE36759","12/19/2023 5:28:00 PM","Whatcom","Bellingham","State Road","State Patrol","I5                  ","LAKEWAY DR          ","","253.100","N","Y","Raining","Dark-Street Lights On","No Injury Collision","","","Y","N","2","N","N","N","0","0"
"EE36759","12/19/2023 5:28:00 PM","Whatcom","Bellingham","State Road","State Patrol","I5                  ","LAKEWAY DR          ","","253.100","N","Y","Raining","Dark-Street Lights On","No Injury Collision","","","N","N","2","N","N","N","0","0"
"EE32995","12/21/2023 6:00:00 AM","Whatcom","Nooksack","State Road","State Patrol","SR 9                ","MOSQUITO LAKE ROAD  ","","72.000","N","N","Raining","Dark-No Street Lights","No Injury Collision","","ELK","Y","N","1","N","N","N","0","0"
"EE34430","12/22/2023 6:33:00 AM","Whatcom","Bellingham","State Road","State Patrol","I 5                 ","NORTHWEST           ","","256.980","N","Y","Raining","Dark-Street Lights On","Minor Injury Collision","","","N","N","1","N","N","N","1","0"
"EE34427","12/22/2023 8:16:00 AM","Whatcom","Bellingham","State Road","State Patrol","I 5                 ","SAMISH WAY          ","","252.480","N","N","Raining","Daylight","No Injury Collision","","cable barrier","Y","N","1","N","N","N","0","0"
"EE34428","12/22/2023 8:59:00 AM","Whatcom","Bellingham","State Road","State Patrol","I 5                 ","SAMISH WAY          ","","251.070","N","N","Raining","Daylight","No Injury Collision","","","Y","N","2","N","Y","N","0","0"
"EE34426","12/22/2023 9:28:00 AM","Whatcom","Bellingham","State Road","State Patrol","SR 542              ","FS RD #3075         ","","52.740","N","N","Raining","Daylight","No Injury Collision","","tree","Y","N","1","N","N","N","0","0"
"EE36650","12/22/2023 12:40:00 PM","Whatcom","Bellingham","State Road","State Patrol","SR 542              ","VAN WYCK RD         ","","3.950","N","N","Raining","Daylight","No Injury Collision","","","N","Y","3","N","N","N","0","0"
"EE36650","12/22/2023 12:40:00 PM","Whatcom","Bellingham","State Road","State Patrol","SR 542              ","VAN WYCK RD         ","","3.950","N","N","Raining","Daylight","No Injury Collision","","","Y","Y","3","N","N","N","0","0"
"EE34429","12/22/2023 1:40:00 PM","Whatcom","Bellingham","State Road","State Patrol","I 5                 ","MERIDIAN STREET     ","","256.000","N","Y","Clear","Daylight","No Injury Collision","","","Y","N","2","Y","N","N","0","0"
"EE38300","12/22/2023 4:20:00 PM","Whatcom","Bellingham","State Road","State Patrol","INTERSTATE 5        ","E SUNSET DRIVE      ","","255.400","N","N","Raining","Daylight","No Injury Collision","","","Y","N","2","Y","N","N","0","0"
"EE38300","12/22/2023 4:20:00 PM","Whatcom","Bellingham","State Road","State Patrol","INTERSTATE 5        ","E SUNSET DRIVE      ","","255.400","N","N","Raining","Daylight","No Injury Collision","","","N","N","2","Y","N","N","0","0"
"EE40021","12/22/2023 4:48:00 PM","Whatcom","Sumas","State Road","State Patrol","STATE ROUTE 542     ","STATE ROUTE 542     ","","54.000","N","Y","Snowing","Dark-No Street Lights","No Injury Collision","","Boulder","Y","N","1","N","N","N","0","0"
"EE36653","12/23/2023 10:09:00 AM","Whatcom","Bellingham","State Road","State Patrol","SR 542              ","ANDERSON CREEK RD   ","","47.000","N","N","Overcast","Daylight","No Injury Collision","","Earth Bank or Ledge","Y","N","1","Y","N","N","0","0"
"EE34431","12/24/2023 7:16:00 AM","Whatcom","Bellingham","State Road","State Patrol","I 5                 ","IOWA ST             ","","254.950","N","N","Clear","Dawn","No Injury Collision","","","Y","N","2","Y","N","N","0","0"
"EE36751","12/26/2023 12:30:00 AM","Whatcom","Bellingham","State Road","State Patrol","SR 11               ","YACHT CLUB RD       ","","16.900","N","N","Severe Crosswind","Dark-No Street Lights","No Injury Collision","","Tree or Stump","Y","N","1","N","N","N","0","0"
"EE36654","12/27/2023 9:47:00 AM","Whatcom","Bellingham","State Road","State Patrol","I 5                 ","LAKEWAY DRIVE       ","","252.900","N","N","Clear","Daylight","No Injury Collision","","CABLE BARRIER","Y","N","2","Y","Y","N","0","0"
"EE36651","12/27/2023 12:15:00 PM","Whatcom","Bellingham","State Road","State Patrol","I 5                 ","LAKEWAY DRIVE       ","","253.000","N","N","Overcast","Daylight","No Injury Collision","","","Y","N","3","N","N","N","0","0"
"EE36760","12/27/2023 4:43:00 PM","Whatcom","Bellingham","State Road","State Patrol","SR 542              ","SAND RD             ","","7.100","N","N","Clear","Dark-Street Lights On","Minor Injury Collision","","Deer","Y","N","1","N","N","N","0","0"
"EE36655","12/28/2023 10:55:00 AM","Whatcom","Bellingham","State Road","State Patrol","I 5                 ","LAKEWAY             ","","252.500","N","N","Overcast","Daylight","No Injury Collision","","","Y","N","2","N","N","N","0","0"
"EE36659","12/28/2023 11:37:00 AM","Whatcom","Lynden","State Road","State Patrol","SR 546              ","BENSON RD           ","","1.000","N","Y","Raining","Daylight","No Injury Collision","","yard","Y","N","3","Y","N","N","0","0"
"EE36657","12/28/2023 2:08:00 PM","Whatcom","Lynden","State Road","State Patrol","SR 546              ","BENSON RD           ","","0.800","N","N","Overcast","Daylight","No Injury Collision","","","Y","N","2","N","N","N","0","0"
"EE36657","12/28/2023 2:08:00 PM","Whatcom","Lynden","State Road","State Patrol","SR 546              ","BENSON RD           ","","0.800","N","N","Overcast","Daylight","No Injury Collision","","","N","N","2","N","N","N","0","0"
"EE36762","12/28/2023 5:59:00 PM","Whatcom","Ferndale","State Road","State Patrol","INTERSTATE 5        ","MAIN STREET         ","","262.600","N","Y","Overcast","Dark-Street Lights On","No Injury Collision","","","Y","N","2","Y","N","N","0","0"
"EE36762","12/28/2023 5:59:00 PM","Whatcom","Ferndale","State Road","State Patrol","INTERSTATE 5        ","MAIN STREET         ","","262.600","N","Y","Overcast","Dark-Street Lights On","No Injury Collision","","","N","N","2","Y","N","N","0","0"
"EE36758","12/28/2023 10:36:00 PM","Whatcom","Bellingham","State Road","State Patrol","I 5                 ","IOWA ST             ","","253.790","N","N","Overcast","Dark-Street Lights On","No Injury Collision","","Concrete/Jersey Barrier","Y","N","2","N","N","N","0","0"
"EE36658","12/29/2023 12:24:00 PM","Whatcom","Everson","State Road","State Patrol","SR 544              ","HANNEGAN RD         ","","1.970","N","Y","Clear","Daylight","No Injury Collision","","","Y","N","2","Y","N","N","0","0"
"EE36753","12/29/2023 4:01:00 PM","Whatcom","Bellingham","State Road","State Patrol","INTERSTATE 5        ","LAKEWAY DRIVE       ","","253.280","N","N","Overcast","Daylight","No Injury Collision","","","N","N","2","Y","N","N","0","0"
"EE36753","12/29/2023 4:01:00 PM","Whatcom","Bellingham","State Road","State Patrol","INTERSTATE 5        ","LAKEWAY DRIVE       ","","253.280","N","N","Overcast","Daylight","No Injury Collision","","","Y","N","2","Y","N","N","0","0"
"EE36761","12/29/2023 4:51:00 PM","Whatcom","Blaine","State Road","State Patrol","INTERSTATE 5        ","LOOMIS TRAIL ROAD   ","","271.600","N","N","Overcast","Dark-No Street Lights","No Injury Collision","","Guardrail","N","N","2","N","Y","N","0","0"
"EE36761","12/29/2023 4:51:00 PM","Whatcom","Blaine","State Road","State Patrol","INTERSTATE 5        ","LOOMIS TRAIL ROAD   ","","271.600","N","N","Overcast","Dark-No Street Lights","No Injury Collision","","Guardrail","Y","N","2","N","Y","N","0","0"
"EE36656","12/30/2023 9:17:00 AM","Whatcom","Bellingham","State Road","State Patrol","I 5                 ","BAKERVIEW           ","","258.540","N","N","Overcast","Daylight","No Injury Collision","","","Y","Y","2","N","N","N","0","0"
"EE38301","12/30/2023 11:28:00 PM","Whatcom","Bellingham","State Road","State Patrol","INTERSTATE 5        ","OHIO STREET         ","","253.800","N","N","Raining","Dark-Street Lights On","No Injury Collision","","Metal Sign Post","Y","N","1","N","N","N","0","0"
"EE36750","12/31/2023 5:26:00 PM","Whatcom","Bellingham","State Road","State Patrol","INTERSTATE 5        ","IOWA STREET         ","","253.600","N","N","Overcast","Dark-Street Lights On","No Injury Collision","","wheel","Y","N","1","Y","N","N","0","0"
"EE39806","1/1/2024 8:07:00 AM","Whatcom","Nooksack","State Road","State Patrol","SR 9                ","RUTSATZ RD          ","","78.700","N","N","Overcast","Daylight","No Injury Collision","","tree","Y","N","1","N","N","N","0","0"
"EE36660","1/1/2024 9:42:00 AM","Whatcom","Bellingham","State Road","State Patrol","STATE ROUTE 542     ","TWIN LAKES ROAD     ","","42.000","N","N","Clear","Daylight","No Injury Collision","","Earth Bank or Ledge","Y","N","1","Y","N","N","0","0"
"EE36754","1/1/2024 3:58:00 PM","Whatcom","Ferndale","State Road","State Patrol","I5                  ","PORTAL WAY          ","","263.300","N","N","Clear","Dusk","Minor Injury Collision","","","Y","N","2","N","N","N","0","0"
"EE40689","1/2/2024 5:26:00 PM","Whatcom","Bellingham","State Road","State Patrol","I 5                 ","SUNSET              ","","255.120","N","N","Raining","Dark-Street Lights On","No Injury Collision","","","Y","N","2","N","N","N","0","0"
"EE36763","1/2/2024 5:54:00 PM","Whatcom","Ferndale","State Road","State Patrol","SLATER RD           ","I 5                 ","1100  ","","N","Y","Raining","Dark-Street Lights On","No Injury Collision","","","Y","N","2","N","N","N","0","0"
"EE39807","1/3/2024 3:27:00 PM","Whatcom","Lynden","State Road","State Patrol","SR 539              ","RIVER RD            ","","8.440","N","N","Overcast","Dusk","No Injury Collision","","Guardrail","Y","N","2","N","N","N","0","0"
"EE38324","1/3/2024 5:26:00 PM","Whatcom","Bellingham","State Road","State Patrol","I 5                 ","BAKERVIEW           ","","258.430","N","N","Raining","Dark-No Street Lights","No Injury Collision","","","Y","N","2","N","N","N","0","0"
"EE39813","1/4/2024 10:54:00 AM","Whatcom","Bellingham","State Road","State Patrol","SR 539              ","LARSEN RD           ","","3.200","N","N","Overcast","Daylight","Serious Injury Collision","","Earth Bank or Ledge","Y","N","1","N","N","N","0","0"
"EE38325","1/4/2024 5:16:00 PM","Whatcom","Bellingham","State Road","State Patrol","I 5                 ","SR 539              ","","256.000","N","N","Clear","Dark-No Street Lights","No Injury Collision","","Concrete/Jersey Barrier","Y","N","2","N","N","N","0","0"
"EE38328","1/4/2024 6:05:00 PM","Whatcom","Bellingham","State Road","State Patrol","I 5                 ","STATE ST            ","","253.890","N","N","Overcast","Dark-Street Lights On","No Injury Collision","","","Y","N","3","Y","N","N","0","0"
"EE38327","1/5/2024 5:37:00 PM","Whatcom","Ferndale","State Road","State Patrol","I 5                 ","SLATER RD           ","","259.850","N","N","Overcast","Dark-No Street Lights","No Injury Collision","","","Y","Y","2","N","N","N","0","0"
"EE38327","1/5/2024 5:37:00 PM","Whatcom","Ferndale","State Road","State Patrol","I 5                 ","SLATER RD           ","","259.850","N","N","Overcast","Dark-No Street Lights","No Injury Collision","","","N","Y","2","N","N","N","0","0"
"EE39808","1/6/2024 9:54:00 AM","Whatcom","Bellingham","State Road","State Patrol","SR 542              ","SALMON RIDGE RD     ","","50.900","N","N","Snowing","Daylight","Minor Injury Collision","","BAMBOO STICK / EMBANKMENT","Y","N","1","N","N","N","0","0"
"EE38326","1/6/2024 6:20:00 PM","Whatcom","Bellingham","State Road","State Patrol","STATE ROUTE 11      ","COVE ROAD           ","","14.000","N","N","Overcast","Dark-No Street Lights","Minor Injury Collision","","Wood Sign Post","N","N","1","N","N","N","0","0"
"EE38326","1/6/2024 6:20:00 PM","Whatcom","Bellingham","State Road","State Patrol","STATE ROUTE 11      ","COVE ROAD           ","","14.000","N","N","Overcast","Dark-No Street Lights","Minor Injury Collision","","Wood Sign Post","Y","N","1","N","N","N","0","0"
"EE38329","1/6/2024 11:50:00 PM","Whatcom","Bellingham","State Road","State Patrol","INTERSTATE 5        ","STATE ROUTE 539     ","","256.400","N","N","Clear","Dark-No Street Lights","Unknown Injury Collision","","Fence","Y","Y","1","N","N","N","0","0"
"EE38330","1/7/2024 1:40:00 AM","Whatcom","Bellingham","State Road","State Patrol","SR 11               ","FRAGRENCE LAKE TRAIL","","14.320","N","Y","Overcast","Dark-Street Lights On","No Injury Collision","","","Y","Y","2","N","N","N","0","0"
"EE40024","1/7/2024 5:17:00 AM","Whatcom","Sedro-Woolley","State Road","State Patrol","SR 20               ","MILEPOST 132        ","","131.300","N","N","Clear","Dark-No Street Lights","Unknown Injury Collision","","Rock Bank or Ledge","Y","N","1","N","N","N","0","0"
"EE39814","1/8/2024 3:44:00 PM","Whatcom","Bellingham","State Road","State Patrol","I 5                 ","IOWA ST             ","","253.820","N","N","Raining","Daylight","No Injury Collision","","","Y","N","3","Y","N","N","0","0"
"EE41227","1/8/2024 4:34:00 PM","Whatcom","Bellingham","State Road","State Patrol","I5                  ","SUNSET DR           ","","255.400","N","N","Raining","Dark-Street Lights On","Minor Injury Collision","","Bridge Rail","Y","N","7","Y","Y","N","0","0"
"EE40688","1/8/2024 9:08:00 PM","Whatcom","Bellingham","State Road","State Patrol","I 5                 ","N LAKE SAMISH DR    ","","247.200","N","N","Raining","Dark-No Street Lights","No Injury Collision","","Guardrail","Y","N","2","N","N","N","0","0"
"EE39812","1/9/2024 6:34:00 AM","Whatcom","Bellingham","State Road","State Patrol","STATE ROUTE 539     ","KELLY ROAD          ","","2.400","N","Y","Raining","Dark - Unknown Lighting","Minor Injury Collision","","","Y","N","2","Y","N","N","0","0"
"EE44079","1/9/2024 8:55:00 AM","Whatcom","Bellingham","State Road","State Patrol","STATE ROUTE 542     ","ANDERSON CREEK ROAD ","","49.000","N","N","Snowing","Daylight","No Injury Collision","","","Y","N","2","Y","Y","N","0","0"
"EE39810","1/9/2024 3:56:00 PM","Whatcom","Lynden","State Road","State Patrol","SR 539              ","W. POLE RD          ","","7.510","N","Y","Overcast","Daylight","No Injury Collision","","","Y","N","2","N","N","N","0","0"
"EE39810","1/9/2024 3:56:00 PM","Whatcom","Lynden","State Road","State Patrol","SR 539              ","W. POLE RD          ","","7.510","N","Y","Overcast","Daylight","No Injury Collision","","","N","N","2","N","N","N","0","0"
"EE41107","1/10/2024 7:00:00 AM","Whatcom","Bellingham","State Road","State Patrol","SR 542              ","SR 9                ","","14.570","N","Y","Raining","Dark-No Street Lights","No Injury Collision","","","Y","N","2","N","N","N","0","0"
"EE41107","1/10/2024 7:00:00 AM","Whatcom","Bellingham","State Road","State Patrol","SR 542              ","SR 9                ","","14.570","N","Y","Raining","Dark-No Street Lights","No Injury Collision","","","N","N","2","N","N","N","0","0"
"EE43428","1/10/2024 3:45:00 PM","Whatcom","Bellingham","State Road","State Patrol","I 5                 ","SUNSET DR           ","","255.000","N","N","Raining","Daylight","No Injury Collision","","","Y","Y","2","Y","Y","Y","0","0"
"EE41108","1/10/2024 4:04:00 PM","Whatcom","Bellingham","State Road","State Patrol","I 5                 ","SUNSET DRIVE        ","","255.000","N","N","Raining","Daylight","No Injury Collision","","cable barrier","Y","N","1","Y","N","N","0","0"
"EE47976","1/11/2024 12:07:00 PM","Whatcom","Blaine","State Road","State Patrol","I-5                 ","BIRCH BAY LYNDEN RD ","","270.000","N","Y","Sleet or Hail or Freezing Rain","Daylight","No Injury Collision","","","Y","N","2","N","N","N","0","0"
"EE41106","1/12/2024 2:19:00 PM","Whatcom","Bellingham","State Road","State Patrol","SR 542              ","SMITH RD            ","","8.810","N","N","Clear","Daylight","Minor Injury Collision","","","Y","N","2","Y","N","N","0","0"
"EE40020","1/12/2024 8:06:00 PM","Whatcom","Bellingham","State Road","State Patrol","SR 11               ","COVE RD             ","","14.700","N","N","Clear","Dark-No Street Lights","No Injury Collision","","Rock Bank or Ledge","Y","N","1","Y","N","N","0","0"
"EE40023","1/12/2024 8:31:00 PM","Whatcom","Nooksack","State Road","State Patrol","SR 9                ","PARK RD             ","","68.310","N","N","Clear","Dark-No Street Lights","Serious Injury Collision","","","Y","N","3","N","N","N","0","0"
"EE40690","1/13/2024 4:30:00 PM","Whatcom","Sedro-Woolley","State Road","State Patrol","SR 9                ","DORAN RD            ","","69.500","N","N","Clear","Dusk","No Injury Collision","","Ditch","Y","N","1","Y","N","N","0","0"
"EE41110","1/14/2024 3:03:00 PM","Whatcom","Gold Bar","State Road","State Patrol","SR 2                ","TYE ROAD            ","","62.000","N","N","Clear","Daylight","Minor Injury Collision","","Concrete/Jersey Barrier","Y","N","2","Y","N","N","0","0"
"EE47974","1/14/2024 6:27:00 PM","Whatcom","Bellingham","State Road","State Patrol","SR-542              ","WATER ST            ","","13.670","N","N","Clear","Dark-Street Lights On","No Injury Collision","","Roadway Ditch","Y","N","1","Y","N","N","0","0"
"EE44078","1/14/2024 9:06:00 PM","Whatcom","Bellingham","State Road","State Patrol","SR 542              ","GLACIER SPRINGS DR  ","","30.000","N","N","Clear","Dark-No Street Lights","Unknown Injury Collision","","Earth Bank or Ledge","Y","N","1","N","N","N","0","0"
"EE41111","1/15/2024 11:48:00 PM","Whatcom","Bellingham","State Road","State Patrol","SR 542              ","MOSQUITO LAKE RD    ","","16.850","N","N","Clear","Dark-Street Lights On","No Injury Collision","","pole","Y","N","1","N","N","N","0","0"
"EE41228","1/17/2024 6:00:00 AM","Whatcom","Bellingham","State Road","State Patrol","I 5                 ","SUNSET DR           ","","255.120","N","N","Snowing","Dark-No Street Lights","No Injury Collision","","","Y","N","1","N","N","N","0","0"
"EE43479","1/17/2024 7:26:00 AM","Whatcom","Bellingham","State Road","State Patrol","INTERSTATE 5        ","N LAKE SAMISH       ","","245.900","N","N","Snowing","Dawn","Minor Injury Collision","","","Y","N","2","N","N","N","0","0"
"EE47972","1/17/2024 7:49:00 AM","Whatcom","Bellingham","State Road","State Patrol","STATE ROUTE 542     ","SQUALCUM LAKE RD    ","2690  ","","N","N","Clear","Daylight","No Injury Collision","","","Y","Y","2","N","N","N","0","0"
"EE44077","1/17/2024 8:21:00 AM","Whatcom","Bellingham","State Road","State Patrol","I 5                 ","NORTH LAKE SAMISH   ","","247.700","N","N","Snowing","Daylight","No Injury Collision","","Guardrail","Y","N","1","N","N","N","0","0"
"EE45332","1/17/2024 8:23:00 AM","Whatcom","Bellingham","State Road","State Patrol","I 5                 ","NULLE ROAD          ","","243.000","N","N","Clear","Daylight","No Injury Collision","","Guardrail","Y","N","1","N","N","N","0","0"
"EE43480","1/17/2024 9:55:00 AM","Whatcom","Bellingham","State Road","State Patrol","I 5                 ","SUNSET DR           ","","255.600","N","N","Snowing","Daylight","No Injury Collision","","","Y","Y","2","N","N","N","0","0"
"EE44577","1/17/2024 11:57:00 AM","Whatcom","Bellingham","State Road","State Patrol","INTERSTATE 5        ","OLD FAIRHAVEN PKWY  ","","249.600","N","N","Snowing","Daylight","No Injury Collision","","Roadway Ditch","Y","N","1","Y","N","N","0","0"
"EE45333","1/17/2024 12:23:00 PM","Whatcom","Bellingham","State Road","State Patrol","I 5                 ","SOUTH LAKE SAMISH   ","","246.000","N","N","Snowing","Daylight","No Injury Collision","","","Y","N","2","N","N","N","0","0"
"EE44080","1/17/2024 12:42:00 PM","Whatcom","Bellingham","State Road","State Patrol","I5                  ","BAKERVIEW           ","","257.000","N","N","Clear","Daylight","No Injury Collision","","","Y","N","2","N","N","N","0","0"
"EE43481","1/17/2024 1:19:00 PM","Whatcom","Bellingham","State Road","State Patrol","INTERSTATE 5        ","OLD FAIRHAVEN PKWY  ","","251.100","N","N","Snowing","Daylight","No Injury Collision","","CABLE BARRIER","Y","N","1","Y","N","N","0","0"
"EE43482","1/17/2024 1:41:00 PM","Whatcom","Bellingham","State Road","State Patrol","I 5                 ","SAMISH WAY          ","","246.000","N","N","Snowing","Daylight","No Injury Collision","","","Y","N","3","N","N","N","0","0"
"EE43483","1/17/2024 3:00:00 PM","Whatcom","Ferndale","State Road","State Patrol","INTERSTATE 5        ","CUSTER SCHOOL ROAD  ","","268.700","N","N","Snowing","Daylight","No Injury Collision","","Guardrail","Y","N","1","N","N","N","0","0"
"EE43430","1/18/2024 2:54:00 PM","Whatcom","Bellingham","State Road","State Patrol","I 5                 ","SUNSET DRIVE        ","","255.120","N","N","Sleet or Hail or Freezing Rain","Daylight","No Injury Collision","","","Y","N","1","N","N","N","0","0"
"EE44081","1/18/2024 4:19:00 PM","Whatcom","Bellingham","State Road","State Patrol","I 5                 ","NORTHWEST AVE       ","","257.120","N","N","Sleet or Hail or Freezing Rain","Daylight","No Injury Collision","","cable barrier","Y","N","1","N","N","N","0","0"
"EE44087","1/18/2024 5:32:00 PM","Whatcom","Bellingham","State Road","State Patrol","I 5                 ","SUNSET DR           ","","255.000","N","N","Snowing","Dark-Street Lights On","No Injury Collision","","cable barrier","Y","N","2","N","N","N","0","0"
"EE43614","1/18/2024 6:29:00 PM","Whatcom","Lynden","State Road","State Patrol","SR 539              ","SR 544              ","","7.470","N","N","Snowing","Dark-No Street Lights","No Injury Collision","","","N","N","2","Y","N","N","0","0"
"EE43614","1/18/2024 6:29:00 PM","Whatcom","Lynden","State Road","State Patrol","SR 539              ","SR 544              ","","7.470","N","N","Snowing","Dark-No Street Lights","No Injury Collision","","","Y","N","2","Y","N","N","0","0"
"EE44086","1/19/2024 2:55:00 AM","Whatcom","Ferndale","State Road","State Patrol","I 5                 ","GRAND VIEW ROAD     ","","266.000","N","N","Snowing","Dark-No Street Lights","No Injury Collision","","Guardrail","Y","N","1","N","N","N","0","0"
"EE43431","1/19/2024 4:00:00 AM","Whatcom","Ferndale","State Road","State Patrol","I 5                 ","PORTAL WAY          ","","263.600","N","N","Raining","Dark-No Street Lights","No Injury Collision","","cable barrier","Y","N","1","N","N","N","0","0"
"EE44083","1/19/2024 11:44:00 PM","Whatcom","Bellingham","State Road","State Patrol","SR 542              ","Y RD                ","","6.100","N","N","Overcast","Dark-No Street Lights","Minor Injury Collision","","Ditch","Y","N","1","N","N","N","0","0"
"EE44084","1/20/2024 12:44:00 AM","Whatcom","Everson","State Road","State Patrol","SR 544              ","NOON RD             ","","4.010","N","N","Clear","Dark-No Street Lights","No Injury Collision","","ditch","Y","N","1","N","N","N","0","0"
"EE45040","1/20/2024 7:57:00 AM","Whatcom","Bellingham","State Road","State Patrol","INTERSTATE 5        ","STATE ROUTE 539     ","","255.700","N","N","Overcast","Daylight","No Injury Collision","","Guardrail","Y","N","1","Y","N","N","0","0"
"EE43503","1/21/2024 12:25:00 PM","Whatcom","Everson","State Road","State Patrol","SR 544              ","SHARP LN            ","","1.430","N","Y","Raining","Daylight","No Injury Collision","","","Y","N","2","N","N","N","0","0"
"EE43484","1/21/2024 1:40:00 PM","Whatcom","Ferndale","State Road","State Patrol","I 5                 ","MAIN ST             ","","262.100","N","N","Overcast","Daylight","No Injury Collision","","","Y","Y","2","Y","N","N","0","0"
"EE44085","1/21/2024 11:24:00 PM","Whatcom","Lynden","State Road","State Patrol","SR 546              ","VINUP RD            ","","2.530","N","Y","Raining","Dark-Street Lights On","No Injury Collision","","","Y","Y","2","Y","N","N","0","0"
"EE43432","1/22/2024 2:51:00 PM","Whatcom","Bellingham","State Road","State Patrol","I 5                 ","N LAKE SAMMISH      ","","252.110","N","N","Raining","Daylight","Minor Injury Collision","","Guardrail","Y","N","1","N","N","N","0","0"
"EE44082","1/22/2024 4:45:00 PM","Whatcom","Bellingham","State Road","State Patrol","I-5                 ","SR 11               ","","249.000","N","N","Raining","Dusk","No Injury Collision","","Earth Bank or Ledge","Y","N","2","N","N","N","0","0"
"EE44088","1/22/2024 8:23:00 PM","Whatcom","Nooksack","State Road","State Patrol","SR 9                ","MALENG RD           ","","70.700","N","N","Overcast","Dark-No Street Lights","Minor Injury Collision","","ditch","Y","N","1","N","N","N","0","0"
"EE47849","1/23/2024 7:30:00 AM","Whatcom","Bellingham","State Road","State Patrol","SR 542              ","NOON RD             ","","3.200","N","N","Raining","Dark-No Street Lights","Serious Injury Collision","","","Y","N","3","N","N","N","0","0"
"EE43859","1/23/2024 11:29:00 AM","Whatcom","Bellingham","State Road","State Patrol","I 5                 ","SAMMISH WAY         ","","251.420","N","N","Overcast","Daylight","No Injury Collision","","","Y","N","3","N","N","N","0","0"
"EE46293","1/23/2024 11:35:00 AM","Whatcom","Bellingham","State Road","State Patrol","I 5                 ","SAMISH WAY          ","","251.500","N","N","Overcast","Daylight","Minor Injury Collision","","","N","N","2","N","Y","N","0","0"
"EE46293","1/23/2024 11:35:00 AM","Whatcom","Bellingham","State Road","State Patrol","I 5                 ","SAMISH WAY          ","","251.500","N","N","Overcast","Daylight","Minor Injury Collision","","","Y","N","2","N","Y","N","0","0"
"EE45462","1/23/2024 11:00:00 PM","Whatcom","Blaine","State Road","State Patrol","I 5                 ","MARINE DRIVE        ","","276.000","N","N","Overcast","Dark-Street Lights On","Minor Injury Collision","","Guardrail","Y","N","1","N","N","N","0","0"
"EE51037","1/24/2024 9:27:00 AM","Whatcom","Bellingham","State Road","State Patrol","I 5                 ","LAKE SAMISH         ","","246.040","N","N","Raining","Daylight","Minor Injury Collision","","","Y","N","1","N","N","N","0","0"
"EE47975","1/24/2024 5:25:00 PM","Whatcom","Bellingham","State Road","State Patrol","SR 539              ","SMITH RD            ","","3.500","N","N","Raining","Dark-No Street Lights","Minor Injury Collision","","","Y","N","3","N","N","N","0","0"
"EE48814","1/25/2024 5:05:00 PM","Whatcom","Ferndale","State Road","State Patrol","N I-5               ","PORTAL WAY          ","","263.100","N","N","Clear","Daylight","No Injury Collision","","","Y","N","2","Y","N","N","0","0"
"EE48816","1/25/2024 5:05:00 PM","Whatcom","Bellingham","State Road","State Patrol","N I 5               ","PORTAL WAY          ","","263.000","N","N","Clear","Daylight","No Injury Collision","","","Y","N","2","Y","Y","N","0","0"
"EE48817","1/25/2024 5:28:00 PM","Whatcom","Bellingham","State Road","State Patrol","I 5                 ","NORTH OF SLATER     ","","259.000","N","N","Overcast","Dark-No Street Lights","Minor Injury Collision","","","Y","N","3","N","N","N","0","0"
"EE45278","1/25/2024 5:41:00 PM","Whatcom","Ferndale","State Road","State Patrol","I5                  ","SMITH RD            ","","261.900","N","N","Overcast","Dark-No Street Lights","Minor Injury Collision","","","N","N","2","N","N","N","0","0"
"EE48815","1/25/2024 6:32:00 PM","Whatcom","Ferndale","State Road","State Patrol","I 5                 ","MAIN ST             ","","262.000","N","N","Overcast","Dark-No Street Lights","No Injury Collision","","","Y","N","2","Y","N","N","0","0"