"Collision Report Number","Collision Date","County","City","Jurisdiction","Agency","Primary Trafficway","Secondary Trafficway","Block Number","Mile Post","School Zone","Intersection Related","Weather Condition","Lighting Condition","Injury Severity","Collision Type","Object Struck","Damage Threshold Met","Hit and Run","Motor Vehicles Involved","Passengers Involved","Commercial Carrier Involved","School Bus Involved","Pedestrians Involved","Pedalcyclists Involved"
"EE46294","1/26/2024 2:52:00 PM","Whatcom","Bellingham","State Road","State Patrol","STATE ROUTE 542     ","EVERSON-GOSHEN ROAD ","","4.200","N","N","Overcast","Daylight","No Injury Collision","","Culvert","N","N","1","N","N","N","0","0"
"EE47973","1/26/2024 5:17:00 PM","Whatcom","Bellingham","State Road","State Patrol","I 5                 ","SR 542              ","","255.100","N","N","Raining","Dusk","No Injury Collision","","","Y","N","3","N","N","N","0","0"
"EE48812","1/26/2024 5:53:00 PM","Whatcom","Bellingham","State Road","State Patrol","N I-5               ","BAKERVIEW           ","","258.800","N","N","Raining","Dark-No Street Lights","No Injury Collision","","Guardrail","Y","N","2","N","N","N","0","0"
"EE47977","1/26/2024 8:15:00 PM","Whatcom","Ferndale","State Road","State Patrol","I-5                 ","PORTAL WAY          ","","263.460","N","N","Raining","Dark-No Street Lights","Minor Injury Collision","","Roadway Ditch","Y","N","1","N","N","N","0","0"
"EE45963","1/27/2024 4:57:00 PM","Whatcom","Ferndale","State Road","State Patrol","NB I5               ","MAIN ST             ","","262.500","N","N","Overcast","Daylight","No Injury Collision","","","Y","N","2","N","N","N","0","0"
"EE47979","1/27/2024 9:14:00 PM","Whatcom","Lynden","State Road","State Patrol","SR 546              ","NORTHWOOD RD        ","","3.000","N","Y","Raining","Dark-Street Lights On","No Injury Collision","","","N","N","2","N","N","N","0","0"
"EE47979","1/27/2024 9:14:00 PM","Whatcom","Lynden","State Road","State Patrol","SR 546              ","NORTHWOOD RD        ","","3.000","N","Y","Raining","Dark-Street Lights On","No Injury Collision","","","Y","N","2","N","N","N","0","0"
"EE47978","1/29/2024 4:27:00 PM","Whatcom","Ferndale","State Road","State Patrol","I 5                 ","PORTAL WAY          ","","263.200","N","N","Overcast","Daylight","No Injury Collision","","","Y","N","2","Y","N","N","0","0"
"EE47980","1/29/2024 5:19:00 PM","Whatcom","Ferndale","State Road","State Patrol","I-5                 ","SLATER RD           ","","259.850","N","N","Overcast","Dusk","No Injury Collision","","","Y","N","2","N","N","N","0","0"
"EE47980","1/29/2024 5:19:00 PM","Whatcom","Ferndale","State Road","State Patrol","I-5                 ","SLATER RD           ","","259.850","N","N","Overcast","Dusk","No Injury Collision","","","N","N","2","N","N","N","0","0"
"EE48818","1/29/2024 6:07:00 PM","Whatcom","Ferndale","State Road","State Patrol","I-5                 ","MAIN ST             ","","263.080","N","N","Overcast","Dusk","No Injury Collision","","","N","N","3","N","N","N","0","0"
"EE48818","1/29/2024 6:07:00 PM","Whatcom","Ferndale","State Road","State Patrol","I-5                 ","MAIN ST             ","","263.080","N","N","Overcast","Dusk","No Injury Collision","","","Y","N","3","N","N","N","0","0"
"EE55019","1/30/2024 5:27:00 PM","Whatcom","Ferndale","State Road","State Patrol","I 5                 ","PORTAL WAY          ","","263.220","N","N","Overcast","Dark-No Street Lights","Minor Injury Collision","","Bridge Rail","Y","N","7","Y","N","N","0","0"
"EE47981","1/30/2024 5:44:00 PM","Whatcom","Bellingham","State Road","State Patrol","I 5                 ","IOWA ST             ","","253.720","N","N","Clear","Dusk","No Injury Collision","","","Y","N","2","Y","N","N","0","0"
"EE49227","1/31/2024 9:01:00 PM","Whatcom","Bellingham","State Road","State Patrol","I-5                 ","BAKERVIEW RD        ","","257.300","N","N","Overcast","Dark-Street Lights On","No Injury Collision","","Guardrail","Y","N","3","Y","N","N","0","0"
"EE48821","2/2/2024 3:48:00 PM","Whatcom","Bellingham","State Road","State Patrol","I-5                 ","MERIDIAN ST         ","","256.210","N","N","Clear","Daylight","No Injury Collision","","","N","Y","2","N","N","N","0","0"
"EE48821","2/2/2024 3:48:00 PM","Whatcom","Bellingham","State Road","State Patrol","I-5                 ","MERIDIAN ST         ","","256.210","N","N","Clear","Daylight","No Injury Collision","","","Y","Y","2","N","N","N","0","0"
"EE56678","2/2/2024 5:55:00 PM","Whatcom","Bellingham","State Road","State Patrol","I 5                 ","NORTHWEST           ","","257.000","N","N","Clear","Dark-Street Lights On","No Injury Collision","","","Y","N","1","N","N","N","0","0"
"EE54691","2/3/2024 2:49:00 PM","Whatcom","Lynden","State Road","State Patrol","SR 539              ","E BARTLETT RD       ","","8.050","N","N","Overcast","Daylight","No Injury Collision","","cable barrier","Y","N","1","N","N","N","0","0"
"EE48811","2/4/2024 12:18:00 AM","Whatcom","Sumas","State Road","State Patrol","SR 9                ","E BADGER RD         ","","95.090","N","N","Overcast","Dark-No Street Lights","Minor Injury Collision","","Tree or Stump","Y","N","1","N","N","N","0","0"
"EE49865","2/4/2024 1:00:00 PM","Whatcom","Sedro-Woolley","State Road","State Patrol","SR 9                ","DORAN RD            ","","69.400","N","N","Clear","Daylight","No Injury Collision","","dirt embankment","Y","N","1","N","N","N","0","0"
"EE48819","2/4/2024 7:49:00 PM","Whatcom","Bellingham","State Road","State Patrol","I-5                 ","","","248.000","N","N","Overcast","Dark-No Street Lights","Minor Injury Collision","","Guardrail","Y","N","4","Y","N","N","0","0"
"EE48819","2/4/2024 7:49:00 PM","Whatcom","Bellingham","State Road","State Patrol","I-5                 ","","","248.000","N","N","Overcast","Dark-No Street Lights","Minor Injury Collision","","Guardrail","N","N","4","Y","N","N","0","0"
"EE55017","2/4/2024 8:16:00 PM","Whatcom","Bellingham","State Road","State Patrol","I-5                 ","NORTHWEST AVE       ","","257.000","N","N","Raining","Dark-Street Lights On","No Injury Collision","","Guardrail","Y","Y","5","Y","N","N","0","0"
"EE55017","2/4/2024 8:16:00 PM","Whatcom","Bellingham","State Road","State Patrol","I-5                 ","NORTHWEST AVE       ","","257.000","N","N","Raining","Dark-Street Lights On","No Injury Collision","","Guardrail","N","Y","5","Y","N","N","0","0"
"EE48820","2/6/2024 6:38:00 PM","Whatcom","Bellingham","State Road","State Patrol","I 5                 ","OHIO ST             ","","253.720","N","N","Clear","Dark-Street Lights On","No Injury Collision","","deer","Y","N","1","N","N","N","0","0"
"EE48822","2/7/2024 5:54:00 PM","Whatcom","Bellingham","State Road","State Patrol","N I-5               ","IOWA ST             ","","253.800","N","N","Clear","Dusk","No Injury Collision","","","Y","N","4","Y","N","N","0","0"
"EE49866","2/8/2024 8:37:00 AM","Whatcom","Bellingham","State Road","State Patrol","SR 542              ","DEMING RD           ","","10.400","N","Y","Overcast","Daylight","No Injury Collision","","","N","N","2","N","Y","N","0","0"
"EE49866","2/8/2024 8:37:00 AM","Whatcom","Bellingham","State Road","State Patrol","SR 542              ","DEMING RD           ","","10.400","N","Y","Overcast","Daylight","No Injury Collision","","","Y","N","2","N","Y","N","0","0"
"EE49864","2/8/2024 3:27:00 PM","Whatcom","Bellingham","State Road","State Patrol","I 5                 ","SR 539              ","","256.480","N","N","Overcast","Daylight","Minor Injury Collision","","","Y","N","2","N","N","N","0","0"
"EE50983","2/8/2024 7:42:00 PM","Whatcom","Bellingham","State Road","State Patrol","I-5                 ","N LAKE SAMISH       ","","246.800","N","N","Raining","Dark-No Street Lights","No Injury Collision","","Roadway Ditch","Y","N","1","N","N","N","0","0"
"EE55015","2/10/2024 9:31:00 AM","Whatcom","Bellingham","State Road","State Patrol","STATE ROUTE 542     ","GLACIER CREEK RD    ","","33.000","N","N","Clear","Daylight","No Injury Collision","","Deer","Y","N","1","Y","N","N","0","0"
"EE49867","2/10/2024 11:45:00 AM","Whatcom","Bellingham","State Road","State Patrol","SR 542              ","Y ROAD              ","","6.060","N","Y","Overcast","Daylight","No Injury Collision","","","Y","N","2","Y","N","N","0","0"
"EE51848","2/10/2024 10:21:00 PM","Whatcom","Blaine","State Road","State Patrol","I5                  ","PEACE PORTAL        ","","274.100","N","N","Raining","Dark-Street Lights On","Minor Injury Collision","","Earth median","Y","N","1","N","N","N","0","0"
"EE55020","2/12/2024 7:29:00 AM","Whatcom","Nooksack","State Road","State Patrol","SR 9                ","POTTER RD           ","","77.780","N","N","Overcast","Daylight","Minor Injury Collision","","Utility Pole wire","Y","N","1","N","N","N","0","0"
"EE55018","2/12/2024 5:46:00 PM","Whatcom","Bellingham","State Road","State Patrol","SR 542              ","EVERSON-GOSHEN RD   ","","4.480","N","N","Overcast","Dusk","No Injury Collision","","","Y","N","2","N","N","N","0","0"
"EE55022","2/13/2024 7:54:00 AM","Whatcom","Blaine","State Road","State Patrol","I 5                 ","SR 543              ","","275.250","N","N","Overcast","Daylight","Serious Injury Collision","","Guardrail","Y","N","1","N","N","N","0","0"
"EE52288","2/13/2024 10:23:00 AM","Whatcom","Sedro-Woolley","State Road","State Patrol","SR 9                ","NP RD               ","","67.020","N","N","Clear","Daylight","No Injury Collision","","Roadway Ditch","N","Y","2","Y","Y","N","0","0"
"EE52288","2/13/2024 10:23:00 AM","Whatcom","Sedro-Woolley","State Road","State Patrol","SR 9                ","NP RD               ","","67.020","N","N","Clear","Daylight","No Injury Collision","","Roadway Ditch","Y","Y","2","Y","Y","N","0","0"
"EE51040","2/13/2024 10:56:00 AM","Whatcom","Lynden","State Road","State Patrol","SB SR539            ","E KELLY RD          ","","4.500","N","Y","Clear","Daylight","No Injury Collision","","","Y","Y","2","N","Y","N","0","0"
"EE51040","2/13/2024 10:56:00 AM","Whatcom","Lynden","State Road","State Patrol","SB SR539            ","E KELLY RD          ","","4.500","N","Y","Clear","Daylight","No Injury Collision","","","N","Y","2","N","Y","N","0","0"
"EE55023","2/13/2024 4:44:00 PM","Whatcom","Ferndale","State Road","State Patrol","SR 548              ","OLSON RD            ","","1.930","N","Y","Clear","Dusk","Minor Injury Collision","","","Y","N","2","N","N","N","0","0"
"EE55021","2/13/2024 6:40:00 PM","Whatcom","Sumas","State Road","State Patrol","SR 547              ","PEACEFUL VALLEY     ","","1.800","N","Y","Overcast","Dark-Street Lights On","Minor Injury Collision","","","Y","Y","2","N","N","N","0","0"
"EE55016","2/14/2024 4:56:00 PM","Whatcom","Bellingham","State Road","State Patrol","I 5                 ","SAMISH              ","","252.300","N","N","Overcast","Daylight","No Injury Collision","","","Y","N","2","Y","Y","N","0","0"
"EE57139","2/15/2024 5:50:00 PM","Whatcom","Bellingham","State Road","State Patrol","SR 544              ","SR 539              ","","0.200","N","N","Clear","Dark-No Street Lights","No Injury Collision","","","Y","N","2","Y","N","N","0","0"
"EE53442","2/16/2024 4:54:00 PM","Whatcom","Bellingham","State Road","State Patrol","I5                  ","LAKEWAY DR          ","","253.500","N","N","Clear","Daylight","Minor Injury Collision","","none","Y","N","2","Y","N","N","0","0"
"EE57655","2/16/2024 6:16:00 PM","Whatcom","Lynden","State Road","State Patrol","SR 546              ","NORTHWOOD RD        ","","3.800","N","N","Clear","Dark-No Street Lights","No Injury Collision","","","Y","Y","2","N","N","N","0","0"
"EE52577","2/18/2024 2:19:00 PM","Whatcom","Blaine","State Road","State Patrol","INTERSTATE 5        ","BIRCH BAY LYNDEN RD ","","270.000","N","Y","Clear","Daylight","No Injury Collision","","","N","N","2","Y","N","N","0","0"
"EE52577","2/18/2024 2:19:00 PM","Whatcom","Blaine","State Road","State Patrol","INTERSTATE 5        ","BIRCH BAY LYNDEN RD ","","270.000","N","Y","Clear","Daylight","No Injury Collision","","","Y","N","2","Y","N","N","0","0"
"EE53856","2/19/2024 6:01:00 AM","Whatcom","Bellingham","State Road","State Patrol","INTERSTATE 5        ","NORTH LAKE SAMISH   ","","247.500","N","N","Clear","Dark-No Street Lights","No Injury Collision","","","N","N","2","N","Y","N","0","0"
"EE53856","2/19/2024 6:01:00 AM","Whatcom","Bellingham","State Road","State Patrol","INTERSTATE 5        ","NORTH LAKE SAMISH   ","","247.500","N","N","Clear","Dark-No Street Lights","No Injury Collision","","","Y","N","2","N","Y","N","0","0"
"EE55025","2/19/2024 5:31:00 PM","Whatcom","Bellingham","State Road","State Patrol","I 5                 ","NULLE RD            ","","244.000","N","N","Raining","Dark-No Street Lights","No Injury Collision","","","Y","N","2","N","N","N","0","0"
"EE55026","2/19/2024 5:31:00 PM","Whatcom","Bellingham","State Road","State Patrol","I 5                 ","NULLE RD            ","","244.000","N","N","Raining","Dark-No Street Lights","No Injury Collision","","","Y","N","2","N","N","N","0","0"
"EE54478","2/21/2024 10:40:00 AM","Whatcom","Bellingham","State Road","State Patrol","STATE ROUTE 542     ","BELL CREEK ROAD     ","","19.000","N","N","Raining","Daylight","Minor Injury Collision","","TREE","Y","N","1","N","N","N","0","0"
"EE55874","2/23/2024 3:45:00 PM","Whatcom","Bellingham","State Road","State Patrol","I 5                 ","SR 539              ","","256.000","N","N","Clear","Daylight","No Injury Collision","","","Y","Y","2","N","N","N","0","0"
"EE55024","2/24/2024 1:01:00 PM","Whatcom","Bellingham","State Road","State Patrol","I 5                 ","SR 539              ","","256.000","N","N","Raining","Daylight","Minor Injury Collision","","","Y","N","2","Y","N","N","0","0"
"EE55873","2/24/2024 1:50:00 PM","Whatcom","Bellingham","State Road","State Patrol","I 5                 ","SR 539              ","","256.000","N","N","Raining","Daylight","No Injury Collision","","","Y","N","3","Y","N","N","0","0"
"EE55872","2/25/2024 7:45:00 AM","Whatcom","Bellingham","State Road","State Patrol","SR 542              ","NFD ROAD 3075       ","","53.600","N","N","Snowing","Dawn","No Injury Collision","","Ditch","Y","N","1","Y","N","N","0","0"
"EE55027","2/26/2024 4:30:00 PM","Whatcom","Bellingham","State Road","State Patrol","SR-542              ","SILVERLAKE RD       ","","26.000","N","N","Clear","Daylight","No Injury Collision","","","N","Y","2","N","N","N","0","0"
"EE55027","2/26/2024 4:30:00 PM","Whatcom","Bellingham","State Road","State Patrol","SR-542              ","SILVERLAKE RD       ","","26.000","N","N","Clear","Daylight","No Injury Collision","","","Y","Y","2","N","N","N","0","0"
"EE55028","2/27/2024 5:23:00 PM","Whatcom","Bellingham","State Road","State Patrol","I-5                 ","STATE ST            ","","254.000","N","N","Raining","Daylight","No Injury Collision","","","Y","N","2","N","N","N","0","0"
"EE63473","2/28/2024 3:00:00 PM","Whatcom","Bellingham","State Road","State Patrol","SR 542              ","WHITE SALMON RD     ","","50.960","N","N","Snowing","Dusk","No Injury Collision","","Tree or Stump","Y","N","1","N","N","N","0","0"
"EE57889","2/28/2024 5:01:00 PM","Whatcom","Everson","State Road","State Patrol","SR 544              ","HANNEGAN RD         ","","1.970","N","Y","Raining","Daylight","No Injury Collision","","","Y","Y","2","N","N","N","0","0"
"EE55871","2/29/2024 1:05:00 PM","Whatcom","Bellingham","State Road","State Patrol","I 5                 ","SUNSET DR           ","","254.800","N","N","Raining","Daylight","Minor Injury Collision","","","Y","N","2","Y","N","N","0","0"
"EE57141","2/29/2024 2:12:00 PM","Whatcom","Bellingham","State Road","State Patrol","I 5                 ","NULLE ROAD          ","","244.000","N","N","Overcast","Daylight","No Injury Collision","","","Y","Y","2","N","N","N","0","0"
"EE57141","2/29/2024 2:12:00 PM","Whatcom","Bellingham","State Road","State Patrol","I 5                 ","NULLE ROAD          ","","244.000","N","N","Overcast","Daylight","No Injury Collision","","","N","Y","2","N","N","N","0","0"
"EE57140","3/1/2024 7:28:00 PM","Whatcom","Lynden","State Road","State Patrol","SR546               ","NORTHWOOD RD        ","","3.530","N","N","Overcast","Dark-Street Lights On","No Injury Collision","","","Y","Y","2","N","N","N","0","0"
"EE59255","3/1/2024 9:33:00 PM","Whatcom","Nooksack","State Road","State Patrol","SR 9                ","HUGHES RD           ","","89.870","N","N","Overcast","Dark-No Street Lights","No Injury Collision","","Fence, utiility pole","Y","N","1","N","N","N","0","0"
"EE57519","3/2/2024 11:45:00 AM","Whatcom","Bellingham","State Road","State Patrol","I 5                 ","IOWA ST             ","","254.000","N","N","Overcast","Daylight","No Injury Collision","","","Y","N","2","N","N","N","0","0"
"EE55875","3/2/2024 12:50:00 PM","Whatcom","Bellingham","State Road","State Patrol","I 5                 ","SAMISH WAY          ","","246.500","N","N","Snowing","Daylight","No Injury Collision","","ditch","Y","N","1","N","N","N","0","0"
"EE57145","3/2/2024 7:26:00 PM","Whatcom","Everson","State Road","State Patrol","SR 9                ","SR 546              ","","7.980","N","Y","Clear","Dark-No Street Lights","Minor Injury Collision","","","Y","Y","2","Y","N","N","0","0"
"EE57835","3/3/2024 3:09:00 AM","Whatcom","Sumas","State Road","State Patrol","SR 546              ","NOOKSACK RD         ","","7.680","N","N","Overcast","Dark-No Street Lights","Unknown Injury Collision","","pole","Y","Y","1","N","N","N","0","0"
"EE57520","3/3/2024 4:20:00 AM","Whatcom","Bellingham","State Road","State Patrol","I 5                 ","NULLE RD            ","","244.000","N","N","Overcast","Dark-No Street Lights","No Injury Collision","","Ditch","Y","N","1","N","N","N","0","0"
"EE63019","3/3/2024 10:28:00 PM","Whatcom","Blaine","State Road","State Patrol","I 5                 ","D STREET            ","","276.000","N","N","Sleet or Hail or Freezing Rain","Dark-Street Lights On","No Injury Collision","","Earth Bank or Ledge","Y","N","1","Y","N","N","0","0"
"EE63023","3/4/2024 12:45:00 AM","Whatcom","Bellingham","State Road","State Patrol","I 5                 ","NULLE ROAD          ","","243.000","N","N","Overcast","Dark-No Street Lights","No Injury Collision","","Earth Bank or Ledge","Y","N","1","N","N","N","0","0"
"EE56954","3/4/2024 9:50:00 AM","Whatcom","Bellingham","State Road","State Patrol","INTERSTATE 5        ","NORTH LAKE SAMISH   ","","245.900","N","N","Snowing","Daylight","No Injury Collision","","Tree or Stump","Y","N","1","Y","N","N","0","0"
"EE61073","3/4/2024 11:50:00 AM","Whatcom","Bellingham","State Road","State Patrol","I5                  ","SUNSET DR           ","","255.100","N","N","Overcast","Daylight","No Injury Collision","","Culvert","Y","N","1","N","N","N","0","0"
"EE61072","3/4/2024 2:24:00 PM","Whatcom","Sumas","State Road","State Patrol","STATE ROUTE 9       ","STATE ROUTE 546     ","","93.700","N","N","Clear","Daylight","Unknown Injury Collision","","Wood Sign Post","N","Y","1","N","N","N","0","0"
"EE57147","3/4/2024 2:59:00 PM","Whatcom","Ferndale","State Road","State Patrol","NB I5               ","P[ORTAL WAY         ","","263.100","N","N","Overcast","Daylight","No Injury Collision","","JERSEY BARRIER","Y","N","1","N","N","N","0","0"
"EE56956","3/5/2024 7:29:00 AM","Whatcom","Ferndale","State Road","State Patrol","INTERSTATE 5        ","MAIN STREET         ","","262.600","N","Y","Clear","Daylight","No Injury Collision","","","Y","N","2","N","N","N","0","0"
"EE56958","3/5/2024 9:27:00 AM","Whatcom","Bellingham","State Road","State Patrol","INTERSTATE 5        ","SUNSET DRVE         ","","255.500","N","N","Clear","Daylight","No Injury Collision","","","N","N","2","N","N","N","0","0"
"EE56958","3/5/2024 9:27:00 AM","Whatcom","Bellingham","State Road","State Patrol","INTERSTATE 5        ","SUNSET DRVE         ","","255.500","N","N","Clear","Daylight","No Injury Collision","","","Y","N","2","N","N","N","0","0"
"EE56957","3/5/2024 9:28:00 AM","Whatcom","Bellingham","State Road","State Patrol","I5                  ","SUNSET DR           ","","255.600","N","N","Clear","Daylight","No Injury Collision","","","Y","N","2","Y","N","N","0","0"
"EE56959","3/6/2024 9:55:00 AM","Whatcom","Lynden","State Road","State Patrol","STATE ROUTE 539     ","RIVER ROAD          ","","9.700","N","Y","Clear","Unknown","Unknown Injury Collision","","BUSHES","Y","Y","1","N","N","N","0","0"
"EE56959","3/6/2024 9:55:00 AM","Whatcom","Lynden","State Road","State Patrol","STATE ROUTE 539     ","RIVER ROAD          ","","9.700","N","Y","Clear","Unknown","Unknown Injury Collision","","BUSHES","N","Y","1","N","N","N","0","0"
"EE63022","3/7/2024 12:56:00 PM","Whatcom","Bellingham","State Road","State Patrol","STATE ROUTE 11      ","LARRABEE STATE PARK ","","13.000","N","N","Clear","Daylight","No Injury Collision","","Over Embankment","Y","N","1","N","N","N","0","0"
"EE57890","3/7/2024 6:29:00 PM","Whatcom","Bellingham","State Road","State Patrol","SR 542              ","BELLS CREEK RD      ","","17.400","N","N","Clear","Dark-No Street Lights","No Injury Collision","","","Y","N","2","N","N","N","0","0"
"EE58514","3/8/2024 2:15:00 PM","Whatcom","Bellingham","State Road","State Patrol","SR 539              ","SMITH RD            ","","3.900","N","N","Raining","Daylight","No Injury Collision","","","Y","N","2","Y","N","N","0","0"
"EE63021","3/8/2024 3:16:00 PM","Whatcom","Bellingham","State Road","State Patrol","I 5                 ","OHIO ST             ","","254.000","N","N","Overcast","Daylight","Minor Injury Collision","","","Y","N","3","Y","N","N","0","0"
"EE57888","3/8/2024 4:54:00 PM","Whatcom","Bellingham","State Road","State Patrol","I 5                 ","GUIDE MERIDIAN      ","","256.000","N","N","Raining","Daylight","No Injury Collision","","","Y","N","2","Y","N","N","0","0"
"EE63030","3/10/2024 1:25:00 PM","Whatcom","Bellingham","State Road","State Patrol","SR-542              ","BELLS CREEK RD      ","","19.000","N","N","Raining","Daylight","No Injury Collision","","PHONE BOX AND MAIL BOX","N","N","1","N","N","N","0","0"
"EE63030","3/10/2024 1:25:00 PM","Whatcom","Bellingham","State Road","State Patrol","SR-542              ","BELLS CREEK RD      ","","19.000","N","N","Raining","Daylight","No Injury Collision","","PHONE BOX AND MAIL BOX","Y","N","1","N","N","N","0","0"
"EE63029","3/10/2024 4:21:00 PM","Whatcom","Bellingham","State Road","State Patrol","SR 542              ","SMITH RD            ","","8.960","N","N","Overcast","Daylight","No Injury Collision","","none","N","Y","2","N","N","N","0","0"
"EE58515","3/10/2024 4:25:00 PM","Whatcom","Bellingham","State Road","State Patrol","SR 542              ","SMITH RD            ","","8.900","N","N","Raining","Daylight","No Injury Collision","","","Y","N","2","N","N","N","0","0"
"EE61207","3/11/2024 1:26:00 PM","Whatcom","Bellingham","State Road","State Patrol","I 5                 ","E SUNSET DR         ","","254.430","N","N","Raining","Daylight","No Injury Collision","","Concrete/Jersey Barrier","N","N","3","N","N","N","0","0"
"EE61207","3/11/2024 1:26:00 PM","Whatcom","Bellingham","State Road","State Patrol","I 5                 ","E SUNSET DR         ","","254.430","N","N","Raining","Daylight","No Injury Collision","","Concrete/Jersey Barrier","Y","N","3","N","N","N","0","0"
"EE58516","3/11/2024 3:55:00 PM","Whatcom","Lynden","State Road","State Patrol","SR 546              ","BENSON RD           ","","1.000","N","Y","Raining","Daylight","No Injury Collision","","","Y","N","2","N","N","N","0","0"
"EE58849","3/11/2024 7:02:00 PM","Whatcom","Ferndale","State Road","State Patrol","INTERSTATE 5        ","PORTAL WAY          ","","263.500","N","N","Overcast","Dark-Street Lights On","No Injury Collision","","CABLE BARRIER","Y","N","1","Y","N","N","0","0"
"EE64009","3/13/2024 8:43:00 AM","Whatcom","Lynden","State Road","State Patrol","SR 546              ","VINUP RD            ","","2.530","N","Y","Clear","Daylight","Minor Injury Collision","","","Y","N","2","N","N","N","0","0"
"EE58846","3/13/2024 5:02:00 PM","Whatcom","Bellingham","State Road","State Patrol","I 5                 ","MERIDIAN ST         ","","256.110","N","N","Clear","Daylight","No Injury Collision","","","Y","N","2","N","N","N","0","0"
"EE58847","3/13/2024 6:01:00 PM","Whatcom","Bellingham","State Road","State Patrol","I 5                 ","SUNSET              ","","255.000","N","N","Clear","Daylight","No Injury Collision","","","Y","N","2","N","N","N","0","0"
"EE61208","3/14/2024 12:39:00 PM","Whatcom","Bellingham","State Road","State Patrol","I 5                 ","E SUNSET DR         ","","254.610","N","N","Clear","Daylight","No Injury Collision","","","Y","N","2","N","N","N","0","0"
"EE63026","3/15/2024 8:30:00 AM","Whatcom","Bellingham","State Road","State Patrol","I 5                 ","BAKERVIEW           ","","259.100","N","N","Clear","Daylight","No Injury Collision","","","Y","N","2","N","N","N","0","0"
"EE64008","3/15/2024 11:07:00 AM","Whatcom","Bellingham","State Road","State Patrol","I 5                 ","IOWA                ","","253.100","N","N","Clear","Daylight","No Injury Collision","","","Y","N","2","Y","N","N","0","0"
"EE65430","3/15/2024 2:07:00 PM","Whatcom","Bellingham","State Road","State Patrol","SR 542              ","NOON RD             ","","3.000","N","N","Clear","Daylight","No Injury Collision","","","Y","N","3","Y","N","N","0","0"
"EE61353","3/15/2024 3:27:00 PM","Whatcom","Bellingham","State Road","State Patrol","INTERSTATE 5        ","IOWA STREET         ","","253.800","N","N","Clear","Daylight","No Injury Collision","","","Y","N","4","N","N","N","0","0"
"EE63020","3/16/2024 1:29:00 PM","Whatcom","Sumas","State Road","State Patrol","STATE ROUTE 547     ","BALFOUR VALLEY ROAD ","","1.800","N","Y","Clear","Daylight","Serious Injury Collision","","","Y","N","2","Y","N","N","0","0"
"EE61354","3/16/2024 8:00:00 PM","Whatcom","Bellingham","State Road","State Patrol","SR 542              ","SILVER LAKE RD      ","","25.710","N","N","Overcast","Dark-No Street Lights","No Injury Collision","","","Y","Y","2","N","N","N","0","0"
"EE61354","3/16/2024 8:00:00 PM","Whatcom","Bellingham","State Road","State Patrol","SR 542              ","SILVER LAKE RD      ","","25.710","N","N","Overcast","Dark-No Street Lights","No Injury Collision","","","N","Y","2","N","N","N","0","0"
"EE63027","3/17/2024 5:02:00 AM","Whatcom","Bellingham","State Road","State Patrol","I 5                 ","SR 542              ","","255.000","N","N","Clear","Dark-Street Lights On","Minor Injury Collision","","Guardrail","Y","N","1","N","N","N","0","0"
"EE63028","3/17/2024 9:34:00 AM","Whatcom","Ferndale","State Road","State Patrol","I 5                 ","MAIN STREET         ","","261.500","N","N","Clear","Daylight","No Injury Collision","","Guardrail","Y","N","1","N","N","N","0","0"
"EE61071","3/18/2024 5:20:00 PM","Whatcom","Ferndale","State Road","State Patrol","I 5                 ","PORTAL WAY          ","","263.050","N","N","Clear","Daylight","No Injury Collision","","","Y","N","2","N","N","N","0","0"
"EE65628","3/19/2024 2:52:00 PM","Whatcom","Bellingham","State Road","State Patrol","SB I-5              ","PORTAL WAY          ","","263.000","N","N","Clear","Daylight","Minor Injury Collision","","","Y","N","2","N","N","N","0","0"
"EE61079","3/19/2024 4:48:00 PM","Whatcom","Ferndale","State Road","State Patrol","SR548               ","I5                  ","","0.100","N","N","Clear","Daylight","Minor Injury Collision","","","Y","N","3","N","N","N","0","0"
"EE61074","3/19/2024 4:55:00 PM","Whatcom","Bellingham","State Road","State Patrol","SR 539              ","LARSON RD           ","","3.000","N","N","Clear","Daylight","No Injury Collision","","","Y","N","2","Y","N","N","0","0"
"EE61181","3/19/2024 5:49:00 PM","Whatcom","Ferndale","State Road","State Patrol","I 5                 ","SLATER              ","","260.130","N","N","Clear","Daylight","No Injury Collision","","","Y","N","2","N","N","N","0","0"
"EE67734","3/20/2024 11:51:00 AM","Whatcom","Bellingham","State Road","State Patrol","SR 539              ","SMITH RD            ","","3.500","N","Y","Clear","Daylight","No Injury Collision","","","Y","N","2","Y","Y","N","0","0"
"EE65629","3/20/2024 1:38:00 PM","Whatcom","Bellingham","State Road","State Patrol","I-5                 ","NORTHWEST           ","","257.000","N","N","Clear","Daylight","No Injury Collision","","","Y","N","2","N","N","N","0","0"
"EE61081","3/21/2024 12:00:00 AM","Whatcom","Bellingham","State Road","State Patrol","NB I5               ","LAKEWAY DR          ","","253.000","N","N","Overcast","Dark-Street Lights On","Minor Injury Collision","","DOT GUARDRAIL","Y","N","1","N","N","N","0","0"
"EE63025","3/21/2024 7:57:00 AM","Whatcom","Bellingham","State Road","State Patrol","I 5                 ","SUNSET DR           ","","254.820","N","Y","Clear","Daylight","No Injury Collision","","","Y","N","2","N","N","N","0","0"