"Collision Report Number","Collision Date","County","City","Jurisdiction","Agency","Primary Trafficway","Secondary Trafficway","Block Number","Mile Post","School Zone","Intersection Related","Weather Condition","Lighting Condition","Injury Severity","Collision Type","Object Struck","Damage Threshold Met","Hit and Run","Motor Vehicles Involved","Passengers Involved","Commercial Carrier Involved","School Bus Involved","Pedestrians Involved","Pedalcyclists Involved"
"EE63031","3/21/2024 2:29:00 PM","Whatcom","Blaine","State Road","State Patrol","I 5                 ","BIRCH BAY LYNDEN    ","","270.000","N","N","Clear","Daylight","No Injury Collision","","","Y","N","1","N","N","N","0","0"
"EE61409","3/22/2024 3:35:00 AM","Whatcom","Ferndale","State Road","State Patrol","NB I5               ","GRANDVIEW RD        ","","266.000","N","N","Overcast","Dark-No Street Lights","Unknown Injury Collision","","","Y","Y","1","N","N","N","0","0"
"EE63228","3/22/2024 1:43:00 PM","Whatcom","Bellingham","State Road","State Patrol","I 5                 ","SR 542              ","","254.610","N","N","Overcast","Daylight","No Injury Collision","","","Y","Y","3","N","N","N","0","0"
"EE62869","3/22/2024 5:50:00 PM","Whatcom","Bellingham","State Road","State Patrol","I 5                 ","LAKEWAY             ","","253.300","N","N","Raining","Daylight","No Injury Collision","","","Y","N","2","N","N","N","0","0"
"EE62867","3/22/2024 7:20:00 PM","Whatcom","Blaine","State Road","State Patrol","I 5                 ","PEACE PORTAL DRIVE  ","","276.200","N","N","Overcast","Dusk","Minor Injury Collision","","","Y","N","2","N","N","N","0","0"
"EE63032","3/23/2024 9:19:00 AM","Whatcom","Nooksack","State Road","State Patrol","STATE ROUTE 9       ","NELSON ROAD         ","","76.500","N","N","Raining","Daylight","Minor Injury Collision","","Guardrail","Y","N","1","N","N","N","0","0"
"EE63033","3/23/2024 3:43:00 PM","Whatcom","Bellingham","State Road","State Patrol","I 5                 ","MERIDIAN            ","","256.000","N","N","Raining","Daylight","No Injury Collision","","","Y","N","2","N","N","N","0","0"
"EE62868","3/23/2024 6:58:00 PM","Whatcom","Bellingham","State Road","State Patrol","I 5                 ","N LAKE SAMISH RD    ","","247.300","N","N","Overcast","Dusk","No Injury Collision","","embankment","Y","N","2","Y","N","N","0","0"
"EE62870","3/23/2024 11:36:00 PM","Whatcom","Bellingham","State Road","State Patrol","INTERSTATE 5        ","NORTH LAKE SAMISH   ","","246.200","N","N","Overcast","Dark-Street Lights On","No Injury Collision","","Guardrail","Y","N","1","Y","N","N","0","0"
"EE63183","3/25/2024 6:17:00 PM","Whatcom","Bellingham","State Road","State Patrol","INTERSTATE 5        ","NORTH LAKE SAMISH   ","","245.900","N","N","Raining","Daylight","No Injury Collision","","TREE","N","N","2","N","N","N","0","0"
"EE63183","3/25/2024 6:17:00 PM","Whatcom","Bellingham","State Road","State Patrol","INTERSTATE 5        ","NORTH LAKE SAMISH   ","","245.900","N","N","Raining","Daylight","No Injury Collision","","TREE","Y","N","2","N","N","N","0","0"
"EE66711","3/26/2024 12:45:00 AM","Whatcom","Bellingham","State Road","State Patrol","I 5                 ","BAKERVIEW           ","","257.500","N","N","Overcast","Dark-Street Lights On","No Injury Collision","","Ditch, Unknown barrier","Y","N","1","N","N","N","0","0"
"EE63184","3/27/2024 9:00:00 PM","Whatcom","Everson","State Road","State Patrol","SR 9                ","OLD STONE WAY       ","","70.200","N","N","Overcast","Dark-No Street Lights","Minor Injury Collision","","Earth Bank or Ledge","Y","N","1","N","N","N","0","0"
"EE65427","3/28/2024 2:20:00 PM","Whatcom","Sumas","State Road","State Patrol","SR 547              ","FROST RD            ","4900  ","","N","N","Overcast","Daylight","Minor Injury Collision","","DITCH","Y","N","2","N","N","N","0","0"
"EE63527","3/28/2024 6:24:00 PM","Whatcom","Lynden","State Road","State Patrol","SR 539              ","TEN MILE RD         ","","6.100","N","N","Overcast","Daylight","No Injury Collision","","","Y","N","1","N","N","N","0","0"
"EE65429","3/29/2024 1:52:00 PM","Whatcom","Bellingham","State Road","State Patrol","I 5                 ","IOWA ST             ","","253.500","N","N","Clear","Daylight","Minor Injury Collision","","","Y","N","3","Y","N","N","0","0"
"EE65425","3/29/2024 2:00:00 PM","Whatcom","Bellingham","State Road","State Patrol","I-5                 ","IOWA                ","","254.000","N","N","Clear","Daylight","No Injury Collision","","","Y","Y","3","N","N","N","0","0"
"EE65426","3/29/2024 3:12:00 PM","Whatcom","Bellingham","State Road","State Patrol","I-5                 ","","","255.400","N","N","Clear","Daylight","No Injury Collision","","","Y","N","5","Y","N","N","0","0"
"EE65428","3/29/2024 4:20:00 PM","Whatcom","Bellingham","State Road","State Patrol","I 5                 ","BAKERVEIW ROAD      ","","258.200","N","N","Clear","Daylight","No Injury Collision","","","Y","N","2","N","N","N","0","0"
"EE67151","3/29/2024 4:25:00 PM","Whatcom","Bellingham","State Road","State Patrol","I 5                 ","SUNSET              ","","255.100","N","N","Clear","Daylight","No Injury Collision","","","Y","N","3","N","N","N","0","0"
"EE66710","3/31/2024 12:40:00 AM","Whatcom","Bellingham","State Road","State Patrol","SR 9                ","SAXON RD            ","","69.300","N","N","Overcast","Dark-No Street Lights","No Injury Collision","","Ditch","Y","N","1","N","N","N","0","0"
"EE65431","3/31/2024 1:12:00 PM","Whatcom","Bellingham","State Road","State Patrol","I 5                 ","SAMISH WAY          ","","251.570","N","Y","Clear","Daylight","No Injury Collision","","","Y","N","2","N","N","N","0","0"
"EE65434","4/1/2024 11:00:00 AM","Whatcom","Bellingham","State Road","State Patrol","I 5                 ","SUNSET DRIVE        ","","255.250","N","N","Clear","Daylight","Minor Injury Collision","","","Y","N","3","Y","N","N","0","0"
"EE65432","4/1/2024 12:00:00 PM","Whatcom","Bellingham","State Road","State Patrol","I 5                 ","IOWA                ","","253.500","N","N","Overcast","Daylight","No Injury Collision","","","Y","N","3","N","N","N","0","0"
"EE68917","4/1/2024 2:07:00 PM","Whatcom","Ferndale","State Road","State Patrol","I 5                 ","MAIN STREET         ","","262.570","N","Y","Clear","Daylight","No Injury Collision","","","N","N","3","N","Y","N","0","0"
"EE68917","4/1/2024 2:07:00 PM","Whatcom","Ferndale","State Road","State Patrol","I 5                 ","MAIN STREET         ","","262.570","N","Y","Clear","Daylight","No Injury Collision","","","Y","N","3","N","Y","N","0","0"
"EE64849","4/1/2024 4:50:00 PM","Whatcom","Bellingham","State Road","State Patrol","SR 539              ","BAKERVIEW RD        ","","0.400","N","Y","Clear","Daylight","No Injury Collision","","","Y","N","2","N","N","N","0","0"
"EE64850","4/1/2024 5:41:00 PM","Whatcom","Bellingham","State Road","State Patrol","SR 542              ","MARSHALL HILL RD    ","","15.300","N","N","Clear","Daylight","Minor Injury Collision","","","Y","N","3","N","N","N","0","0"
"EE69393","4/1/2024 6:15:00 PM","Whatcom","Bellingham","State Road","State Patrol","INTERSTATE 5        ","","","246.000","N","N","Clear","Daylight","No Injury Collision","","","N","Y","2","N","Y","N","0","0"
"EE69393","4/1/2024 6:15:00 PM","Whatcom","Bellingham","State Road","State Patrol","INTERSTATE 5        ","","","246.000","N","N","Clear","Daylight","No Injury Collision","","","Y","Y","2","N","Y","N","0","0"
"EE68914","4/2/2024 9:48:00 AM","Whatcom","Bellingham","State Road","State Patrol","I 5                 ","SR 542              ","","254.900","N","N","Clear","Daylight","Minor Injury Collision","","","Y","N","2","Y","N","N","0","0"
"EE65435","4/3/2024 6:26:00 AM","Whatcom","Everson","State Road","State Patrol","SR 544              ","HANNEGAN            ","","2.000","N","Y","Clear","Daylight","Minor Injury Collision","","","Y","N","2","N","N","N","0","0"
"EE68915","4/4/2024 7:25:00 AM","Whatcom","Bellingham","State Road","State Patrol","I 5                 ","SR 542              ","","255.000","N","N","Clear","Daylight","No Injury Collision","","","Y","N","2","N","N","N","0","0"
"EE66098","4/4/2024 8:30:00 PM","Whatcom","Bellingham","State Road","State Patrol","I-5                 ","MERIDIAN ST         ","","256.000","N","N","Overcast","Dark-Street Lights On","No Injury Collision","","","N","Y","2","N","N","N","0","0"
"EE68913","4/5/2024 3:33:00 PM","Whatcom","Blaine","State Road","State Patrol","SR 548              ","BIRCH BAY LYNDEN    ","","8.000","N","Y","Clear","Daylight","No Injury Collision","","","Y","N","2","N","N","N","0","0"
"EE67152","4/5/2024 10:05:00 PM","Whatcom","Bellingham","State Road","State Patrol","I 5                 ","FAIRHAVEN PKWY      ","","251.800","N","N","Overcast","Dark-Street Lights On","No Injury Collision","","","Y","Y","2","N","N","N","0","0"
"EE68916","4/6/2024 1:46:00 PM","Whatcom","Bellingham","State Road","State Patrol","I 5                 ","SAMISH WAY          ","","252.080","N","N","Overcast","Daylight","No Injury Collision","","","Y","N","2","Y","N","N","0","0"
"EE68912","4/6/2024 2:11:00 PM","Whatcom","Bellingham","State Road","State Patrol","I 5                 ","SR 539              ","","256.000","N","N","Raining","Daylight","Minor Injury Collision","","","Y","N","2","Y","N","N","0","0"
"EE66099","4/6/2024 3:45:00 PM","Whatcom","Bellingham","State Road","State Patrol","INTERSTATE 5        ","SUNSET DRIVE        ","","254.800","N","N","Overcast","Daylight","No Injury Collision","","","N","N","2","Y","Y","N","0","0"
"EE66099","4/6/2024 3:45:00 PM","Whatcom","Bellingham","State Road","State Patrol","INTERSTATE 5        ","SUNSET DRIVE        ","","254.800","N","N","Overcast","Daylight","No Injury Collision","","","Y","N","2","Y","Y","N","0","0"
"EE68341","4/6/2024 4:31:00 PM","Whatcom","Bellingham","State Road","State Patrol","INTERSTATE 5        ","OLD FAIRHAVEN PKWY  ","","250.700","N","N","Overcast","Daylight","No Injury Collision","","WHEEL/TIRE","Y","N","1","N","N","N","0","0"
"EE68343","4/6/2024 10:00:00 PM","Whatcom","Bellingham","State Road","State Patrol","SR 542              ","WHITE SALMON BASE RD","","51.980","N","N","Other","Dark-No Street Lights","Minor Injury Collision","","tree","Y","N","1","N","N","N","0","0"
"EE68920","4/7/2024 2:03:00 PM","Whatcom","Bellingham","State Road","State Patrol","SR 542              ","CORNELL CREEK RD    ","","34.100","N","N","Clear","Daylight","Minor Injury Collision","","Tree","Y","N","1","N","N","N","0","0"
"EE68923","4/8/2024 11:34:00 AM","Whatcom","Bellingham","State Road","State Patrol","SR 539              ","SMITH RD            ","5183  ","","N","N","Overcast","Daylight","Minor Injury Collision","","Mailbox/ parked vehicle","Y","N","1","Y","N","N","0","0"
"EE66476","4/8/2024 4:42:00 PM","Whatcom","Bellingham","State Road","State Patrol","SR 539              ","SMITH RD            ","","3.400","N","N","Raining","Daylight","Minor Injury Collision","","","Y","N","3","Y","N","N","0","0"
"EE66712","4/8/2024 6:15:00 PM","Whatcom","Blaine","State Road","State Patrol","I 5                 ","HUGHES AVE          ","","274.500","N","N","Raining","Daylight","Minor Injury Collision","","Cable Barrier","Y","N","2","N","N","N","0","0"
"EE68922","4/9/2024 7:30:00 AM","Whatcom","Ferndale","State Road","State Patrol","I 5                 ","GRANDVIEW           ","","266.000","N","Y","Clear","Daylight","Minor Injury Collision","","","Y","N","2","N","N","N","0","0"
"EE68921","4/9/2024 8:30:00 AM","Whatcom","Bellingham","State Road","State Patrol","I 5                 ","NORTHWEST AVENUE    ","","256.700","N","N","Clear","Daylight","No Injury Collision","","","Y","N","2","Y","N","N","0","0"
"EE68345","4/9/2024 4:15:00 PM","Whatcom","Bellingham","State Road","State Patrol","INTERSTATE 5        ","NORTH LAKE SAMISH   ","","247.200","N","N","Clear","Daylight","No Injury Collision","","","N","N","1","N","N","N","0","0"
"EE66743","4/9/2024 5:35:00 PM","Whatcom","Ferndale","State Road","State Patrol","I 5                 ","PORTAL WAY          ","","263.200","N","N","Clear","Daylight","Minor Injury Collision","","","Y","N","4","Y","N","N","0","0"
"EE67153","4/9/2024 6:00:00 PM","Whatcom","Bellingham","State Road","State Patrol","I-5                 ","SUNSET DR           ","","254.820","N","N","Clear","Daylight","No Injury Collision","","","Y","N","3","N","N","N","0","0"
"EE68342","4/11/2024 4:01:00 PM","Whatcom","Bellingham","State Road","State Patrol","INTERSTATE 5        ","E SUNSET DRIVE      ","","255.200","N","N","Raining","Daylight","No Injury Collision","","","N","N","2","N","N","N","0","0"
"EE68342","4/11/2024 4:01:00 PM","Whatcom","Bellingham","State Road","State Patrol","INTERSTATE 5        ","E SUNSET DRIVE      ","","255.200","N","N","Raining","Daylight","No Injury Collision","","","Y","N","2","N","N","N","0","0"
"EE68346","4/11/2024 4:45:00 PM","Whatcom","Ferndale","State Road","State Patrol","I5                  ","SLATER RD           ","","259.800","N","N","Raining","Daylight","No Injury Collision","","","Y","N","2","N","N","N","0","0"
"EE68344","4/11/2024 7:05:00 PM","Whatcom","Blaine","State Road","State Patrol","I-5                 ","","","276.300","N","N","Raining","Dusk","No Injury Collision","","Guardrail","Y","N","1","Y","N","N","0","0"
"EE68918","4/12/2024 7:57:00 AM","Whatcom","Bellingham","State Road","State Patrol","SR 539              ","SMITH ROAD          ","","3.510","N","N","Overcast","Daylight","No Injury Collision","","","Y","N","2","N","N","N","0","0"
"EE73312","4/12/2024 3:24:00 PM","Whatcom","Sumas","State Road","State Patrol","STATE ROUTE 542     ","RED MOUNTAIN ROAD   ","","23.900","N","N","Clear","Daylight","No Injury Collision","","Utility Pole","N","Y","1","N","N","N","0","0"
"EE73312","4/12/2024 3:24:00 PM","Whatcom","Sumas","State Road","State Patrol","STATE ROUTE 542     ","RED MOUNTAIN ROAD   ","","23.900","N","N","Clear","Daylight","No Injury Collision","","Utility Pole","Y","Y","1","N","N","N","0","0"
"EE68919","4/12/2024 3:50:00 PM","Whatcom","Bellingham","State Road","State Patrol","I 5                 ","IOWA ST             ","","253.600","N","N","Clear","Daylight","Minor Injury Collision","","","Y","N","2","Y","N","N","0","0"
"EE68924","4/12/2024 4:17:00 PM","Whatcom","Bellingham","State Road","State Patrol","I 5                 ","SUNSET DRIVE        ","","254.700","N","N","Clear","Daylight","Minor Injury Collision","","","N","N","3","Y","N","N","0","0"
"EE68924","4/12/2024 4:17:00 PM","Whatcom","Bellingham","State Road","State Patrol","I 5                 ","SUNSET DRIVE        ","","254.700","N","N","Clear","Daylight","Minor Injury Collision","","","Y","N","3","Y","N","N","0","0"
"EE68347","4/14/2024 5:17:00 PM","Whatcom","Bellingham","State Road","State Patrol","SR 542              ","GLACIER SPRINGS DR  ","","30.700","N","N","Clear","Daylight","No Injury Collision","","tree","Y","N","1","N","N","N","0","0"
"EE68348","4/14/2024 8:39:00 PM","Whatcom","Ferndale","State Road","State Patrol","I 5                 ","SR 548              ","","268.000","N","N","Clear","Dark-No Street Lights","No Injury Collision","","","Y","N","1","N","N","N","0","0"
"EE73088","4/16/2024 10:47:00 AM","Whatcom","Ferndale","State Road","State Patrol","I 5                 ","PORTAL WAY          ","","263.900","N","N","Clear","Daylight","Minor Injury Collision","","dot sign","Y","N","2","Y","Y","N","0","0"
"EE71781","4/17/2024 7:52:00 AM","Whatcom","Bellingham","State Road","State Patrol","I 5                 ","LAKEWAY DR          ","","252.800","N","N","Overcast","Daylight","Minor Injury Collision","","","N","N","4","N","N","N","0","0"
"EE71781","4/17/2024 7:52:00 AM","Whatcom","Bellingham","State Road","State Patrol","I 5                 ","LAKEWAY DR          ","","252.800","N","N","Overcast","Daylight","Minor Injury Collision","","","Y","N","4","N","N","N","0","0"
"EE71782","4/17/2024 1:20:00 PM","Whatcom","Lynden","State Road","State Patrol","SR 546              ","DEPOT RD            ","800   ","","N","N","Clear","Daylight","No Injury Collision","","","Y","N","2","N","N","N","0","0"
"EE69734","4/17/2024 5:31:00 PM","Whatcom","Ferndale","State Road","State Patrol","INTERSTATE 5        ","PORTAL WAY          ","","263.200","N","N","Clear","Daylight","No Injury Collision","","","Y","N","2","Y","N","N","0","0"
"EE69734","4/17/2024 5:31:00 PM","Whatcom","Ferndale","State Road","State Patrol","INTERSTATE 5        ","PORTAL WAY          ","","263.200","N","N","Clear","Daylight","No Injury Collision","","","N","N","2","Y","N","N","0","0"
"EE71784","4/18/2024 1:24:00 PM","Whatcom","Lynden","State Road","State Patrol","SR 539              ","LAUREL RD           ","","5.500","N","Y","Overcast","Daylight","Minor Injury Collision","","","Y","N","2","N","N","N","0","0"
"EE71525","4/18/2024 4:29:00 PM","Whatcom","Bellingham","State Road","State Patrol","INTERSTATE 5        ","IOWA STREET         ","","253.500","N","N","Clear","Daylight","No Injury Collision","","","Y","N","3","N","N","N","0","0"
"EE71525","4/18/2024 4:29:00 PM","Whatcom","Bellingham","State Road","State Patrol","INTERSTATE 5        ","IOWA STREET         ","","253.500","N","N","Clear","Daylight","No Injury Collision","","","N","N","3","N","N","N","0","0"
"EE73084","4/18/2024 4:30:00 PM","Whatcom","Bellingham","State Road","State Patrol","I 5                 ","IOWA                ","","253.600","N","N","Clear","Daylight","No Injury Collision","","","Y","Y","4","N","N","N","0","0"
"EE69738","4/18/2024 5:16:00 PM","Whatcom","Bellingham","State Road","State Patrol","I 5                 ","SUNSET DRIVE        ","","255.180","N","N","Clear","Daylight","No Injury Collision","","","Y","Y","2","N","N","N","0","0"
"EE69738","4/18/2024 5:16:00 PM","Whatcom","Bellingham","State Road","State Patrol","I 5                 ","SUNSET DRIVE        ","","255.180","N","N","Clear","Daylight","No Injury Collision","","","N","Y","2","N","N","N","0","0"
"EE71524","4/18/2024 11:04:00 PM","Whatcom","Blaine","State Road","State Patrol","STATE ROUTE 548     ","ARNIE ROAD          ","","8.200","N","N","Overcast","Dark-No Street Lights","No Injury Collision","","Earth Bank or Ledge","Y","N","1","N","N","N","0","0"
"EE71527","4/19/2024 8:04:00 AM","Whatcom","Lynden","State Road","State Patrol","STATE ROUTE 546     ","BENSON ROAD         ","","1.100","N","Y","Clear","Daylight","No Injury Collision","","","Y","N","2","Y","N","N","0","0"
"EE70716","4/19/2024 10:15:00 AM","Whatcom","Bellingham","State Road","State Patrol","SB 5                ","N LAKE SAMISH       ","","247.000","N","N","Clear","Daylight","Minor Injury Collision","","Guardrail","Y","N","1","N","N","N","0","0"
"EE71783","4/19/2024 11:01:00 AM","Whatcom","Bellingham","State Road","State Patrol","I 5                 ","N LAKE SAMISH       ","","246.290","N","N","Clear","Daylight","No Injury Collision","","","Y","N","2","Y","N","N","0","0"
"EE73087","4/19/2024 11:28:00 AM","Whatcom","Bellingham","State Road","State Patrol","STATE ROUTE 11      ","COVE ROAD           ","","14.300","N","N","Clear","Daylight","No Injury Collision","","Tree or Stump","Y","N","1","N","N","N","0","0"
"EE71526","4/19/2024 2:20:00 PM","Whatcom","Bellingham","State Road","State Patrol","I 5                 ","SUNSET DR           ","","255.900","N","N","Clear","Daylight","No Injury Collision","","","Y","N","2","N","N","N","0","0"
"EE71785","4/19/2024 2:40:00 PM","Whatcom","Nooksack","State Road","State Patrol","SR 547              ","OVERLAND TRAIL      ","","1.700","N","Y","Clear","Daylight","No Injury Collision","","","Y","N","2","N","N","N","0","0"
"EE72445","4/19/2024 3:19:00 PM","Whatcom","Concrete","State Road","State Patrol","SR 20               ","DIABLO ROAD         ","","128.700","N","N","Clear","Daylight","Serious Injury Collision","","Guardrail","Y","N","1","N","N","N","0","0"
"EE72445","4/19/2024 3:19:00 PM","Whatcom","Concrete","State Road","State Patrol","SR 20               ","DIABLO ROAD         ","","128.700","N","N","Clear","Daylight","Serious Injury Collision","","Guardrail","N","N","1","N","N","N","0","0"
"EE71528","4/20/2024 7:20:00 PM","Whatcom","Bellingham","State Road","State Patrol","I 5                 ","LAKEWAY DR          ","","253.200","N","N","Raining","Dark-Street Lights On","No Injury Collision","","Guardrail","Y","N","1","N","N","N","0","0"
"EE73313","4/22/2024 5:50:00 PM","Whatcom","Bellingham","State Road","State Patrol","I 5                 ","SR539               ","","256.100","N","N","Clear","Daylight","No Injury Collision","","","Y","Y","3","Y","N","N","0","0"
"EE73313","4/22/2024 5:50:00 PM","Whatcom","Bellingham","State Road","State Patrol","I 5                 ","SR539               ","","256.100","N","N","Clear","Daylight","No Injury Collision","","","N","Y","3","Y","N","N","0","0"
"EE71805","4/24/2024 4:53:00 PM","Whatcom","Sumas","State Road","State Patrol","SR 547              ","WHEELER RD          ","7642  ","","N","N","Raining","Daylight","No Injury Collision","","","Y","N","2","Y","N","N","0","0"
"EE73086","4/25/2024 5:17:00 AM","Whatcom","Sumas","State Road","State Patrol","SR 547              ","EAGLE ROOST DR.     ","","7.100","N","N","Raining","Dark-No Street Lights","No Injury Collision","","DEER","Y","N","1","N","N","N","0","0"
"EE73085","4/25/2024 5:47:00 AM","Whatcom","Nooksack","State Road","State Patrol","STATE ROUTE 9       ","SR 546              ","","93.000","N","N","Raining","Dark-No Street Lights","Unknown Injury Collision","","Over Embankment","Y","N","1","N","N","N","0","0"
"EE75956","4/25/2024 8:03:00 AM","Whatcom","Bellingham","State Road","State Patrol","I5                  ","SUNSET DRIVE        ","","254.260","N","N","Raining","Daylight","No Injury Collision","","Guardrail","Y","N","2","N","N","N","0","0"
"EE73089","4/25/2024 10:44:00 AM","Whatcom","Nooksack","State Road","State Patrol","SR 547              ","OREGON TRAIL        ","","1.280","N","Y","Raining","Daylight","No Injury Collision","","Tree or Stump","Y","N","2","N","N","N","0","0"
"EE73091","4/25/2024 3:02:00 PM","Whatcom","Lynden","State Road","State Patrol","SR 546              ","TRAPLINE ROAD       ","","5.050","N","N","Raining","Daylight","No Injury Collision","","Earth Bank or Ledge","Y","N","1","N","N","N","0","0"
"EE71804","4/25/2024 4:54:00 PM","Whatcom","Ferndale","State Road","State Patrol","INTERSTATE 5        ","SLATER ROAD         ","","259.800","N","N","Raining","Daylight","Minor Injury Collision","","","Y","N","2","Y","N","N","0","0"
"EE71806","4/25/2024 5:40:00 PM","Whatcom","Bellingham","State Road","State Patrol","I 5                 ","SLATER RD           ","","259.800","N","N","Raining","Daylight","No Injury Collision","","","N","N","2","N","N","N","0","0"
"EE71806","4/25/2024 5:40:00 PM","Whatcom","Bellingham","State Road","State Patrol","I 5                 ","SLATER RD           ","","259.800","N","N","Raining","Daylight","No Injury Collision","","","Y","N","2","N","N","N","0","0"
"EE73090","4/26/2024 10:02:00 AM","Whatcom","Nooksack","State Road","State Patrol","STATE ROUTE 9       ","LAWRENCE ROAD       ","","86.500","N","N","Overcast","Daylight","Minor Injury Collision","","Utility Pole","Y","N","1","N","N","N","0","0"
"EE73092","4/26/2024 10:29:00 AM","Whatcom","Bellingham","State Road","State Patrol","I 5                 ","SUNSET DR           ","","254.200","N","N","Overcast","Daylight","Minor Injury Collision","","Concrete/Jersey Barrier","Y","N","2","N","N","N","0","0"
"EE73258","4/26/2024 2:05:00 PM","Whatcom","Bellingham","State Road","State Patrol","I 5                 ","SR 542              ","","255.000","N","N","Clear","Daylight","Minor Injury Collision","","","Y","N","3","N","N","N","0","0"
"EE73083","4/27/2024 8:08:00 AM","Whatcom","Ferndale","State Road","State Patrol","I 5                 ","PORTAL WAY          ","","263.000","N","N","Raining","Daylight","Minor Injury Collision","","Pot Hole","Y","N","1","N","N","N","0","0"
"EE72468","4/28/2024 4:35:00 PM","Whatcom","Bellingham","State Road","State Patrol","I5                  ","SUNSET DR           ","","254.800","N","N","Overcast","Daylight","No Injury Collision","","","Y","N","2","Y","N","N","0","0"
"EE75401","4/29/2024 10:50:00 PM","Whatcom","Bellingham","State Road","State Patrol","SR 9                ","POTTER RD           ","","77.400","N","N","Clear","Dark-No Street Lights","No Injury Collision","","","Y","Y","2","Y","N","N","0","0"
"EE75957","4/30/2024 10:35:00 AM","Whatcom","Bellingham","State Road","State Patrol","SR 539              ","AXTON RD            ","","4.490","N","N","Overcast","Daylight","Minor Injury Collision","","Utility Pole","Y","N","2","Y","N","N","0","0"
"EE73386","4/30/2024 12:21:00 PM","Whatcom","Nooksack","State Road","State Patrol","SR 9                ","SAXON RD            ","","70.000","N","N","Clear","Daylight","No Injury Collision","","","Y","N","2","N","N","N","0","0"
"EE75961","4/30/2024 3:49:00 PM","Whatcom","Lynden","State Road","State Patrol","SR 539              ","BEARD ROAD          ","","7.000","N","N","Clear","Daylight","Minor Injury Collision","","","Y","N","2","N","N","N","0","0"
"EE75402","4/30/2024 9:14:00 PM","Whatcom","Nooksack","State Road","State Patrol","SR 9                ","TOM RD              ","","91.300","N","Y","Clear","Dark-Street Lights On","Minor Injury Collision","","Propane Tank/House","Y","N","1","N","N","N","0","0"
"EE74018","5/1/2024 3:50:00 AM","Whatcom","Ferndale","State Road","State Patrol","I-5                 ","SLATER              ","","259.850","N","N","Clear","Dark-No Street Lights","No Injury Collision","","Guardrail","Y","N","1","N","N","N","0","0"
"EE74018","5/1/2024 3:50:00 AM","Whatcom","Ferndale","State Road","State Patrol","I-5                 ","SLATER              ","","259.850","N","N","Clear","Dark-No Street Lights","No Injury Collision","","Guardrail","N","N","1","N","N","N","0","0"
"EE75962","5/1/2024 7:25:00 AM","Whatcom","Ferndale","State Road","State Patrol","SR 548              ","NORTHGATE WAY       ","","0.400","N","N","Clear","Dawn","No Injury Collision","","","Y","N","2","N","N","N","0","0"
"EE73387","5/1/2024 11:00:00 PM","Whatcom","Bellingham","State Road","State Patrol","I-5                 ","SAMISH WAY          ","","252.000","N","Y","Clear","Dark-No Street Lights","No Injury Collision","","Cable Barrier","N","N","2","N","Y","N","0","0"
"EE73387","5/1/2024 11:00:00 PM","Whatcom","Bellingham","State Road","State Patrol","I-5                 ","SAMISH WAY          ","","252.000","N","Y","Clear","Dark-No Street Lights","No Injury Collision","","Cable Barrier","Y","N","2","N","Y","N","0","0"
"EE75400","5/2/2024 3:09:00 PM","Whatcom","Bellingham","State Road","State Patrol","INTERSTATE 5        ","ALABAMA STREET      ","","255.000","N","N","Clear","Daylight","No Injury Collision","","Concrete/Jersey Barrier","Y","Y","1","N","N","N","0","0"
"EE75959","5/2/2024 3:38:00 PM","Whatcom","Bellingham","State Road","State Patrol","I 5                 ","LAKEWAY DRIVE       ","","253.000","N","N","Clear","Daylight","No Injury Collision","","","Y","N","2","N","N","N","0","0"
"EE74017","5/2/2024 5:40:00 PM","Whatcom","Bellingham","State Road","State Patrol","SR 539              ","TEN MILE RD         ","","6.010","N","Y","Clear","Daylight","No Injury Collision","","TRAFFIC SIGN","N","N","2","N","N","N","0","0"
"EE74017","5/2/2024 5:40:00 PM","Whatcom","Bellingham","State Road","State Patrol","SR 539              ","TEN MILE RD         ","","6.010","N","Y","Clear","Daylight","No Injury Collision","","TRAFFIC SIGN","Y","N","2","N","N","N","0","0"
"EE74019","5/2/2024 5:41:00 PM","Whatcom","Ferndale","State Road","State Patrol","INTERSTATE 5        ","PORTAL WAY          ","","263.200","N","N","Clear","Daylight","No Injury Collision","","","N","N","2","N","N","N","0","0"
"EE74019","5/2/2024 5:41:00 PM","Whatcom","Ferndale","State Road","State Patrol","INTERSTATE 5        ","PORTAL WAY          ","","263.200","N","N","Clear","Daylight","No Injury Collision","","","Y","N","2","N","N","N","0","0"
"EE74505","5/2/2024 5:41:00 PM","Whatcom","Ferndale","State Road","State Patrol","INTERSTATE 5        ","PORTAL WAY          ","","263.200","N","N","Clear","Daylight","No Injury Collision","","","Y","N","3","Y","N","N","0","0"
"EE74505","5/2/2024 5:41:00 PM","Whatcom","Ferndale","State Road","State Patrol","INTERSTATE 5        ","PORTAL WAY          ","","263.200","N","N","Clear","Daylight","No Injury Collision","","","N","N","3","Y","N","N","0","0"
"EE74020","5/2/2024 10:14:00 PM","Whatcom","Ferndale","State Road","State Patrol","I 5                 ","MAIN ST             ","","262.500","N","N","Clear","Dark-Street Lights On","No Injury Collision","","traffic sign","Y","N","1","N","N","N","0","0"
"EE79576","5/3/2024 7:38:00 AM","Whatcom","Nooksack","State Road","State Patrol","SR 9                ","POTTER RD           ","","77.500","N","N","Clear","Daylight","No Injury Collision","","CEMENT PLATFORM","Y","N","1","N","N","N","0","0"
"EE79576","5/3/2024 7:38:00 AM","Whatcom","Nooksack","State Road","State Patrol","SR 9                ","POTTER RD           ","","77.500","N","N","Clear","Daylight","No Injury Collision","","CEMENT PLATFORM","N","N","1","N","N","N","0","0"