"Collision Report Number","Collision Date","County","City","Jurisdiction","Agency","Primary Trafficway","Secondary Trafficway","Block Number","Mile Post","School Zone","Intersection Related","Weather Condition","Lighting Condition","Injury Severity","Collision Type","Object Struck","Damage Threshold Met","Hit and Run","Motor Vehicles Involved","Passengers Involved","Commercial Carrier Involved","School Bus Involved","Pedestrians Involved","Pedalcyclists Involved"
"EE75960","5/3/2024 1:57:00 PM","Whatcom","Bellingham","State Road","State Patrol","I 5                 ","BAKERVIEW RD        ","","257.800","N","N","Clear","Daylight","No Injury Collision","","","Y","N","2","N","N","N","0","0"
"EE74506","5/3/2024 9:20:00 PM","Whatcom","Bellingham","State Road","State Patrol","I 5                 ","SUNSET DRIVE        ","","254.700","N","N","Clear","Dark-Street Lights On","No Injury Collision","","","Y","N","2","N","N","N","0","0"
"EE74507","5/4/2024 4:35:00 PM","Whatcom","Blaine","State Road","State Patrol","SR 548              ","DRAYTON HARBOR RD   ","","10.900","N","N","Overcast","Daylight","No Injury Collision","","ditch","Y","N","1","N","N","N","0","0"
"EE79578","5/6/2024 3:51:00 PM","Whatcom","Lynden","State Road","State Patrol","SR 539              ","AXTON RD            ","","4.500","N","Y","Overcast","Daylight","Minor Injury Collision","","","Y","N","2","N","N","N","0","0"
"EE77446","5/7/2024 2:13:00 PM","Whatcom","Lynden","State Road","State Patrol","STATE ROUTE 539     ","WISER LAKE ROAD     ","","8.600","N","Y","Clear","Daylight","No Injury Collision","","","Y","N","2","Y","N","N","0","0"
"EE76591","5/8/2024 2:12:00 PM","Whatcom","Blaine","State Road","State Patrol","STATE ROUTE 543     ","H STREET            ","","0.500","N","Y","Clear","Daylight","No Injury Collision","","","Y","N","2","N","Y","N","0","0"
"EE76591","5/8/2024 2:12:00 PM","Whatcom","Blaine","State Road","State Patrol","STATE ROUTE 543     ","H STREET            ","","0.500","N","Y","Clear","Daylight","No Injury Collision","","","N","N","2","N","Y","N","0","0"
"EE77434","5/8/2024 3:00:00 PM","Whatcom","Lynden","State Road","State Patrol","STATE ROUTE 546     ","NORTHWOOD ROAD      ","","4.000","N","N","Clear","Daylight","No Injury Collision","","","N","N","2","Y","N","N","0","0"
"EE77434","5/8/2024 3:00:00 PM","Whatcom","Lynden","State Road","State Patrol","STATE ROUTE 546     ","NORTHWOOD ROAD      ","","4.000","N","N","Clear","Daylight","No Injury Collision","","","Y","N","2","Y","N","N","0","0"
"EE75570","5/9/2024 6:26:00 AM","Whatcom","Lynden","State Road","State Patrol","SR 539              ","TEN MILE RD         ","","6.200","N","N","Clear","Daylight","No Injury Collision","","CABLE BARRIER","Y","N","1","N","N","N","0","0"
"EE75955","5/9/2024 5:30:00 PM","Whatcom","Bellingham","State Road","State Patrol","I 5                 ","SUNSET DRIVE        ","","255.800","N","N","Clear","Daylight","No Injury Collision","","","Y","N","4","N","N","N","0","0"
"EE75958","5/9/2024 6:34:00 PM","Whatcom","Bellingham","State Road","State Patrol","STATE ROUTE 11      ","COVE ROAD           ","","15.160","N","N","Clear","Daylight","No Injury Collision","","Roadway Ditch","Y","N","1","N","N","N","0","0"
"EE75963","5/9/2024 11:00:00 PM","Whatcom","Ferndale","State Road","State Patrol","I 5                 ","PORTAL WAY          ","","263.000","N","N","Clear","Dark-Street Lights On","No Injury Collision","","","Y","Y","2","N","N","N","0","0"
"EE85481","5/10/2024 3:35:00 AM","Whatcom","Bellingham","State Road","State Patrol","SR 539              ","KELLY RD            ","","2.540","N","N","Clear","Dark-No Street Lights","Fatal Collision","","","N","N","1","N","N","N","1","0"
"EE85481","5/10/2024 3:35:00 AM","Whatcom","Bellingham","State Road","State Patrol","SR 539              ","KELLY RD            ","","2.540","N","N","Clear","Dark-No Street Lights","Fatal Collision","","","Y","N","1","N","N","N","1","0"
"EE78539","5/10/2024 7:42:00 AM","Whatcom","Bellingham","State Road","State Patrol","SR 9                ","STRAND RD           ","","75.220","N","N","Clear","Daylight","No Injury Collision","","Roadway Ditch","N","N","1","N","N","N","0","0"
"EE78540","5/11/2024 3:28:00 PM","Whatcom","Bellingham","State Road","State Patrol","I 5                 ","SUNSET DRIVE        ","","254.580","N","N","Clear","Daylight","No Injury Collision","","wheel","Y","N","2","N","N","N","0","0"
"EE79575","5/11/2024 10:10:00 PM","Whatcom","Ferndale","State Road","State Patrol","NB I5               ","PORTAL WAY          ","","263.000","N","N","Clear","Dark-Street Lights On","No Injury Collision","","","Y","Y","2","N","N","N","0","0"
"EE78538","5/12/2024 6:45:00 AM","Whatcom","Bellingham","State Road","State Patrol","I-5                 ","LAKEWAY DR          ","","252.000","N","N","Clear","Daylight","No Injury Collision","","Deer","Y","N","1","N","N","N","0","0"
"EE79574","5/12/2024 3:35:00 PM","Whatcom","Sumas","State Road","State Patrol","SR 547              ","CIMARRON WAY        ","","1.900","N","N","Clear","Daylight","Minor Injury Collision","","Utility Pole","Y","N","1","N","N","N","0","0"
"EE79577","5/12/2024 7:31:00 PM","Whatcom","Ferndale","State Road","State Patrol","I 5                 ","MAIN STREET         ","","262.000","N","Y","Clear","Daylight","No Injury Collision","","none","N","N","2","N","Y","N","0","0"
"EE79577","5/12/2024 7:31:00 PM","Whatcom","Ferndale","State Road","State Patrol","I 5                 ","MAIN STREET         ","","262.000","N","Y","Clear","Daylight","No Injury Collision","","none","Y","N","2","N","Y","N","0","0"
"EE77445","5/13/2024 7:11:00 AM","Whatcom","Ferndale","State Road","State Patrol","INTERSTATE 5        ","GRANDVIEW ROAD      ","","267.400","N","N","Overcast","Daylight","No Injury Collision","","COYOTE","Y","N","1","N","N","N","0","0"
"EE79579","5/13/2024 5:30:00 PM","Whatcom","Ferndale","State Road","State Patrol","I 5                 ","PORTAL WAY          ","","263.000","N","N","Clear","Daylight","Minor Injury Collision","","","Y","N","2","N","N","N","0","0"
"EE79580","5/14/2024 1:27:00 AM","Whatcom","Bellingham","State Road","State Patrol","I 5                 ","MERIDIAN            ","","255.770","N","N","Clear","Dark-Street Lights On","No Injury Collision","","","Y","N","2","N","Y","N","0","0"
"EE79580","5/14/2024 1:27:00 AM","Whatcom","Bellingham","State Road","State Patrol","I 5                 ","MERIDIAN            ","","255.770","N","N","Clear","Dark-Street Lights On","No Injury Collision","","","N","N","2","N","Y","N","0","0"
"EE76917","5/14/2024 9:06:00 AM","Whatcom","Ferndale","State Road","State Patrol","SR 548              ","PORTAL WAY          ","","0.290","N","Y","Overcast","Daylight","No Injury Collision","","","Y","N","2","N","N","N","0","0"
"EE77447","5/15/2024 3:29:00 PM","Whatcom","Lynden","State Road","State Patrol","STATE ROUTE 539     ","RIVER ROAD          ","","9.400","N","N","Clear","Daylight","No Injury Collision","","","Y","N","2","N","N","N","0","0"
"EE78541","5/18/2024 10:53:00 AM","Whatcom","Bellingham","State Road","State Patrol","SR 542              ","SILVER LAKE RD      ","","25.840","N","Y","Clear","Daylight","No Injury Collision","","Wood Sign Post","Y","N","2","N","N","N","0","0"
"EE79584","5/18/2024 5:40:00 PM","Whatcom","Lynden","State Road","State Patrol","SR 539              ","RIVER ROAD          ","","9.000","N","Y","Clear","Daylight","No Injury Collision","","Earth Bank or Ledge, Yeild sign","Y","N","1","N","N","N","0","0"
"EE81649","5/19/2024 12:45:00 AM","Whatcom","Bellingham","State Road","State Patrol","I 5                 ","BAKERVIEW ROAD      ","","258.500","N","N","Clear","Dark-No Street Lights","Unknown Injury Collision","","Guardrail","Y","Y","1","N","N","N","0","0"
"EE85482","5/19/2024 7:55:00 AM","Whatcom","Ferndale","State Road","State Patrol","I-5                 ","PORTAL WAY          ","","263.400","N","N","Overcast","Daylight","Serious Injury Collision","","","Y","N","1","Y","N","N","0","0"
"EE78542","5/19/2024 10:52:00 AM","Whatcom","Bellingham","State Road","State Patrol","INTERSTATE 5        ","E SUNSET DRIVE      ","","255.100","N","N","Overcast","Daylight","No Injury Collision","","","Y","N","2","Y","N","N","0","0"
"EE83813","5/19/2024 11:05:00 AM","Whatcom","Bellingham","State Road","State Patrol","I 5                 ","SUNSET DRIVE        ","","255.200","N","N","Clear","Daylight","No Injury Collision","","","Y","N","2","N","N","N","0","0"
"EE79674","5/19/2024 1:19:00 PM","Whatcom","Bellingham","State Road","State Patrol","INTERSTATE 5        ","ORCHARD DRIVE       ","","255.400","N","N","Clear","Daylight","No Injury Collision","","","Y","N","3","Y","N","N","0","0"
"EE79840","5/19/2024 1:20:00 PM","Whatcom","Lynden","State Road","State Patrol","SR 539              ","E POLE RD           ","","7.510","N","Y","Clear","Daylight","No Injury Collision","","","Y","N","2","Y","N","N","0","0"
"EE81651","5/19/2024 10:31:00 PM","Whatcom","Bellingham","State Road","State Patrol","SR 11               ","COVE RD             ","","15.010","N","N","Clear","Dark-No Street Lights","No Injury Collision","","Rock Bank or Ledge","Y","N","1","N","N","N","0","0"
"EE81653","5/20/2024 5:34:00 PM","Whatcom","Bellingham","State Road","State Patrol","I 5                 ","IOWA ST             ","","253.600","N","N","Clear","Daylight","No Injury Collision","","","Y","N","2","Y","N","N","0","0"
"EE79841","5/21/2024 8:05:00 AM","Whatcom","Bellingham","State Road","State Patrol","I 5                 ","0LD FAIRHAVEN       ","","250.100","N","N","Raining","Daylight","No Injury Collision","","Guardrail","Y","N","1","N","N","N","0","0"
"EE79672","5/21/2024 2:41:00 PM","Whatcom","Bellingham","State Road","State Patrol","INTERSTATE 5        ","IOWA STREET         ","","253.800","N","N","Raining","Daylight","No Injury Collision","","","Y","N","3","Y","N","N","0","0"
"EE79675","5/21/2024 4:00:00 PM","Whatcom","Bellingham","State Road","State Patrol","INTERSTATE 5        ","IOWA STREET         ","","253.600","N","N","Raining","Daylight","Minor Injury Collision","","","Y","N","2","N","N","N","0","0"
"EE81654","5/22/2024 4:54:00 PM","Whatcom","Ferndale","State Road","State Patrol","I 5                 ","PORTAL WAY          ","","263.300","N","N","Clear","Daylight","Minor Injury Collision","","JERSEY BARRIER","Y","N","2","N","N","N","0","0"
"EE79842","5/23/2024 10:52:00 AM","Whatcom","Ferndale","State Road","State Patrol","MAIN ST             ","I5 ON RAMP          ","","262.500","N","Y","Clear","Daylight","No Injury Collision","","","Y","N","2","N","N","N","0","0"
"EE86835","5/23/2024 2:15:00 PM","Whatcom","Bellingham","State Road","State Patrol","MERDIAN ST          ","I 5                 ","3700  ","","N","Y","Clear","Daylight","No Injury Collision","","","Y","Y","2","N","N","N","0","0"
"EE83814","5/24/2024 1:23:00 PM","Whatcom","Bellingham","State Road","State Patrol","I 5                 ","IOWA STREET         ","","253.680","N","N","Clear","Daylight","Minor Injury Collision","","","Y","N","4","Y","N","N","0","0"
"EE85886","5/25/2024 9:50:00 AM","Whatcom","Bellingham","State Road","State Patrol","I 5                 ","SAMISH WAY          ","","251.600","N","N","Raining","Daylight","No Injury Collision","","Guardrail","N","N","2","Y","N","N","0","0"
"EE85886","5/25/2024 9:50:00 AM","Whatcom","Bellingham","State Road","State Patrol","I 5                 ","SAMISH WAY          ","","251.600","N","N","Raining","Daylight","No Injury Collision","","Guardrail","Y","N","2","Y","N","N","0","0"
"EE83995","5/25/2024 12:57:00 PM","Whatcom","Bellingham","State Road","State Patrol","I 5                 ","MERIDIAN STREET     ","","256.280","N","N","Overcast","Daylight","No Injury Collision","","metal ladder","Y","N","2","N","N","N","0","0"
"EE83995","5/25/2024 12:57:00 PM","Whatcom","Bellingham","State Road","State Patrol","I 5                 ","MERIDIAN STREET     ","","256.280","N","N","Overcast","Daylight","No Injury Collision","","metal ladder","N","N","2","N","N","N","0","0"
"EE82539","5/25/2024 8:41:00 PM","Whatcom","Bellingham","State Road","State Patrol","I 5                 ","NULLE               ","","244.310","N","N","Clear","Daylight","Minor Injury Collision","","Earth Bank or Ledge","Y","N","1","Y","N","N","0","0"
"EE83996","5/26/2024 1:26:00 PM","Whatcom","Bellingham","State Road","State Patrol","I5                  ","SAMISH WAY          ","","252.100","N","N","Raining","Daylight","Minor Injury Collision","","Culvert","Y","N","1","N","N","N","0","0"
"EE83999","5/26/2024 1:55:00 PM","Whatcom","Bellingham","State Road","State Patrol","STATE ROUTE 542     ","SAND ROAD           ","","7.300","N","N","Raining","Daylight","Minor Injury Collision","","","Y","N","4","Y","N","N","0","0"
"EE84098","5/26/2024 2:20:00 PM","Whatcom","Bellingham","State Road","State Patrol","I5                  ","SAMISH WAY          ","","252.000","N","N","Raining","Daylight","No Injury Collision","","","Y","N","2","N","N","N","0","0"
"EE81650","5/26/2024 5:32:00 PM","Whatcom","Ferndale","State Road","State Patrol","I 5                 ","AXTON RD            ","","262.600","N","N","Overcast","Daylight","No Injury Collision","","Metal Sign Post","Y","N","1","N","N","N","0","0"
"EE84099","5/27/2024 11:01:00 AM","Whatcom","Ferndale","State Road","State Patrol","INTERSTATE 5        ","PORTAL WAY          ","","263.800","N","N","Clear","Daylight","No Injury Collision","","","N","N","2","N","Y","N","0","0"
"EE84099","5/27/2024 11:01:00 AM","Whatcom","Ferndale","State Road","State Patrol","INTERSTATE 5        ","PORTAL WAY          ","","263.800","N","N","Clear","Daylight","No Injury Collision","","","Y","N","2","N","Y","N","0","0"
"EE81648","5/28/2024 1:10:00 AM","Whatcom","Bellingham","State Road","State Patrol","SR 539              ","KELLY ROAD          ","","2.470","N","N","Overcast","Dark-Street Lights On","Minor Injury Collision","","","Y","N","1","N","N","N","0","1"
"EE81652","5/28/2024 3:10:00 AM","Whatcom","Sumas","State Road","State Patrol","STATE ROUTE 547     ","EAGLE ROOST DRIVE   ","","8.500","N","Y","Overcast","Dark-No Street Lights","No Injury Collision","","Earth Bank or Ledge","Y","N","1","N","N","N","0","0"
"EE84101","5/28/2024 7:50:00 AM","Whatcom","Bellingham","State Road","State Patrol","INTERSTATE 5        ","IOWA STREET         ","","253.700","N","N","Overcast","Daylight","No Injury Collision","","","Y","N","2","Y","Y","N","0","0"
"EE84102","5/28/2024 12:00:00 PM","Whatcom","Ferndale","State Road","State Patrol","INTERSTATE 5        ","PORTAL WAY          ","","263.400","N","N","Raining","Daylight","Minor Injury Collision","","","Y","N","1","N","N","N","0","0"
"EE84103","5/28/2024 1:20:00 PM","Whatcom","Bellingham","State Road","State Patrol","SR542               ","KACHINA RD          ","","24.000","N","N","Raining","Daylight","Serious Injury Collision","","Ditch","Y","N","1","N","N","N","0","0"
"EE84104","5/28/2024 2:04:00 PM","Whatcom","Bellingham","State Road","State Patrol","INTERSTATE 5        ","LAKEWAY DRIVE       ","","252.800","N","N","Raining","Daylight","No Injury Collision","","CABLE BARRIER","Y","N","1","N","N","N","0","0"
"EE84106","5/29/2024 8:20:00 AM","Whatcom","Bellingham","State Road","State Patrol","I 5                 ","SUNSET DR           ","","255.400","N","N","Raining","Daylight","No Injury Collision","","","Y","Y","3","N","N","N","0","0"
"EE84106","5/29/2024 8:20:00 AM","Whatcom","Bellingham","State Road","State Patrol","I 5                 ","SUNSET DR           ","","255.400","N","N","Raining","Daylight","No Injury Collision","","","N","Y","3","N","N","N","0","0"
"EE85338","5/29/2024 9:42:00 AM","Whatcom","Bellingham","State Road","State Patrol","I 5                 ","N LAKE SAMISH       ","","248.000","N","N","Raining","Daylight","Serious Injury Collision","","Rock Bank or Ledge","Y","N","1","N","N","N","0","0"
"EE84612","5/29/2024 4:06:00 PM","Whatcom","Bellingham","State Road","State Patrol","I 5                 ","BAKERVIEW           ","","257.990","N","N","Clear","Daylight","No Injury Collision","","cable barrier","Y","N","1","Y","N","N","0","0"
"EE84611","5/29/2024 5:50:00 PM","Whatcom","Bellingham","State Road","State Patrol","I 5                 ","SUNSET DRIVE        ","","254.260","N","N","Clear","Daylight","No Injury Collision","","Concrete/Jersey Barrier","Y","N","2","Y","N","N","0","0"
"EE84611","5/29/2024 5:50:00 PM","Whatcom","Bellingham","State Road","State Patrol","I 5                 ","SUNSET DRIVE        ","","254.260","N","N","Clear","Daylight","No Injury Collision","","Concrete/Jersey Barrier","N","N","2","Y","N","N","0","0"
"EE81655","5/29/2024 9:55:00 PM","Whatcom","Bellingham","State Road","State Patrol","SR 539              ","SMITH RD            ","","3.600","N","N","Overcast","Dark-No Street Lights","No Injury Collision","","Bear","Y","N","1","Y","N","N","0","0"
"EE82540","5/30/2024 2:30:00 AM","Whatcom","Ferndale","State Road","State Patrol","I 5                 ","PORTAL WAY          ","","263.000","N","N","Overcast","Dark-No Street Lights","No Injury Collision","","Bridge Curbing","Y","N","1","N","N","N","0","0"
"EE82541","5/30/2024 4:37:00 AM","Whatcom","Bellingham","State Road","State Patrol","I 5                 ","FAIRHAVEN PKWAY     ","","250.900","N","N","Raining","Dawn","No Injury Collision","","Deer","Y","N","1","N","N","N","0","0"
"EE85339","5/30/2024 7:50:00 AM","Whatcom","Lynden","State Road","State Patrol","SR 539              ","SR 544              ","","7.510","N","Y","Overcast","Daylight","No Injury Collision","","","Y","N","2","Y","N","N","0","0"
"EE85483","5/30/2024 1:12:00 PM","Whatcom","Lynden","State Road","State Patrol","SR 539              ","TEN MILE RD         ","","6.000","N","Y","Clear","Daylight","No Injury Collision","","","Y","N","2","N","N","N","0","0"
"EE83621","5/31/2024 1:39:00 PM","Whatcom","Concrete","State Road","State Patrol","SR20                ","MAIN ST             ","","121.500","N","N","Clear","Daylight","Serious Injury Collision","","Roadway Ditch/Rocks","Y","N","1","N","N","N","0","0"
"EE82538","5/31/2024 5:22:00 PM","Whatcom","Bellingham","State Road","State Patrol","I 5                 ","MERIDIAN STREET     ","","255.700","N","N","Clear","Daylight","No Injury Collision","","","Y","N","2","Y","N","N","0","0"
"EE85484","6/1/2024 3:34:00 PM","Whatcom","Bellingham","State Road","State Patrol","SR 539              ","HEMMI RD            ","","6.000","N","Y","Clear","Daylight","No Injury Collision","","","Y","N","2","N","N","N","0","0"
"EE91197","6/2/2024 5:24:00 AM","Whatcom","Bellingham","State Road","State Patrol","SR 542              ","Y RD                ","","6.070","N","N","Overcast","Dawn","No Injury Collision","","Earth Bank or Ledge","Y","N","1","N","N","N","0","0"
"EE84613","6/2/2024 8:23:00 PM","Whatcom","Bellingham","State Road","State Patrol","I 5                 ","FAIRHAVEN PKWY      ","","250.700","N","N","Overcast","Dusk","No Injury Collision","","Ditch","Y","N","1","N","N","N","0","0"
"EE88387","6/3/2024 7:04:00 PM","Whatcom","Ferndale","State Road","State Patrol","I 5                 ","MAIN STREET         ","","262.570","N","Y","Overcast","Daylight","Minor Injury Collision","","Earth Bank or Ledge","Y","N","1","N","N","N","0","0"
"EE86403","6/4/2024 2:31:00 PM","Whatcom","Ferndale","State Road","State Patrol","STATE ROUTE 548     ","PORTAL WAY          ","","0.300","N","Y","Clear","Daylight","No Injury Collision","","","Y","N","2","N","N","N","0","0"
"EE86403","6/4/2024 2:31:00 PM","Whatcom","Ferndale","State Road","State Patrol","STATE ROUTE 548     ","PORTAL WAY          ","","0.300","N","Y","Clear","Daylight","No Injury Collision","","","N","N","2","N","N","N","0","0"
"EE84614","6/4/2024 4:57:00 PM","Whatcom","Bellingham","State Road","State Patrol","SR 542              ","NOON ROAD           ","","3.800","N","Y","Overcast","Daylight","Minor Injury Collision","","Utility Pole","Y","N","2","Y","N","N","0","0"
"EE88389","6/4/2024 5:36:00 PM","Whatcom","Ferndale","State Road","State Patrol","I 5                 ","PORTAL WAY          ","","263.230","N","N","Clear","Daylight","No Injury Collision","","","Y","N","2","N","N","N","0","0"
"EE88389","6/4/2024 5:36:00 PM","Whatcom","Ferndale","State Road","State Patrol","I 5                 ","PORTAL WAY          ","","263.230","N","N","Clear","Daylight","No Injury Collision","","","N","N","2","N","N","N","0","0"
"EE84100","6/5/2024 11:20:00 AM","Whatcom","Ferndale","State Road","State Patrol","I 5                 ","PORTAL WAY          ","","264.150","N","N","Clear","Daylight","No Injury Collision","","","Y","Y","2","N","N","N","0","0"
"EE85491","6/5/2024 5:17:00 PM","Whatcom","Bellingham","State Road","State Patrol","STATE ROUTE 542     ","NOON ROAD           ","","3.800","N","Y","Clear","Daylight","No Injury Collision","","","Y","N","3","N","N","N","0","0"
"EE88388","6/5/2024 5:17:00 PM","Whatcom","Bellingham","State Road","State Patrol","I 5                 ","SUNSET DRIVE        ","","255.360","N","N","Clear","Daylight","Serious Injury Collision","","","Y","N","2","N","N","N","0","0"
"EE88400","6/5/2024 6:59:00 PM","Whatcom","Nooksack","State Road","State Patrol","SR 9                ","MOSQUITO LAKE ROAD  ","2480  ","","N","N","Clear","Daylight","Unknown Injury Collision","","Mailbox","Y","Y","1","N","N","N","0","0"
"EE88390","6/5/2024 8:08:00 PM","Whatcom","Ferndale","State Road","State Patrol","I 5                 ","SR 548              ","","265.000","N","N","Clear","Daylight","Unknown Injury Collision","","","Y","Y","1","N","N","N","0","0"
"EE85496","6/6/2024 3:38:00 PM","Whatcom","Bellingham","State Road","State Patrol","I 5                 ","BAKERVIEW RD        ","","259.100","N","N","Clear","Daylight","No Injury Collision","","","Y","N","1","N","N","N","0","0"
"EE88392","6/6/2024 4:52:00 PM","Whatcom","Bellingham","State Road","State Patrol","I 5                 ","SLATER RD           ","","259.060","N","N","Clear","Daylight","Minor Injury Collision","","","Y","N","3","N","N","N","0","0"
"EE85493","6/6/2024 5:15:00 PM","Whatcom","Bellingham","State Road","State Patrol","SR 542              ","SR 9                ","","10.100","N","N","Clear","Daylight","Minor Injury Collision","","","Y","N","3","Y","N","N","0","0"
"EE85497","6/7/2024 1:44:00 PM","Whatcom","Blaine","State Road","State Patrol","I-5                 ","","","274.000","N","N","Clear","Daylight","No Injury Collision","","Deer","Y","N","1","Y","N","N","0","0"
"EE85495","6/7/2024 4:16:00 PM","Whatcom","Bellingham","State Road","State Patrol","I 5                 ","IOWA STREET         ","","254.100","N","N","Clear","Daylight","No Injury Collision","","","Y","N","2","N","N","N","0","0"
"EE88391","6/7/2024 4:45:00 PM","Whatcom","Bellingham","State Road","State Patrol","I 5                 ","IOWA ST             ","","253.700","N","N","Clear","Daylight","No Injury Collision","","","Y","N","2","N","N","N","0","0"
"EE85498","6/8/2024 3:20:00 PM","Whatcom","Bellingham","State Road","State Patrol","I 5                 ","ALABAMA STREET      ","","254.200","N","N","Clear","Daylight","No Injury Collision","","","Y","N","2","N","N","N","0","0"
"EE88398","6/8/2024 7:36:00 PM","Whatcom","Nooksack","State Road","State Patrol","SR 9                ","POTTER RD           ","","77.200","N","N","Clear","Daylight","Minor Injury Collision","","Building","Y","N","1","Y","N","N","0","0"
"EE88396","6/9/2024 1:23:00 AM","Whatcom","Bellingham","State Road","State Patrol","STATE ROUTE 542     ","KELLY ROAD          ","","7.000","N","N","Clear","Dark - Unknown Lighting","Minor Injury Collision","","Over Embankment","Y","N","3","Y","N","N","0","0"
"EE88396","6/9/2024 1:23:00 AM","Whatcom","Bellingham","State Road","State Patrol","STATE ROUTE 542     ","KELLY ROAD          ","","7.000","N","N","Clear","Dark - Unknown Lighting","Minor Injury Collision","","Over Embankment","N","N","3","Y","N","N","0","0"
"EE85500","6/9/2024 1:15:00 PM","Whatcom","Lynden","State Road","State Patrol","STATE ROUTE 546     ","DEPOT ROAD          ","","1.600","N","N","Clear","Daylight","Minor Injury Collision","","","Y","N","3","Y","N","N","0","0"
"EE85501","6/10/2024 10:57:00 AM","Whatcom","Sumas","State Road","State Patrol","SR 547              ","REESE HILL RD       ","","4.910","N","N","Overcast","Daylight","No Injury Collision","","","Y","N","1","N","N","N","0","0"
"EE86834","6/11/2024 9:05:00 AM","Whatcom","Nooksack","State Road","State Patrol","SR 9                ","RUTSATZ RD.         ","","77.900","N","N","Clear","Daylight","No Injury Collision","","","Y","N","2","Y","N","N","0","0"
"EE86833","6/12/2024 9:00:00 AM","Whatcom","Blaine","State Road","State Patrol","SR 543              ","I 5                 ","","0.200","N","N","Clear","Daylight","No Injury Collision","","deer","Y","N","1","N","N","N","0","0"
"EE88397","6/13/2024 1:35:00 AM","Whatcom","Bellingham","State Road","State Patrol","I 5                 ","SUNSET DR           ","","254.700","N","N","Clear","Dark-No Street Lights","No Injury Collision","","Embankment","Y","N","2","N","N","N","0","0"
"EE87643","6/13/2024 3:52:00 PM","Whatcom","Bellingham","State Road","State Patrol","I 5                 ","SUNSET DRIVE        ","","255.500","N","N","Clear","Daylight","No Injury Collision","","","Y","N","2","Y","N","N","0","0"
"EE88629","6/13/2024 5:16:00 PM","Whatcom","Bellingham","State Road","State Patrol","STATE ROUTE 542     ","NOON ROAD           ","","3.800","N","Y","Clear","Daylight","Minor Injury Collision","","","Y","N","2","N","N","N","0","0"
"EE88393","6/14/2024 3:35:00 AM","Whatcom","Bellingham","State Road","State Patrol","SR 542              ","HANNEGAN PASS RD    ","","46.300","N","N","Overcast","Dark-No Street Lights","Minor Injury Collision","","DOT SIGN, TREES","Y","N","1","N","N","N","0","0"
"EE87644","6/14/2024 2:45:00 PM","Whatcom","Bellingham","State Road","State Patrol","I 5                 ","SUNSET              ","","254.900","N","N","Clear","Daylight","No Injury Collision","","","Y","N","2","N","N","N","0","0"
"EE88628","6/14/2024 7:14:00 PM","Whatcom","Everson","State Road","State Patrol","STATE ROUTE 544     ","NOON ROAD           ","","3.800","N","N","Clear","Daylight","No Injury Collision","","Roadway Ditch","Y","Y","2","N","N","N","0","0"
"EE88628","6/14/2024 7:14:00 PM","Whatcom","Everson","State Road","State Patrol","STATE ROUTE 544     ","NOON ROAD           ","","3.800","N","N","Clear","Daylight","No Injury Collision","","Roadway Ditch","N","Y","2","N","N","N","0","0"
"EE87645","6/15/2024 11:50:00 AM","Whatcom","Bellingham","State Road","State Patrol","I 5                 ","254                 ","","253.700","N","N","Overcast","Daylight","No Injury Collision","","","Y","N","6","N","N","N","0","0"
"EE88688","6/15/2024 1:30:00 PM","Whatcom","Bellingham","State Road","State Patrol","I 5                 ","BAKERVIEW RD        ","","257.800","N","N","Raining","Daylight","No Injury Collision","","DEER","N","N","2","N","N","N","0","0"
"EE88688","6/15/2024 1:30:00 PM","Whatcom","Bellingham","State Road","State Patrol","I 5                 ","BAKERVIEW RD        ","","257.800","N","N","Raining","Daylight","No Injury Collision","","DEER","Y","N","2","N","N","N","0","0"
"EE88394","6/15/2024 10:20:00 PM","Whatcom","Bellingham","State Road","State Patrol","I 5                 ","IOWA                ","","253.790","N","N","Clear","Dark-Street Lights On","No Injury Collision","","Guardrail","N","Y","2","N","N","N","0","0"
"EE88394","6/15/2024 10:20:00 PM","Whatcom","Bellingham","State Road","State Patrol","I 5                 ","IOWA                ","","253.790","N","N","Clear","Dark-Street Lights On","No Injury Collision","","Guardrail","Y","Y","2","N","N","N","0","0"
"EE88395","6/16/2024 1:05:00 AM","Whatcom","Lynden","State Road","State Patrol","SR 539              ","WISER LAKE ROAD     ","","8.570","N","Y","Clear","Dark-Street Lights On","Fatal Collision","","Tree or Stump","Y","N","1","N","N","N","0","0"
"EE88399","6/16/2024 6:15:00 PM","Whatcom","Bellingham","State Road","State Patrol","SR 542              ","COAL CREEK          ","","19.270","N","N","Overcast","Daylight","No Injury Collision","","deer","Y","N","1","N","N","N","0","0"
"EE87812","6/17/2024 7:55:00 AM","Whatcom","Bellingham","State Road","State Patrol","INTERSTATE 5        ","SLATER ROAD         ","","259.200","N","N","Overcast","Daylight","No Injury Collision","","","Y","N","2","N","N","N","0","0"
"EE87813","6/18/2024 5:56:00 AM","Whatcom","Bellingham","State Road","State Patrol","I5                  ","NORTHWEST AVE       ","","257.030","N","Y","Overcast","Dawn","No Injury Collision","","Guardrail","Y","N","1","N","N","N","0","0"
"EE91195","6/19/2024 7:40:00 AM","Whatcom","Bellingham","State Road","State Patrol","SR 542              ","SR 9                ","","10.400","N","N","Clear","Daylight","Unknown Injury Collision","","","Y","Y","2","N","N","N","0","0"
"EE88690","6/19/2024 11:16:00 AM","Whatcom","Bellingham","State Road","State Patrol","STATE ROUTE 539     ","SMITH ROAD          ","","3.500","N","Y","Clear","Daylight","No Injury Collision","","","Y","N","2","Y","N","N","0","0"